Method,Round,Client,Staleness,Malicious,DirectionScore,NormScore,MaxSimilarity,SimilarityScore,ConsensusVotes,InstantTrust,UpdatedTrust,UpdateNorm,PoisonRatio,AttackType,Accepted,Probation,AggregationWeight,ClipCap,EffectiveThreshold
RawTrust,1,0,0,False,0.8055307865142822,0.7408505610589599,0.9046610593795776,1.0,7.0,0.790914770734468,0.7826696792375174,2.00687837600708,0.0,none,,,,,
RawTrust,1,1,0,False,0.8446044325828552,1.0,0.7128185033798218,1.0,7.0,0.8721726069405046,0.8375521104263192,1.5805162191390991,0.0,none,,,,,
RawTrust,1,2,0,False,0.8432656228542328,0.6703208879221654,0.9046610593795776,1.0,7.0,0.8000943678496879,0.7913200359321293,2.1732754707336426,0.0,none,,,,,
RawTrust,1,4,0,False,0.8934335708618164,0.22518234681570498,0.7556198835372925,1.0,7.0,0.5963877027106336,0.5300502790464826,0.48225727677345276,0.0,none,,,,,
RawTrust,1,5,0,False,0.6556451767683029,0.11021037707380715,0.1358092874288559,1.0,7.0,0.40101161747767783,0.3732657165777994,0.27302640676498413,0.0,none,,,,,
RawTrust,1,8,0,False,0.20931434631347656,0.9178882764455442,-0.12136932462453842,1.0,7.0,0.396852856012518,0.4850127346788024,1.6921005249023438,0.0,none,,,,,
RawTrust,1,9,0,False,0.9208666682243347,0.3996322613925641,0.7556198835372925,1.0,7.0,0.6969509607945564,0.6906786905009444,0.7614408135414124,0.0,none,,,,,
RawTrust,2,0,0,False,0.8840069770812988,1.0,0.8279845714569092,1.0,7.0,0.9107851777183069,0.8146985538577148,1.5265090465545654,0.0,none,,,,,
RawTrust,2,2,0,False,0.9175273180007935,0.6703239119553456,0.8279845714569092,1.0,7.0,0.8381115684108223,0.8030179190518026,1.6361395120620728,0.0,none,,,,,
RawTrust,2,3,1,False,0.23385199904441833,0.7081574466906334,-0.21698933839797974,1.0,7.0,0.3938507418720841,0.5149738329082315,1.620637059211731,0.0,none,,,,,
RawTrust,2,4,1,False,0.758680135011673,0.0012562665036681229,0.7561544179916382,1.0,7.0,0.11493199804108292,0.42627070879513274,0.47940388321876526,0.0,none,,,,,
RawTrust,2,6,1,False,0.7561027407646179,0.018340408206819033,0.3769778609275818,1.0,7.0,0.25418579838080185,0.4981428265005792,0.7631102800369263,0.0,none,,,,,
RawTrust,2,7,1,False,0.7959859371185303,0.8157669559144617,0.5078525543212891,1.0,7.0,0.8287644556623653,0.8238919703783136,1.5813688039779663,0.0,none,,,,,
RawTrust,2,9,1,False,0.808175265789032,0.017352817647467562,0.7561544179916382,1.0,7.0,0.25312491839366147,0.5812902474741237,0.7558212876319885,0.0,none,,,,,
RawTrust,3,1,0,False,0.7146411836147308,0.9226337464766194,0.6650410890579224,1.0,9.0,0.7766052445752578,0.8223153939635538,1.7075752019882202,0.0,none,,,,,
RawTrust,3,2,2,False,0.6251217871904373,0.6703209291585328,0.4235590994358063,1.0,9.0,0.678642967511054,0.7719241811666154,2.1761720180511475,0.0,none,,,,,
RawTrust,3,3,0,False,0.44545603543519974,0.7980853898042743,0.8154558539390564,1.0,9.0,0.5818788830392386,0.5317000954409833,1.9062672853469849,0.0,none,,,,,
RawTrust,3,4,1,False,0.7263476848602295,0.17514318127223802,0.39500635862350464,1.0,9.0,0.49355051224842855,0.4430906596584567,0.42810025811195374,0.0,none,,,,,
RawTrust,3,5,0,False,0.7233442813158035,0.09868004238697511,0.39500635862350464,1.0,9.0,0.4094783137030392,0.38231886585910935,0.27696287631988525,0.0,none,,,,,
RawTrust,3,6,2,False,0.5759009569883347,0.3792958215102648,0.3600400686264038,1.0,9.0,0.5429925162140672,0.5093552489289512,0.7696014046669006,0.0,none,,,,,
RawTrust,3,7,2,False,0.7149159163236618,1.0,0.4235590994358063,1.0,9.0,0.8304309900224102,0.8255267252893378,1.6063342094421387,0.0,none,,,,,
RawTrust,3,8,1,False,0.42217788845300674,0.8826619703932576,0.8154558539390564,1.0,9.0,0.5769178230588833,0.5079890067738226,1.7659556865692139,0.0,none,,,,,
RawTrust,3,9,0,False,0.7252717018127441,0.3727284217282739,0.6650410890579224,1.0,9.0,0.5985342410835769,0.585601245876487,0.7594656944274902,0.0,none,,,,,
RawTrust,4,2,1,False,0.6218878999352455,0.835074284598619,0.4971024990081787,1.0,7.0,0.7228283231082246,0.7596502166520178,1.649368405342102,0.0,none,,,,,
RawTrust,4,3,0,False,0.4960022149607539,0.6703216030474624,0.8061989545822144,1.0,7.0,0.5858360268921385,0.5452340783037721,1.81303870677948,0.0,none,,,,,
RawTrust,4,4,0,False,0.6341470181941986,0.06933942620994628,0.4971024990081787,1.0,7.0,0.34688273028347194,0.41903867731471045,0.483771950006485,0.0,none,,,,,
RawTrust,4,5,0,False,0.7726122438907623,0.01841885959090562,0.24330425262451172,1.0,7.0,0.25661380881076884,0.3508926015970242,0.2733910083770752,0.0,none,,,,,
RawTrust,4,6,1,False,0.7064495980739594,0.1931034656819207,0.3919264078140259,1.0,7.0,0.4961817735812102,0.506061880092016,0.7518636584281921,0.0,none,,,,,
RawTrust,4,7,2,False,0.7268105149269104,1.0,0.24330425262451172,1.0,7.0,0.8380018501487069,0.82864550650418,1.5262264013290405,0.0,none,,,,,
RawTrust,4,8,2,False,0.47898460552096367,0.7284369254705968,0.8061989545822144,1.0,7.0,0.5837777749596896,0.5269361988202894,1.7492892742156982,0.0,none,,,,,
RawTrust,5,0,3,False,0.7547473609447479,0.7724062298692603,0.7368791103363037,1.0,8.0,0.7726982618587568,0.8041984808579754,1.5113059282302856,0.0,none,,,,,
RawTrust,5,2,0,False,0.8239517211914062,0.5572043331593,0.7368791103363037,1.0,8.0,0.7473538672104602,0.7565761292916284,2.3611817359924316,0.0,none,,,,,
RawTrust,5,3,3,False,0.22627902030944824,0.6679039255501551,0.5481381416320801,1.0,8.0,0.3800525758898322,0.5039387027002872,1.8433431386947632,0.0,none,,,,,
RawTrust,5,4,1,False,0.8216018080711365,0.5621746542194622,0.7904952764511108,1.0,8.0,0.7493923779782317,0.5016271024805907,0.4834851920604706,0.0,none,,,,,
RawTrust,5,5,1,False,0.6878221929073334,0.3659593900654475,0.1777237355709076,1.0,8.0,0.5901522932893615,0.4107075245201085,0.2689439058303833,0.0,none,,,,,
RawTrust,5,6,4,False,0.7344682812690735,0.7724062298692603,0.3499937057495117,1.0,8.0,0.7683304434877181,0.5716290209409416,0.7462612390518188,0.0,none,,,,,
RawTrust,5,8,0,False,0.3319990038871765,0.6727458915630302,0.5481381416320801,1.0,8.0,0.46594393302058007,0.511688132370362,1.8252408504486084,0.0,none,,,,,
RawTrust,5,9,2,False,0.8211389183998108,0.751439758683141,0.7904952764511108,1.0,8.0,0.7908484093500096,0.6369130367448677,0.7187237739562988,0.0,none,,,,,
RawTrust,6,0,0,False,0.8546903431415558,0.670321064796543,0.9077612161636353,1.0,7.0,0.7929485727928953,0.8013860038417054,2.0450801849365234,0.0,none,,,,,
RawTrust,6,1,4,False,0.6324613988399506,0.8434161693941622,0.24027977883815765,1.0,7.0,0.7068453193453681,0.7934478753090073,1.405225157737732,0.0,none,,,,,
RawTrust,6,2,0,False,0.8725373446941376,0.6034849224682142,0.9077612161636353,1.0,7.0,0.7899636541324816,0.7649230105018417,2.1914162635803223,0.0,none,,,,,
RawTrust,6,5,1,False,0.8288713693618774,0.0731822883134316,0.4118703603744507,1.0,7.0,0.4034707456583659,0.40889832980467283,0.28132906556129456,0.0,none,,,,,
RawTrust,6,6,0,False,0.790442705154419,0.3360342360311926,0.3434680700302124,1.0,7.0,0.6232365460214089,0.5845309022110584,0.7669731378555298,0.0,none,,,,,
RawTrust,6,7,4,False,0.623333252966404,1.0,0.17283844947814941,1.0,7.0,0.7701219099425958,0.814014607363784,1.5718408823013306,0.0,none,,,,,
RawTrust,6,8,1,False,0.268018513917923,0.9443593288460773,-0.03962882608175278,1.0,7.0,0.4585481389867225,0.49840313402445213,1.632178544998169,0.0,none,,,,,
RawTrust,7,0,0,False,0.7853504419326782,0.6943207502630924,0.7910183668136597,1.0,8.0,0.7649240000851333,0.7922705029025624,1.439149260520935,0.0,none,,,,,
RawTrust,7,1,0,False,0.7347782701253891,0.7460236905925582,0.5485987067222595,1.0,8.0,0.7398690312201979,0.7800531642868049,1.3461476564407349,0.0,none,,,,,
RawTrust,7,2,2,False,0.8559256196022034,0.4094864485475556,0.7910183668136597,1.0,8.0,0.6958051584063185,0.747643547477961,2.3518218994140625,0.0,none,,,,,
RawTrust,7,4,3,False,0.8657901883125305,0.44723944456295217,0.7711684703826904,1.0,8.0,0.7201502626361368,0.5562578925194772,0.48494410514831543,0.0,none,,,,,
RawTrust,7,5,0,False,0.40573887526988983,0.23812672753012853,0.11077673733234406,1.0,8.0,0.3880613710886072,0.4036890901256564,0.2698265314102173,0.0,none,,,,,
RawTrust,7,6,1,False,0.7290129363536835,0.7460236905925582,0.3742917776107788,1.0,8.0,0.7572500336410324,0.6277106850685519,0.7805106043815613,0.0,none,,,,,
RawTrust,7,8,1,False,0.24541020393371582,0.6471503697808577,0.11077673733234406,1.0,8.0,0.390027847017443,0.47130931227269984,1.536476731300354,0.0,none,,,,,
RawTrust,7,9,3,False,0.9006945788860321,0.7001749068125348,0.7711684703826904,1.0,8.0,0.8146582483534319,0.6813493396470087,0.735795795917511,0.0,none,,,,,
RawTrust,8,0,4,False,0.7503933310508728,0.6581190378949935,0.8404924869537354,1.0,10.0,0.7341175230231963,0.7777322579327208,1.871077299118042,0.0,none,,,,,
RawTrust,8,1,1,False,0.6557728052139282,0.9941666582373353,0.444864958524704,1.0,10.0,0.7575219577246775,0.774420362646273,1.361831545829773,0.0,none,,,,,
RawTrust,8,2,0,False,0.7846267819404602,0.7999775715415472,0.8404924869537354,1.0,10.0,0.8108938999836695,0.7634561356043882,1.6099306344985962,0.0,none,,,,,
RawTrust,8,3,0,False,0.3368266522884369,0.6827490243737916,0.831190288066864,1.0,10.0,0.47613158882012147,0.49698692423024576,1.8188773393630981,0.0,none,,,,,
RawTrust,8,4,1,False,0.7395664006471634,0.22817716468329083,0.444864958524704,1.0,10.0,0.5396388763533196,0.5521031384779378,0.4344777464866638,0.0,none,,,,,
RawTrust,8,5,0,False,0.5543536208570004,0.13393949499649685,0.41105443239212036,1.0,10.0,0.3876838547173019,0.39968778127356774,0.2882656157016754,0.0,none,,,,,
RawTrust,8,6,3,False,0.6335861682891846,0.4980664700276171,0.3652574121952057,1.0,10.0,0.6209955046325677,0.6260318899595558,0.7925843596458435,0.0,none,,,,,
RawTrust,8,7,1,False,0.7070450484752655,0.9941666582373353,0.37049973011016846,1.0,10.0,0.8239426264919055,0.8164966121458144,1.3496153354644775,0.0,none,,,,,
RawTrust,8,8,0,False,0.30706456303596497,0.7405838494436927,0.831190288066864,1.0,10.0,0.4594113508376429,0.4683348219139356,1.7084745168685913,0.0,none,,,,,
RawTrust,8,9,3,False,0.7102090716362,0.48996103146454417,0.49514657258987427,1.0,10.0,0.6422538628899673,0.6715754704577483,0.7826325297355652,0.0,none,,,,,
RawTrust,9,0,2,False,0.8030196726322174,0.8931071182764847,0.818044900894165,1.0,8.0,0.8350948206505829,0.7920728986121863,1.4869362115859985,0.0,none,,,,,
RawTrust,9,1,2,False,0.6185920536518097,0.790070992632878,0.44158735871315,1.0,8.0,0.6847236314625569,0.751996179850344,1.2967989444732666,0.0,none,,,,,
RawTrust,9,2,2,False,0.8091964423656464,0.7075103203272984,0.818044900894165,1.0,8.0,0.7949237709189335,0.7713230444330245,1.6292611360549927,0.0,none,,,,,
RawTrust,9,3,2,False,0.29392510652542114,0.5636730669541007,0.8600271940231323,1.0,8.0,0.41707435210718996,0.4770087811994818,1.781237006187439,0.0,none,,,,,
RawTrust,9,6,0,False,0.7853233814239502,0.20368756923783762,0.39988672733306885,1.0,8.0,0.5344107483613322,0.6031266045599999,0.761854887008667,0.0,none,,,,,
RawTrust,9,7,2,False,0.6770401298999786,0.8931071182764846,0.26563650369644165,1.0,8.0,0.779062513890015,0.8071380875818646,1.360700249671936,0.0,none,,,,,
RawTrust,9,8,1,False,0.2914130985736847,0.6350879152315799,0.8600271940231323,1.0,8.0,0.42626851700174956,0.4578182456858891,1.6997824907302856,0.0,none,,,,,
RawTrust,9,9,4,False,0.7456880360841751,0.2188373122899524,0.5328137874603271,1.0,8.0,0.5180106666148357,0.6331842694970202,0.783606231212616,0.0,none,,,,,
RawTrust,10,0,0,False,0.6884818822145462,0.6703211766312753,0.41679203510284424,1.0,9.0,0.7040298757377146,0.7700621428935683,1.6764881610870361,0.0,none,,,,,
RawTrust,10,1,3,False,0.7204848229885101,1.0,0.5441128015518188,1.0,9.0,0.7991655542180891,0.7637885234422802,1.3225287199020386,0.0,none,,,,,
RawTrust,10,3,4,False,0.3942745104432106,0.6951383271416937,0.706798791885376,1.0,9.0,0.5220183603389597,0.48826117598435126,1.640739917755127,0.0,none,,,,,
RawTrust,10,4,0,False,0.8088863790035248,0.16220156910984942,0.6970392465591431,1.0,9.0,0.5117275317278778,0.5420092367904228,0.4498351812362671,0.0,none,,,,,
RawTrust,10,5,0,False,0.6900827586650848,0.06888624403679257,0.31292372941970825,1.0,9.0,0.3582265151259785,0.3893224647366704,0.2707345485687256,0.0,none,,,,,
RawTrust,10,6,2,False,0.630123645067215,0.39228255228697306,0.37520116567611694,1.0,9.0,0.5763323680440793,0.5964280454310198,0.7593699097633362,0.0,none,,,,,
RawTrust,10,7,6,False,0.728586807847023,0.8815529455739418,0.41679203510284424,1.0,9.0,0.8079836146705717,0.8073494693540413,1.425170660018921,0.0,none,,,,,
RawTrust,10,8,0,False,0.32854971289634705,0.6752776168239691,0.706798791885376,1.0,9.0,0.46379752054045953,0.4593130643995317,1.6691815853118896,0.0,none,,,,,
RawTrust,10,9,2,False,0.8098820745944977,0.29104223234221477,0.6970392465591431,1.0,9.0,0.5904928333516148,0.6225114104606688,0.6361933946609497,0.0,none,,,,,
AgriTrust-ACFL,1,0,0,False,0.7118769139051437,0.6518021065425386,0.8040083646774292,1.0,7.0,0.7110870198211107,0.7025689127103724,1.3217952251434326,0.0,none,True,False,5186.3637136279685,1.959047019481659,0.5691639251338593
AgriTrust-ACFL,1,1,0,False,0.7289343178272247,0.7944917751514738,0.48758161067962646,1.0,7.0,0.7506690950435144,0.7362750980813986,1.0378786325454712,0.0,none,True,False,14893.37268399053,1.959047019481659,0.5691639251338593
AgriTrust-ACFL,1,2,0,False,0.780993789434433,0.6703205947996332,0.8040083646774292,1.0,7.0,0.767038048997485,0.7681902190223242,1.2773276567459106,0.0,none,True,False,9449.50788419361,1.959047019481659,0.5691639251338593
AgriTrust-ACFL,1,4,0,False,0.8083064556121826,0.6063055000885375,0.42103689908981323,1.0,7.0,0.7597284834461148,0.710643379333176,0.4252658486366272,0.0,none,True,False,547.1954020865455,1.959047019481659,0.5691639251338593
AgriTrust-ACFL,1,5,0,False,0.6157387048006058,0.4359341008808746,0.35624098777770996,1.0,7.0,0.5852165932529334,0.5570740508143943,0.2842196226119995,0.0,none,False,False,0.0,1.959047019481659,0.5691639251338593
AgriTrust-ACFL,1,8,0,False,0.26630017161369324,1.0,0.1644008606672287,1.0,7.0,0.46484419417717826,0.5391172935957914,0.7836188077926636,0.0,none,False,False,0.0,1.959047019481659,0.5691639251338593
AgriTrust-ACFL,1,9,0,False,0.8390293121337891,0.8764728570118353,0.48758161067962646,1.0,7.0,0.8380980097666862,0.8162900748177674,0.6670514941215515,0.0,none,True,False,886.4910212520954,1.959047019481659,0.5691639251338593
AgriTrust-ACFL,2,0,0,False,0.7986737787723541,0.6703211994261454,0.5207526683807373,1.0,7.0,0.7639296986712528,0.7179091092005925,1.0783244371414185,0.0,none,True,False,5299.605044118774,2.1366314589977264,0.5967838852223768
AgriTrust-ACFL,2,2,0,False,0.8353872001171112,1.0,0.5207526683807373,1.0,7.0,0.8974582802558627,0.8005072343307088,0.8546525835990906,0.0,none,True,False,9847.039489502049,2.1366314589977264,0.5967838852223768
AgriTrust-ACFL,2,3,1,False,0.44373661279678345,0.9527801426211991,0.0342048779129982,1.0,7.0,0.6123388673650371,0.5955772721705562,0.8790194988250732,0.0,none,False,False,0.0,2.1366314589977264,0.5967838852223768
AgriTrust-ACFL,2,4,1,False,0.568136915564537,0.3389704832172239,0.33889150619506836,1.0,7.0,0.5256320649260953,0.6643905507314058,0.45575547218322754,0.0,none,True,False,326.19827148973553,2.1366314589977264,0.5967838852223768
AgriTrust-ACFL,2,6,1,False,0.7409708201885223,0.8144708990669679,0.4819677472114563,1.0,7.0,0.7844448495867419,0.745128948266125,0.7585650086402893,0.0,none,True,False,488.4184194348838,2.1366314589977264,0.5967838852223768
AgriTrust-ACFL,2,7,1,False,0.7895103394985199,0.6218569199046917,0.3107892572879791,1.0,7.0,0.7605315936556819,0.7685084854837824,1.126396656036377,0.0,none,True,False,4584.651867599317,2.1366314589977264,0.5967838852223768
AgriTrust-ACFL,2,9,1,False,0.5417785570025444,0.6608809790617671,0.33889150619506836,1.0,7.0,0.6053894063108821,0.763564907691046,0.6718153357505798,0.0,none,True,False,528.7413420774407,2.1366314589977264,0.5967838852223768
AgriTrust-ACFL,3,1,0,False,0.6318788230419159,0.863617348797646,0.6777230501174927,1.0,9.0,0.7115216087516361,0.7300867257489579,1.335654377937317,0.0,none,True,False,14768.194288449922,2.921379506587982,0.5502013112196018
AgriTrust-ACFL,3,2,2,False,0.31806086003780365,0.9082196266597242,0.3118835985660553,1.0,9.0,0.5126416175950722,0.7285408301467997,1.2757306098937988,0.0,none,True,False,3643.588150862411,2.921379506587982,0.5502013112196018
AgriTrust-ACFL,3,3,0,False,0.796500563621521,0.6703207814007578,0.89333575963974,1.0,9.0,0.7601727116559284,0.6367261320418992,1.6826725006103516,0.0,none,True,False,16749.7176294942,2.921379506587982,0.5502013112196018
AgriTrust-ACFL,3,4,1,False,0.8301984071731567,0.4470969154873319,0.5606992840766907,1.0,9.0,0.7036467328161401,0.6742045962525894,0.561012327671051,0.0,none,True,False,331.0167095030508,2.921379506587982,0.5502013112196018
AgriTrust-ACFL,3,5,0,False,0.8281627297401428,0.22001474849356786,0.5606992840766907,1.0,9.0,0.5610757419542947,0.5580744735993695,0.29394182562828064,0.0,none,True,False,257.27233232930934,2.921379506587982,0.5502013112196018
AgriTrust-ACFL,3,6,2,False,0.3963986784219742,0.6203763076223698,0.3118835985660553,1.0,9.0,0.5124817522964626,0.6869671492737094,0.756211519241333,0.0,none,True,False,287.12040013691046,2.921379506587982,0.5502013112196018
AgriTrust-ACFL,3,7,2,False,0.6699487715959549,1.0,0.35756975412368774,1.0,9.0,0.8012834889281925,0.7767022363448849,1.1685518026351929,0.0,none,True,False,2954.4710243208992,2.921379506587982,0.5502013112196018
AgriTrust-ACFL,3,8,1,False,0.7712218761444092,0.796237667080436,0.89333575963974,1.0,9.0,0.7791383265317318,0.5991225518297765,1.4383091926574707,0.0,none,True,False,10049.349864299002,2.921379506587982,0.5502013112196018
AgriTrust-ACFL,3,9,0,False,0.6178627237677574,0.5811298733647127,0.6777230501174927,1.0,9.0,0.6261356070758506,0.7292075825372472,0.7124784588813782,0.0,none,True,False,791.9194346354504,2.921379506587982,0.5502013112196018
AgriTrust-ACFL,4,2,1,False,0.5777128115296364,0.7850016214500056,0.17873990535736084,1.0,7.0,0.6813632960463534,0.7167464466216881,0.7719432711601257,0.0,none,True,False,5621.774874584531,1.5655423700809479,0.5477922704256785
AgriTrust-ACFL,4,3,0,False,0.744187980890274,1.0,0.6467586159706116,1.0,7.0,0.8256587364637782,0.683959283147369,0.6262169480323792,0.0,none,True,False,17992.232902474687,1.5655423700809479,0.5477922704256785
AgriTrust-ACFL,4,4,0,False,0.40649423748254776,0.6703208216241814,0.17873990535736084,1.0,7.0,0.5364742236485965,0.6397720031015912,0.44318556785583496,0.0,none,True,False,492.62444238822525,1.5655423700809479,0.5477922704256785
AgriTrust-ACFL,4,5,0,False,0.7407770454883575,0.371939158662404,0.34220725297927856,1.0,7.0,0.617720528645397,0.5729859873608764,0.2663760483264923,0.0,none,True,False,264.146540173364,1.5655423700809479,0.5477922704256785
AgriTrust-ACFL,4,6,1,False,0.7410452961921692,0.9513959599031562,0.36194613575935364,1.0,7.0,0.8219249093386319,0.72070658928994,0.5998229384422302,0.0,none,True,False,472.4100090815132,1.5655423700809479,0.5477922704256785
AgriTrust-ACFL,4,7,2,False,0.7999458014965057,0.35374468834322015,0.36194613575935364,1.0,7.0,0.6467755658669855,0.7442205687254101,1.537375807762146,0.0,none,True,False,2830.915121797724,1.5655423700809479,0.5477922704256785
AgriTrust-ACFL,4,8,2,False,0.7354722023010254,0.37776995931894597,0.6467586159706116,1.0,7.0,0.6069218682379062,0.6010723809318089,1.4524990320205688,0.0,none,True,False,6428.602233046696,1.5655423700809479,0.5477922704256785
AgriTrust-ACFL,5,0,3,False,0.6042160168290138,0.7045862389356243,0.45254766941070557,1.0,8.0,0.6651219780350419,0.7047123264092049,1.0743579864501953,0.0,none,True,False,1348.6161565931254,1.7932891100645065,0.5382108500751731
AgriTrust-ACFL,5,2,0,False,0.6639977693557739,0.4142325300618843,0.43570107221603394,1.0,8.0,0.6072127349339111,0.6893630186997438,1.9843480587005615,0.0,none,True,False,8479.854493025548,1.7932891100645065,0.5382108500751731
AgriTrust-ACFL,5,3,3,False,0.3939707726240158,0.5144534790475209,0.4428982734680176,1.0,8.0,0.47674281563218046,0.6321551662685718,1.5449740886688232,0.0,none,True,False,4311.029123316964,1.7932891100645065,0.5382108500751731
AgriTrust-ACFL,5,4,1,False,0.666037917137146,0.655609907393644,0.43570107221603394,1.0,8.0,0.6992012688554979,0.6546293195400679,0.44025737047195435,0.0,none,True,False,321.40576392212955,1.7932891100645065,0.5382108500751731
AgriTrust-ACFL,5,5,1,False,0.670053631067276,0.41245463106113955,0.09713414311408997,1.0,8.0,0.6029696393679856,0.5804819003626537,0.25776350498199463,0.0,none,True,False,170.63066814311944,1.7932891100645065,0.5382108500751731
AgriTrust-ACFL,5,6,4,False,0.6732198297977448,0.9733228681005439,0.45254766941070557,1.0,8.0,0.7850051561817288,0.7367812310128872,0.7397123575210571,0.0,none,True,False,125.1992136627331,1.7932891100645065,0.5382108500751731
AgriTrust-ACFL,5,8,0,False,0.48993100970983505,0.6853614276497956,0.4428982734680176,1.0,8.0,0.5803676864034046,0.5958962072997078,0.4634150266647339,0.0,none,True,False,15675.645629226114,1.7932891100645065,0.5382108500751731
AgriTrust-ACFL,5,9,2,False,0.5164523050189018,0.9733228681005439,0.3219667673110962,1.0,8.0,0.6622768031526982,0.71247488769111,0.6949189305305481,0.0,none,True,False,314.58235051125365,1.7932891100645065,0.5382108500751731
AgriTrust-ACFL,6,0,0,False,0.8436952829360962,0.6630499444205342,0.8935580253601074,1.0,7.0,0.7847499336606469,0.7247217282220655,1.7432985305786133,0.0,none,True,False,5349.8957977352875,2.299174517393112,0.5717840222323223
AgriTrust-ACFL,6,1,4,False,0.4131200760602951,1.0,0.22710761427879333,1.0,7.0,0.5885523005452589,0.6947031194480332,0.9196698069572449,0.0,none,True,False,2322.855138726411,2.299174517393112,0.5717840222323223
AgriTrust-ACFL,6,2,0,False,0.8471821546554565,0.6703204767306776,0.8935580253601074,1.0,7.0,0.8021359022459694,0.7175562395863002,1.713958978652954,0.0,none,True,False,8826.659303151078,2.299174517393112,0.5717840222323223
AgriTrust-ACFL,6,5,1,False,0.746298685669899,0.46407514467169725,0.36357206106185913,1.0,7.0,0.6628279203931424,0.601068405370276,0.27843281626701355,0.0,none,True,False,176.68200084098257,2.299174517393112,0.5717840222323223
AgriTrust-ACFL,6,6,0,False,0.7928375005722046,0.8858062234279895,0.3243974447250366,1.0,7.0,0.8349530501614856,0.7613241858000368,0.7615029215812683,0.0,none,True,False,782.6412630024379,2.299174517393112,0.5717840222323223
AgriTrust-ACFL,6,7,4,False,0.5104585941880941,0.7114570117793972,0.11989836394786835,1.0,7.0,0.6229973534686992,0.7139147649112323,1.5622233152389526,0.0,none,True,False,1104.0951691484477,2.299174517393112,0.5717840222323223
AgriTrust-ACFL,6,8,1,False,0.4141151085495949,0.6184250498059004,0.22710761427879333,1.0,7.0,0.5130454365253447,0.575183514606117,0.4353090226650238,0.0,none,True,False,9647.809712388009,2.299174517393112,0.5717840222323223
AgriTrust-ACFL,7,0,0,False,0.7667893767356873,0.7684891848151284,0.7088412046432495,1.0,8.0,0.7782667909702503,0.7381079939091117,0.9807928800582886,0.0,none,True,False,5448.713211037063,1.8644656240940094,0.5619478686524854
AgriTrust-ACFL,7,1,0,False,0.6922254860401154,0.6913347372820938,0.44624921679496765,1.0,8.0,0.6998190845317287,0.695982110718957,1.095215916633606,0.0,none,True,False,14078.326135623061,1.8644656240940094,0.5619478686524854
AgriTrust-ACFL,7,2,2,False,0.8414112329483032,0.3846479976862164,0.7088412046432495,1.0,8.0,0.676471618778334,0.7072850843843086,2.01863694190979,0.0,none,True,False,3537.283630658168,1.8644656240940094,0.5619478686524854
AgriTrust-ACFL,7,4,3,False,0.8646765649318695,0.6093316999175422,0.7443849444389343,1.0,8.0,0.7896048207444311,0.6883731948411587,0.4445491433143616,0.0,none,True,False,137.4096157682456,1.8644656240940094,0.5619478686524854
AgriTrust-ACFL,7,5,0,False,0.42144523561000824,0.3954261167286798,0.11850841343402863,1.0,8.0,0.46137022747246964,0.5661438608958244,0.28318336606025696,0.0,none,True,False,260.99231987297503,1.8644656240940094,0.5619478686524854
AgriTrust-ACFL,7,6,1,False,0.6821522563695908,0.9644156508006114,0.40452486276626587,1.0,8.0,0.7885389263941288,0.7681278709485598,0.7739551663398743,0.0,none,True,False,503.493793289837,1.8644656240940094,0.5619478686524854
AgriTrust-ACFL,7,8,1,False,0.31628237664699554,0.6499453904818155,0.11850841343402863,1.0,8.0,0.44901145682758786,0.5436405001614848,0.47549524903297424,0.0,none,False,False,0.0,1.8644656240940094,0.5619478686524854
AgriTrust-ACFL,7,9,3,False,0.8944250345230103,0.9644156508006114,0.7443849444389343,1.0,8.0,0.893355447415084,0.7576950276221035,0.7176173329353333,0.0,none,True,False,213.3176113056232,1.8644656240940094,0.5619478686524854
AgriTrust-ACFL,8,0,4,False,0.6128655523061752,0.36001757302038995,0.5317379832267761,1.0,10.0,0.5480413146468128,0.6905913240935371,1.7588382959365845,0.0,none,True,False,842.6846662466128,2.375981956720352,0.5511493917617798
AgriTrust-ACFL,8,1,1,False,0.5917030796408653,0.7388781164510901,0.506666362285614,1.0,10.0,0.6548955567191741,0.6857104722190113,1.1397184133529663,0.0,none,True,False,8844.254071590334,2.375981956720352,0.5511493917617798
AgriTrust-ACFL,8,2,0,False,0.6606119722127914,0.9300267775730522,0.5317379832267761,1.0,10.0,0.7717828924767245,0.7234095364074126,0.9088151454925537,0.0,none,True,False,8898.660707347583,2.375981956720352,0.5511493917617798
AgriTrust-ACFL,8,3,0,False,0.4834984727203846,0.5406339283225302,0.9252414703369141,1.0,10.0,0.5415810001721661,0.6095116247444704,1.3761571645736694,0.0,none,True,False,16033.812800528038,2.375981956720352,0.5511493917617798
AgriTrust-ACFL,8,4,1,False,0.6486692428588867,0.3296654513860064,0.506666362285614,1.0,10.0,0.560685054464398,0.6564511597469684,0.4860333204269409,0.0,none,True,False,322.3002395069603,2.375981956720352,0.5511493917617798
AgriTrust-ACFL,8,5,0,False,0.6396460235118866,0.1442000779555236,0.47776442766189575,1.0,10.0,0.42882373492962905,0.5318138294042756,0.2950940728187561,0.0,none,False,False,0.0,2.375981956720352,0.5511493917617798
AgriTrust-ACFL,8,6,3,False,0.5471304133534431,0.7229415180167821,0.29522496461868286,1.0,10.0,0.6406046067828228,0.7362470549071256,0.7806605100631714,0.0,none,True,False,196.20909500948227,2.375981956720352,0.5511493917617798
AgriTrust-ACFL,8,7,1,False,0.7248733341693878,0.9300267775730522,0.362840473651886,1.0,10.0,0.8187590633153874,0.7401258395122712,0.991970419883728,0.0,none,True,False,4415.330964423101,2.375981956720352,0.5511493917617798
AgriTrust-ACFL,8,8,0,False,0.45228198543190956,0.6293004603907129,0.9252414703369141,1.0,10.0,0.5413593473743169,0.5430702119646929,1.2556462287902832,0.0,none,False,False,0.0,2.375981956720352,0.5511493917617798
AgriTrust-ACFL,8,9,3,False,0.572123721241951,0.7140157708261848,0.46135127544403076,1.0,10.0,0.6384511314621834,0.7278840535821234,0.7748298645019531,0.0,none,True,False,204.92478102289084,2.375981956720352,0.5511493917617798
AgriTrust-ACFL,9,0,2,False,0.7553243041038513,0.8691922810883863,0.6481524705886841,1.0,8.0,0.8008911304696673,0.7181662756875695,0.9945080280303955,0.0,none,True,False,2155.4304526114843,2.5272759795188904,0.5259997803389365
AgriTrust-ACFL,9,1,2,False,0.6005820780992508,0.5226385462215358,0.33502861857414246,1.0,8.0,0.5951388891837831,0.6630675764602042,1.0901405811309814,0.0,none,True,False,5453.128139168769,2.5272759795188904,0.5259997803389365
AgriTrust-ACFL,9,2,2,False,0.7554901838302612,0.9209248442767272,0.6481524705886841,1.0,8.0,0.8284553001029734,0.7496709773313028,1.0205999612808228,0.0,none,True,False,3749.26452577735,2.5272759795188904,0.5259997803389365
AgriTrust-ACFL,9,3,2,False,0.3151948153972626,0.8597465506170191,0.8672518730163574,1.0,8.0,0.49193162229033127,0.5801166241309357,1.0287960767745972,0.0,none,True,False,6204.475773007999,2.5272759795188904,0.5259997803389365
AgriTrust-ACFL,9,6,0,False,0.7230547368526459,0.08506437676512159,0.40036410093307495,1.0,8.0,0.39298647163919215,0.6504319090901423,0.7588557600975037,0.0,none,True,False,668.6440025446663,2.5272759795188904,0.5259997803389365
AgriTrust-ACFL,9,7,2,False,0.6363897621631622,0.9209248442767272,0.055324722081422806,1.0,8.0,0.7599382855381472,0.7450789510187402,1.0012208223342896,0.0,none,True,False,2834.180292792169,2.5272759795188904,0.5259997803389365
AgriTrust-ACFL,9,8,1,False,0.31284910440444946,0.15053921648112767,0.8672518730163574,1.0,8.0,0.28779431768504987,0.4792512383947821,1.2600290775299072,0.0,none,False,False,0.0,2.5272759795188904,0.5259997803389365
AgriTrust-ACFL,9,9,4,False,0.716867208480835,0.10941194212272058,0.5129920244216919,1.0,8.0,0.4117243531476839,0.6488441284735136,0.7814105153083801,0.0,none,True,False,116.47698938943279,2.5272759795188904,0.5259997803389365
AgriTrust-ACFL,10,0,0,False,0.494882523547858,0.6061800642761696,0.38969749212265015,1.0,9.0,0.5696682073112305,0.6810417585934847,1.2079861164093018,0.0,none,True,False,5027.450261937104,1.9126783311367035,0.5333776654881789
AgriTrust-ACFL,10,1,3,False,0.5198637284338474,0.6703207806925362,0.4424365758895874,1.0,9.0,0.592334646306865,0.6453843439218694,1.102062463760376,0.0,none,True,False,3384.338700763661,1.9126783311367035,0.5333776654881789
AgriTrust-ACFL,10,3,4,False,0.6218390613794327,0.6900369240782297,0.7083534002304077,1.0,9.0,0.6692058379297943,0.6023889275806503,0.5453618764877319,0.0,none,True,False,2619.399431479817,1.9126783311367035,0.5333776654881789
AgriTrust-ACFL,10,4,0,False,0.7264204621315002,0.582867609063262,0.5380455255508423,1.0,9.0,0.7079597139942861,0.6693282983087978,0.46752163767814636,0.0,none,True,False,515.3827896977743,1.9126783311367035,0.5333776654881789
AgriTrust-ACFL,10,5,0,False,0.833317369222641,0.33245928809741504,0.5417693853378296,1.0,9.0,0.6372203093301775,0.5581654493857511,0.28010666370391846,0.0,none,True,False,257.31427216683124,1.9126783311367035,0.5333776654881789
AgriTrust-ACFL,10,6,2,False,0.5562687590718269,1.0,0.3058702349662781,1.0,9.0,0.7125505913395559,0.6659615796524957,0.7650713324546814,0.0,none,True,False,278.3410464791366,1.9126783311367035,0.5333776654881789
AgriTrust-ACFL,10,7,6,False,0.7028975933790207,0.6337739066399986,0.38969749212265015,1.0,9.0,0.7175204013574379,0.7381893136034147,1.1599045991897583,0.0,none,True,False,464.1548211873136,1.9126783311367035,0.5333776654881789
AgriTrust-ACFL,10,8,0,False,0.49701561592519283,0.9610844422440236,0.7083534002304077,1.0,9.0,0.6474184900326524,0.5212930513042496,0.7932877540588379,0.0,none,True,True,6856.567503804796,1.9126783311367035,0.5333776654881789
AgriTrust-ACFL,10,9,2,False,0.846017599105835,0.7704945456806901,0.5417693853378296,1.0,9.0,0.810000680524897,0.6891332664863594,0.6030974388122559,0.0,none,True,False,304.27621595101743,1.9126783311367035,0.5333776654881789
RawTrust,1,0,0,False,0.8274519443511963,0.761331987676632,0.9046610593795776,1.0,7.0,0.8092749094185079,0.7872597139085273,2.00687837600708,0.1,sign_flip,,,,,
RawTrust,1,1,0,False,0.7722106575965881,0.896699275913707,0.7128185033798218,1.0,7.0,0.803511001125407,0.8203867089725447,1.5805162191390991,0.1,sign_flip,,,,,
RawTrust,1,2,0,False,0.8466413021087646,0.6703211174095208,0.9046610593795776,1.0,7.0,0.80185443976949,0.7917600539120797,2.1732754707336426,0.1,sign_flip,,,,,
RawTrust,1,4,0,False,0.8090372383594513,0.13449017358689216,0.7128185033798218,1.0,7.0,0.48380903942412956,0.5019056132248566,0.48225727677345276,0.1,sign_flip,,,,,
RawTrust,1,5,0,False,0.7094468176364899,0.05417410933532651,0.1358092874288559,1.0,7.0,0.3384276028981707,0.3576197129329226,0.27302640676498413,0.1,sign_flip,,,,,
RawTrust,1,8,0,False,0.26017384231090546,1.0,0.6150883436203003,1.0,7.0,0.4589317587156059,0.5005324603545744,1.6921005249023438,0.1,sign_flip,,,,,
RawTrust,1,9,0,True,0.2623547911643982,0.2735966724986893,0.6150883436203003,1.0,7.0,0.3118301027093837,0.5943984759796512,3.807202100753784,0.1,sign_flip,,,,,
RawTrust,2,0,0,False,0.8907114267349243,1.0,0.8460680246353149,1.0,7.0,0.9145778652575202,0.8190892517457755,1.5883992910385132,0.1,sign_flip,,,,,
RawTrust,2,2,0,False,0.8859025835990906,0.6703238825989539,0.8460680246353149,1.0,7.0,0.8220981295559916,0.7993445728230577,1.7033783197402954,0.1,sign_flip,,,,,
RawTrust,2,3,1,False,0.32431209087371826,0.8913670840852753,0.6706541180610657,1.0,7.0,0.5051517095997058,0.542799074840137,1.620637059211731,0.1,sign_flip,,,,,
RawTrust,2,4,1,False,0.6672556102275848,0.0010527409769210258,0.35027366876602173,1.0,7.0,0.10156435567750334,0.40182029883801834,0.47940388321876526,0.1,sign_flip,,,,,
RawTrust,2,6,1,False,0.7578909397125244,0.015059386931906381,0.37005236744880676,1.0,7.0,0.23990263459157712,0.49457203555327306,0.7631102800369263,0.1,sign_flip,,,,,
RawTrust,2,7,1,False,0.8257849216461182,0.9749304788061802,0.5029264688491821,1.0,7.0,0.8921383992851861,0.8397354562840189,1.5813688039779663,0.1,sign_flip,,,,,
RawTrust,2,9,1,True,0.36100663244724274,0.007006802431172025,0.6706541180610657,1.0,7.0,0.12378988389993688,0.47674632795972266,3.779106378555298,0.1,sign_flip,,,,,
RawTrust,3,1,0,False,0.5513014048337936,0.9914181625461445,0.2666195034980774,1.0,9.0,0.687993225873362,0.787288338197749,1.7498875856399536,0.1,sign_flip,,,,,
RawTrust,3,2,2,False,0.49484347831457853,0.67032124938701,0.4235590994358063,1.0,9.0,0.5967853916694783,0.7487047775346628,2.1761720180511475,0.1,sign_flip,,,,,
RawTrust,3,3,0,False,0.578100323677063,0.8620650233508733,0.816795289516449,1.0,9.0,0.6872882141763643,0.5789213596741938,1.8916124105453491,0.1,sign_flip,,,,,
RawTrust,3,4,1,False,0.7734980285167694,0.07828265348650029,0.3855319023132324,1.0,9.0,0.40126969167661786,0.4016826470476682,0.4213540554046631,0.1,sign_flip,,,,,
RawTrust,3,5,0,False,0.7318432182073593,0.036944884320980864,0.3855319023132324,1.0,9.0,0.3069153088358731,0.34494361190866024,0.27732473611831665,0.1,sign_flip,,,,,
RawTrust,3,6,2,False,0.5303712412714958,0.23084483319254795,0.3600400686264038,1.0,9.0,0.44712007117384084,0.482709044458415,0.7696014046669006,0.1,sign_flip,,,,,
RawTrust,3,7,2,False,0.7183990180492401,0.864984625821336,0.4235590994358063,1.0,9.0,0.7971994393007484,0.8291014520382014,1.6063342094421387,0.1,sign_flip,,,,,
RawTrust,3,8,1,False,0.5912064015865326,1.0,0.816795289516449,1.0,9.0,0.7207914658529234,0.5555972117291617,1.7415063381195068,0.1,sign_flip,,,,,
RawTrust,3,9,0,True,0.5661249458789825,0.2432940482173743,0.6142419576644897,1.0,9.0,0.45955452915996,0.47244837825978203,3.8271663188934326,0.1,sign_flip,,,,,
RawTrust,4,2,1,False,0.6852592974901199,0.7443064981522933,0.5067451000213623,1.0,7.0,0.7365830623096135,0.7456743487284004,1.7240335941314697,0.1,sign_flip,,,,,
RawTrust,4,3,0,False,0.4301692470908165,0.6703214920929715,0.7828916311264038,1.0,7.0,0.541703589172088,0.5696169170486673,1.8097673654556274,0.1,sign_flip,,,,,
RawTrust,4,4,0,False,0.7132001221179962,0.09665202916678296,0.5067451000213623,1.0,7.0,0.40880264629557445,0.4034626468596448,0.5089675784111023,0.1,sign_flip,,,,,
RawTrust,4,5,0,False,0.7943565249443054,0.025832453751341744,0.32924339175224304,1.0,7.0,0.2883902239465093,0.3308052649181225,0.2760924994945526,0.1,sign_flip,,,,,
RawTrust,4,6,1,False,0.7611697614192963,0.22618449293848875,0.39465129375457764,1.0,7.0,0.54207930085985,0.4975516085587738,0.7548437118530273,0.1,sign_flip,,,,,
RawTrust,4,7,2,False,0.680992603302002,1.0,0.16444383561611176,1.0,7.0,0.8085216128468998,0.823956492240376,1.5034749507904053,0.1,sign_flip,,,,,
RawTrust,4,8,2,False,0.4040877968072891,0.7462148081503798,0.7828916311264038,1.0,7.0,0.5355178222352435,0.5505773643556822,1.7219884395599365,0.1,sign_flip,,,,,
RawTrust,5,0,3,False,0.7654216289520264,0.9480839989101895,0.7742660045623779,1.0,8.0,0.8280656507010987,0.8213333514846064,1.5642523765563965,0.1,sign_flip,,,,,
RawTrust,5,2,0,False,0.7462405860424042,0.7731423870836456,0.7742660045623779,1.0,8.0,0.780795300775043,0.754454586740061,2.4296860694885254,0.1,sign_flip,,,,,
RawTrust,5,3,3,False,0.34479281306266785,0.9480839989101895,0.659294843673706,1.0,8.0,0.5322138594788625,0.5602661526562162,1.819520354270935,0.1,sign_flip,,,,,
RawTrust,5,4,1,False,0.6609170138835907,0.43059742276968926,0.4685097932815552,1.0,8.0,0.613742744601749,0.4560326712951709,0.5109078884124756,0.1,sign_flip,,,,,
RawTrust,5,5,1,False,0.7159518897533417,0.2767314990731767,0.3430221378803253,1.0,8.0,0.5547866726579963,0.386800616853091,0.2729729115962982,0.1,sign_flip,,,,,
RawTrust,5,6,4,False,0.7613988816738129,0.562517105072653,0.34613341093063354,1.0,8.0,0.712584850913323,0.5513099191474111,0.7462612390518188,0.1,sign_flip,,,,,
RawTrust,5,8,0,False,0.40635455399751663,0.9456948889052599,0.5323842763900757,1.0,8.0,0.5767349234143204,0.5571167541203417,1.8260406255722046,0.1,sign_flip,,,,,
RawTrust,5,9,2,True,0.4063756614923477,0.5811731519234488,0.659294843673706,1.0,8.0,0.49727627172098343,0.4786553516250823,3.6415295600891113,0.1,sign_flip,,,,,
RawTrust,6,0,0,False,0.8581155836582184,0.670320865904218,0.9154682159423828,1.0,7.0,0.7946947220691238,0.8146736941307358,2.1508028507232666,0.1,sign_flip,,,,,
RawTrust,6,1,4,False,0.6545456498861313,0.8783509947700002,0.28802722692489624,1.0,7.0,0.7291392766252411,0.7727510728046221,1.3948051929473877,0.1,sign_flip,,,,,
RawTrust,6,2,0,False,0.8766082525253296,0.6109153446357206,0.9154682159423828,1.0,7.0,0.7949015337566421,0.7645663234942064,2.3203370571136475,0.1,sign_flip,,,,,
RawTrust,6,5,1,False,0.8364669382572174,0.12430312305569596,0.41779088973999023,1.0,7.0,0.47535029763251374,0.4089380370479467,0.28198322653770447,0.1,sign_flip,,,,,
RawTrust,6,6,0,False,0.7851419448852539,0.4230343124496709,0.34010738134384155,1.0,7.0,0.6653395090749371,0.5798173166292926,0.7675325274467468,0.1,sign_flip,,,,,
RawTrust,6,7,4,False,0.6376242935657501,1.0,0.2028018683195114,1.0,7.0,0.7797834022980688,0.8129132197547992,1.550851583480835,0.1,sign_flip,,,,,
RawTrust,6,8,1,False,0.27288949489593506,0.9412742945823654,-0.0677340030670166,1.0,7.0,0.4626586910321418,0.5335022383482917,1.6295201778411865,0.1,sign_flip,,,,,
RawTrust,7,0,0,False,0.7876752614974976,0.97395766219085,0.8059746026992798,1.0,8.0,0.8480438519055156,0.8230162335744307,1.479170322418213,0.1,sign_flip,,,,,
RawTrust,7,1,0,False,0.6905524134635925,0.97395766219085,0.5684024095535278,1.0,8.0,0.7745746438313326,0.7732069655612996,1.3728524446487427,0.1,sign_flip,,,,,
RawTrust,7,2,2,False,0.8089991509914398,0.688383059624843,0.8059746026992798,1.0,8.0,0.788308951570576,0.7705019805132988,2.4156150817871094,0.1,sign_flip,,,,,
RawTrust,7,4,3,False,0.757149338722229,0.48335045263685017,0.5684024095535278,1.0,8.0,0.6847193808057548,0.5132043486728168,0.5099940896034241,0.1,sign_flip,,,,,
RawTrust,7,5,0,False,0.48325992934405804,0.3044361206383884,0.2707030475139618,1.0,8.0,0.4599076305534629,0.4216804354243257,0.2653430104255676,0.1,sign_flip,,,,,
RawTrust,7,6,1,False,0.7422825694084167,0.6527319254295221,0.36829718947410583,1.0,8.0,0.7347552317342347,0.6185517954055282,0.7797797918319702,0.1,sign_flip,,,,,
RawTrust,7,8,1,False,0.31814292073249817,0.9571965839911271,0.4923597276210785,1.0,8.0,0.5059361396488127,0.5266107136734219,1.5159103870391846,0.1,sign_flip,,,,,
RawTrust,7,9,3,True,0.2833035886287689,0.5046957131065654,0.4923597276210785,1.0,8.0,0.390879929217324,0.45671149602314276,3.745858907699585,0.1,sign_flip,,,,,
RawTrust,8,0,4,False,0.59508016705513,0.6113036027752977,0.8595978617668152,1.0,10.0,0.6320608949805441,0.7752773989259589,1.9767169952392578,0.1,sign_flip,,,,,
RawTrust,8,1,1,False,0.5738135129213333,0.8363601741567142,0.5238826274871826,1.0,10.0,0.6683208709502718,0.7469854419085428,1.3793412446975708,0.1,sign_flip,,,,,
RawTrust,8,2,0,False,0.6375918090343475,0.8063335108950499,0.8595978617668152,1.0,10.0,0.7251517234983764,0.7591644162595681,1.7038886547088623,0.1,sign_flip,,,,,
RawTrust,8,3,0,False,0.5333305671811104,0.7350367926967857,0.8131451606750488,1.0,10.0,0.626781121689205,0.5768948949144634,1.790632724761963,0.1,sign_flip,,,,,
RawTrust,8,4,1,False,0.6502532958984375,0.09896160526692421,0.5238826274871826,1.0,10.0,0.39130875008064536,0.48273044902477397,0.43902698159217834,0.1,sign_flip,,,,,
RawTrust,8,5,0,False,0.7027229964733124,0.0439586684328876,0.44200974702835083,1.0,10.0,0.31620372297352634,0.39531125731162586,0.28409308195114136,0.1,sign_flip,,,,,
RawTrust,8,6,3,False,0.5281865503638983,0.2971567770320029,0.29236283898353577,1.0,10.0,0.4812135682648769,0.5842172386203653,0.7918092012405396,0.1,sign_flip,,,,,
RawTrust,8,7,1,False,0.7690910696983337,0.7968320478967289,0.3535562753677368,1.0,10.0,0.8075345770816549,0.8115685590865132,1.343982458114624,0.1,sign_flip,,,,,
RawTrust,8,8,0,False,0.4828466586768627,0.8363601741567142,0.8131451606750488,1.0,10.0,0.6111758646892571,0.5477520014273807,1.6707993745803833,0.1,sign_flip,,,,,
RawTrust,8,9,3,True,0.5498374290764332,0.17064243082625893,0.7455798387527466,1.0,10.0,0.4065845001403738,0.4441797470524505,3.9191107749938965,0.1,sign_flip,,,,,
RawTrust,9,0,2,False,0.643846333026886,0.873300309817316,0.832024335861206,1.0,8.0,0.7345893574241593,0.765105388550509,1.5266072750091553,0.1,sign_flip,,,,,
RawTrust,9,1,2,False,0.516146831214428,0.5687594615266961,0.12201893329620361,1.0,8.0,0.5616257125635903,0.7006455095723046,1.32361900806427,0.1,sign_flip,,,,,
RawTrust,9,2,2,False,0.6187211349606514,0.8733003098173162,0.832024335861206,1.0,8.0,0.7305455122512211,0.7520096902574813,1.670627236366272,0.1,sign_flip,,,,,
RawTrust,9,3,2,False,0.5088276565074921,0.743518632630461,0.8451672792434692,1.0,8.0,0.6128815799877488,0.5858915661827848,1.7624928951263428,0.1,sign_flip,,,,,
RawTrust,9,6,0,False,0.7048031091690063,0.11026089567042235,0.381229043006897,1.0,8.0,0.4188638568565468,0.5428788931794106,0.7668258547782898,0.1,sign_flip,,,,,
RawTrust,9,7,2,False,0.7341444194316864,0.6043314119367389,0.2778528928756714,1.0,8.0,0.7244788194269962,0.7897961241716338,1.35060715675354,0.1,sign_flip,,,,,
RawTrust,9,8,1,False,0.5072250128723681,0.87092753538686,0.8451672792434692,1.0,8.0,0.6356354146121224,0.5697228547235661,1.6721402406692505,0.1,sign_flip,,,,,
RawTrust,9,9,4,True,0.571485236287117,0.06722957346950922,0.6751170754432678,1.0,8.0,0.31406295292909936,0.41165054852161276,3.9210195541381836,0.1,sign_flip,,,,,
RawTrust,10,0,0,False,0.644492894411087,0.6703211735884295,0.464302659034729,1.0,9.0,0.6789224628881304,0.7435596571349143,1.8417456150054932,0.1,sign_flip,,,,,
RawTrust,10,1,3,False,0.656650573015213,0.8767818438955775,0.5669284462928772,1.0,9.0,0.7300362757435006,0.7079932011151037,1.342782974243164,0.1,sign_flip,,,,,
RawTrust,10,3,4,False,0.46463681012392044,0.8234819135537332,0.6529207229614258,1.0,9.0,0.6011513530843726,0.5897065129081818,1.6296684741973877,0.1,sign_flip,,,,,
RawTrust,10,4,0,False,0.7051161825656891,0.16591171513912542,0.5669284462928772,1.0,9.0,0.4777389180230026,0.48148256627433117,0.49909108877182007,0.1,sign_flip,,,,,
RawTrust,10,5,0,False,0.7491316050291061,0.06090544732630846,0.31894439458847046,1.0,9.0,0.36118203136751514,0.3867789508255982,0.2750709056854248,0.1,sign_flip,,,,,
RawTrust,10,6,2,False,0.7340267896652222,0.33250019364014943,0.35509324073791504,1.0,9.0,0.596469522905888,0.55627655061103,0.7545111179351807,0.1,sign_flip,,,,,
RawTrust,10,7,6,False,0.7242270708084106,1.0,0.464302659034729,1.0,9.0,0.8363622674464571,0.8014376599903397,1.451965570449829,0.1,sign_flip,,,,,
RawTrust,10,8,0,False,0.4268692806363106,0.7980379117225447,0.6529207229614258,1.0,9.0,0.5631477702168775,0.5680790835968939,1.6603609323501587,0.1,sign_flip,,,,,
RawTrust,10,9,2,True,0.41418013721704483,0.2448429694999824,0.5880922079086304,1.0,9.0,0.38771824047114034,0.4056674715089946,3.3516407012939453,0.1,sign_flip,,,,,
AgriTrust-ACFL,1,0,0,False,0.6327259242534637,0.7087863804345763,0.8040083646774292,1.0,7.0,0.6834213283975564,0.6956524898544838,1.3217952251434326,0.1,sign_flip,True,False,5135.306680105799,2.594696581363678,0.5571575183409804
AgriTrust-ACFL,1,1,0,False,0.5620497390627861,1.0,0.3276194632053375,1.0,7.0,0.6971387270908082,0.722892506093222,1.0378786325454712,0.1,sign_flip,True,False,14622.669613253694,2.594696581363678,0.5571575183409804
AgriTrust-ACFL,1,2,0,False,0.6458674073219299,0.7441664799679415,0.8040083646774292,1.0,7.0,0.7129447148275835,0.7546668854798488,1.2773276567459106,0.1,sign_flip,True,False,9283.15735828762,2.594696581363678,0.5571575183409804
AgriTrust-ACFL,1,4,0,False,0.787896603345871,0.2808295750572068,0.35624098777770996,1.0,7.0,0.5946686709110788,0.669378426199417,0.4252658486366272,0.1,sign_flip,True,False,515.4213881735511,2.594696581363678,0.5571575183409804
AgriTrust-ACFL,1,5,0,False,0.7813081443309784,0.15824659522743997,0.35624098777770996,1.0,7.0,0.49223777025545296,0.5338293450650242,0.2842196226119995,0.1,sign_flip,False,False,0.0,2.594696581363678,0.5571575183409804
AgriTrust-ACFL,1,8,0,False,0.46115343272686005,0.670321000186297,0.5507422685623169,1.0,7.0,0.5576387671860604,0.562315936848012,0.7836188077926636,0.1,sign_flip,True,False,14792.283034723803,2.594696581363678,0.5571575183409804
AgriTrust-ACFL,1,9,0,True,0.4621620327234268,0.18982274797385673,0.5507422685623169,1.0,7.0,0.3815374449057972,0.7021499336025452,3.3352575302124023,0.1,sign_flip,True,False,762.5348278923641,2.594696581363678,0.5571575183409804
AgriTrust-ACFL,2,0,0,False,0.7693543434143066,0.8240488643593364,0.7850375175476074,1.0,7.0,0.796197369199572,0.7207887096907558,1.2699739933013916,0.1,sign_flip,True,False,5320.862254937159,2.8159916400909424,0.573349580850614
AgriTrust-ACFL,2,2,0,False,0.722113698720932,0.8888433674571365,0.7850375175476074,1.0,7.0,0.799570222100963,0.7658927196351274,1.2117589712142944,0.1,sign_flip,True,False,9421.246344231702,2.8159916400909424,0.573349580850614
AgriTrust-ACFL,2,3,1,False,0.47718214988708496,0.6703211273158737,0.5708125233650208,1.0,7.0,0.5735037986032469,0.5858685049801087,0.8790194988250732,0.1,sign_flip,True,False,9827.033823109545,2.8159916400909424,0.573349580850614
AgriTrust-ACFL,2,4,1,False,0.5865564495325089,0.23234067401635825,0.12307511270046234,1.0,7.0,0.4776305554464852,0.621441458511184,0.45575547218322754,0.1,sign_flip,True,False,305.1113977693514,2.8159916400909424,0.573349580850614
AgriTrust-ACFL,2,6,1,False,0.6993166208267212,0.5284898311359288,0.3990669846534729,1.0,7.0,0.6674069804199283,0.7158694809744215,0.7585650086402893,0.1,sign_flip,True,False,469.23937290693107,2.8159916400909424,0.573349580850614
AgriTrust-ACFL,2,7,1,False,0.8428463041782379,1.0,0.25648465752601624,1.0,7.0,0.9091277814021363,0.8056575324203961,1.126396656036377,0.1,sign_flip,True,False,4806.27004180889,2.8159916400909424,0.573349580850614
AgriTrust-ACFL,2,9,1,True,0.5849142298102379,0.17161205890374934,0.5708125233650208,1.0,7.0,0.4213673568169189,0.6319542894061386,3.359076738357544,0.1,sign_flip,True,False,437.6057041733473,2.8159916400909424,0.573349580850614
AgriTrust-ACFL,3,1,0,False,0.43840425461530685,0.6902956759907123,0.06746003031730652,1.0,9.0,0.5441075602121056,0.6781962696229429,1.2540690898895264,0.1,sign_flip,True,False,13718.55414193289,2.525697648525238,0.5144949811818063
AgriTrust-ACFL,3,2,2,False,0.3703790754079819,0.670321195353141,0.3118835985660553,1.0,9.0,0.5088811910134142,0.701639837479699,1.2757306098937988,0.1,sign_flip,True,False,3509.0505462802016,2.525697648525238,0.5144949811818063
AgriTrust-ACFL,3,3,0,False,0.7218510657548904,1.0,0.891154944896698,1.0,9.0,0.8119350756092829,0.6423851476374023,1.0102790594100952,0.1,sign_flip,True,False,16898.583693749504,2.525697648525238,0.5144949811818063
AgriTrust-ACFL,3,4,1,False,0.786828339099884,0.2476994026230388,0.6070665121078491,1.0,9.0,0.5722629309503334,0.6091468266209714,0.44767001271247864,0.1,sign_flip,True,False,299.0750571459411,2.525697648525238,0.5144949811818063
AgriTrust-ACFL,3,5,0,False,0.7855947017669678,0.11321168386926807,0.6070665121078491,1.0,9.0,0.44652821320155445,0.5120040620991568,0.2835560441017151,0.1,sign_flip,False,False,0.0,2.525697648525238,0.5144949811818063
AgriTrust-ACFL,3,6,2,False,0.4720262549817562,0.6085682814216835,0.3118835985660553,1.0,9.0,0.5608972566455066,0.6771264248921927,0.756211519241333,0.1,sign_flip,True,False,283.00743385454115,2.525697648525238,0.5144949811818063
AgriTrust-ACFL,3,7,2,False,0.7450339943170547,0.7791611217607863,0.3116989731788635,1.0,9.0,0.7882216289298555,0.8012985565477609,1.1685518026351929,0.1,sign_flip,True,False,3048.0321239854147,2.525697648525238,0.5144949811818063
AgriTrust-ACFL,3,8,1,False,0.7434993982315063,0.7136253907509331,0.891154944896698,1.0,9.0,0.7389219122687793,0.6064674307032039,0.8298131227493286,0.1,sign_flip,True,False,10172.548794608909,2.525697648525238,0.5144949811818063
AgriTrust-ACFL,3,9,0,True,0.6903300136327744,0.10972766115214337,0.44419795274734497,1.0,9.0,0.4036192739875431,0.5748705355514898,3.665736675262451,0.1,sign_flip,True,False,624.3094016089179,2.525697648525238,0.5144949811818063
AgriTrust-ACFL,4,2,1,False,0.6511500328779221,0.6703207753378116,0.4719160199165344,1.0,7.0,0.6940413731614508,0.6997402214001369,1.0262196063995361,0.1,sign_flip,True,False,5488.387161101377,1.7762833833694458,0.5111204522990193
AgriTrust-ACFL,4,3,0,False,0.5209672823548317,0.7622456584640744,0.7445141673088074,1.0,7.0,0.6255317491486825,0.6381717980152224,0.5536084175109863,0.1,sign_flip,True,False,16787.74731858844,1.7762833833694458,0.5111204522990193
AgriTrust-ACFL,4,4,0,False,0.6311752796173096,0.6477653137023708,0.4719160199165344,1.0,7.0,0.6763818215187558,0.6259555753454176,0.47669586539268494,0.1,sign_flip,True,False,481.9857930159715,1.7762833833694458,0.5111204522990193
AgriTrust-ACFL,4,5,0,False,0.7823021411895752,0.3514261503901972,0.2589283883571625,1.0,7.0,0.6257898820883941,0.5404505170964662,0.27172940969467163,0.1,sign_flip,True,False,249.1476883814709,1.7762833833694458,0.5111204522990193
AgriTrust-ACFL,4,6,1,False,0.6811089217662811,1.0,0.2814300060272217,1.0,7.0,0.7964861885967306,0.7069663658183271,0.7105133533477783,0.1,sign_flip,True,False,463.4035434941764,1.7762833833694458,0.5111204522990193
AgriTrust-ACFL,4,7,2,False,0.710112139582634,0.5690893808882519,0.2589283883571625,1.0,7.0,0.698630073454897,0.775631435774545,1.192867398262024,0.1,sign_flip,True,False,2950.397842720723,1.7762833833694458,0.5111204522990193
AgriTrust-ACFL,4,8,2,False,0.43909645080566406,0.8343614028920255,0.7445141673088074,1.0,7.0,0.5796519977666005,0.599763572469053,0.8391848206520081,0.1,sign_flip,True,False,6414.604236676841,1.7762833833694458,0.5111204522990193
AgriTrust-ACFL,5,0,3,False,0.8290736079216003,0.7674275734967909,0.7261974215507507,1.0,8.0,0.8120873448014244,0.743613368468423,1.2579516172409058,0.1,sign_flip,True,False,1423.0615321929654,2.128278687596321,0.5004972482469487
AgriTrust-ACFL,5,2,0,False,0.7704456150531769,0.5792936828305375,0.7261974215507507,1.0,8.0,0.7287082740705488,0.7069822345677399,1.9223097562789917,0.1,sign_flip,True,False,8696.588467417769,2.128278687596321,0.5004972482469487
AgriTrust-ACFL,5,3,3,False,0.3495642989873886,0.9162687553417164,0.5283775925636292,1.0,8.0,0.5307889521896206,0.6113260865588219,0.9629105925559998,0.1,sign_flip,True,False,4168.983666707545,2.128278687596321,0.5004972482469487
AgriTrust-ACFL,5,4,1,False,0.6119849383831024,0.6845132050120489,0.45228123664855957,1.0,8.0,0.6760924458091937,0.6384897929613615,0.47655683755874634,0.1,sign_flip,True,False,313.4816812167977,2.128278687596321,0.5004972482469487
AgriTrust-ACFL,5,5,1,False,0.6647130250930786,0.4672858042916308,0.21055418252944946,1.0,8.0,0.6232264968540159,0.5611445120358536,0.2679934501647949,0.1,sign_flip,True,False,164.94650901897882,2.128278687596321,0.5004972482469487
AgriTrust-ACFL,5,6,4,False,0.7630988359451294,0.9162687553417164,0.3952779769897461,1.0,8.0,0.8259151539825634,0.7367035628593861,0.7397123575210571,0.1,sign_flip,True,False,125.18601572644528,2.128278687596321,0.5004972482469487
AgriTrust-ACFL,5,8,0,False,0.42502689361572266,0.6564220483073253,0.5283775925636292,1.0,8.0,0.5298306641001878,0.5822803453768367,0.4473783075809479,0.1,sign_flip,True,False,15317.466765483066,2.128278687596321,0.5004972482469487
AgriTrust-ACFL,5,9,2,True,0.5326469242572784,0.39238262183108674,0.45583993196487427,1.0,8.0,0.5129209723795776,0.5593831447585118,3.458796262741089,0.1,sign_flip,True,False,246.98704130439657,2.128278687596321,0.5004972482469487
AgriTrust-ACFL,6,0,0,False,0.8774238228797913,0.6617446786074641,0.875412106513977,1.0,7.0,0.8013784184229237,0.7580546309570482,1.6075190305709839,0.1,sign_flip,True,False,5595.95928572493,2.3329511284828186,0.5898684093140921
AgriTrust-ACFL,6,1,4,False,0.5797296836972237,1.0,0.19805669784545898,1.0,7.0,0.7091157674908402,0.6859261440899171,0.9331804513931274,0.1,sign_flip,True,False,2293.5078654202634,2.3329511284828186,0.5898684093140921
AgriTrust-ACFL,6,2,0,False,0.8916600346565247,0.670320554924994,0.875412106513977,1.0,7.0,0.8250311508016301,0.7364944636262125,1.5804840326309204,0.1,sign_flip,True,False,9059.61839706604,2.3329511284828186,0.5898684093140921
AgriTrust-ACFL,6,5,1,False,0.782271534204483,0.399540893423281,0.3811681270599365,1.0,7.0,0.6503353179299024,0.5834422135093658,0.2786976397037506,0.1,sign_flip,False,False,0.0,2.3329511284828186,0.5898684093140921
AgriTrust-ACFL,6,6,0,False,0.771479606628418,0.8523196753282357,0.3327864408493042,1.0,7.0,0.8130520295760635,0.7557906795385554,0.7560555934906006,0.1,sign_flip,True,False,776.952818565635,2.3329511284828186,0.5898684093140921
AgriTrust-ACFL,6,7,4,False,0.5954556167125702,0.8165802817832069,0.1193460002541542,1.0,7.0,0.7066919610058302,0.7583965670823662,1.2186602354049683,0.1,sign_flip,True,False,1172.8878952636899,2.3329511284828186,0.5898684093140921
AgriTrust-ACFL,6,8,1,False,0.34994375705718994,0.5540603856227104,-0.011770577169954777,1.0,7.0,0.4525007289613251,0.5498354412729588,0.4287196397781372,0.1,sign_flip,False,False,0.0,2.3329511284828186,0.5898684093140921
AgriTrust-ACFL,7,0,0,False,0.6528390645980835,0.9768101823850615,0.20750656723976135,1.0,8.0,0.7655115545188657,0.7599188618475026,0.8118423819541931,0.1,sign_flip,True,False,5609.721038158264,1.9729634374380112,0.526373994432603
AgriTrust-ACFL,7,1,0,False,0.617662638425827,0.6779299257120445,0.19719573855400085,1.0,8.0,0.6534491097873715,0.6778068855142807,1.2694624662399292,0.1,sign_flip,True,False,13710.67768018287,1.9729634374380112,0.526373994432603
AgriTrust-ACFL,7,2,2,False,0.5184299144893885,0.47656760732541054,0.4457687735557556,1.0,8.0,0.5527043146692427,0.6905469263869701,1.9541444778442383,0.1,sign_flip,True,False,3453.5725308505203,1.9729634374380112,0.526373994432603
AgriTrust-ACFL,7,4,3,False,0.5494440272450447,0.6627966716157966,0.4457687735557556,1.0,8.0,0.6310388936919876,0.636627068144018,0.4768480062484741,0.1,sign_flip,True,False,127.08031265151142,1.9729634374380112,0.526373994432603
AgriTrust-ACFL,7,5,0,False,0.5373082607984543,0.4474955286310519,0.30747509002685547,1.0,8.0,0.5472450902868246,0.5743929327037305,0.29483962059020996,0.1,sign_flip,True,False,264.79514197641976,1.9729634374380112,0.526373994432603
AgriTrust-ACFL,7,6,1,False,0.6304955333471298,0.9768101823850615,0.3715364336967468,1.0,8.0,0.7580141235361602,0.7563465405379566,0.7665283679962158,0.1,sign_flip,True,False,495.7713463343446,1.9729634374380112,0.526373994432603
AgriTrust-ACFL,7,8,1,False,0.5409162789583206,0.6930869899959003,0.4664284288883209,1.0,8.0,0.6149091678432925,0.5661038729155422,0.5036554336547852,0.1,sign_flip,True,False,9495.512831370272,1.9729634374380112,0.526373994432603
AgriTrust-ACFL,7,9,3,True,0.5362164936959743,0.28539813071724784,0.4664284288883209,1.0,8.0,0.4679164080257317,0.5365164605753168,3.6601243019104004,0.1,sign_flip,True,False,151.04812044926695,1.9729634374380112,0.526373994432603
AgriTrust-ACFL,8,0,4,False,0.3652075231075287,0.501951235084405,0.7705552577972412,1.0,10.0,0.45547088907935823,0.6838068686554665,1.7600215673446655,0.1,sign_flip,True,False,834.406026815398,2.6917997002601624,0.5308901168088924
AgriTrust-ACFL,8,1,1,False,0.6037482917308807,0.7710728846984745,0.33379554748535156,1.0,10.0,0.6707218876378511,0.6760356360451732,1.2908310890197754,0.1,sign_flip,True,False,8719.468593332236,2.6917997002601624,0.5308901168088924
AgriTrust-ACFL,8,2,0,False,0.4002196192741394,0.8549299971476917,0.7705552577972412,1.0,10.0,0.5712408310831565,0.6607204025610167,1.198086142539978,0.1,sign_flip,True,False,8127.521671903067,2.6917997002601624,0.5308901168088924
AgriTrust-ACFL,8,3,0,False,0.8111926913261414,0.8549299971476917,0.8564367294311523,1.0,10.0,0.8259856549419428,0.6649909786546021,0.9553536176681519,0.1,sign_flip,True,False,17493.25268448796,2.6917997002601624,0.5308901168088924
AgriTrust-ACFL,8,4,1,False,0.7930051386356354,0.39599676911148657,0.5420172214508057,1.0,10.0,0.6615968431796554,0.6428695119029274,0.5479816794395447,0.1,sign_flip,True,False,315.6320079286645,2.6917997002601624,0.5308901168088924
AgriTrust-ACFL,8,5,0,False,0.8352120518684387,0.1663974975988386,0.6103025674819946,1.0,10.0,0.5183875709888188,0.5603915922750026,0.29296329617500305,0.1,sign_flip,True,False,258.3405240387762,2.6917997002601624,0.5308901168088924
AgriTrust-ACFL,8,6,3,False,0.3270942270755768,0.6404241269451407,0.3090035915374756,1.0,10.0,0.46549982862049644,0.6836348625585916,0.7754446864128113,0.1,sign_flip,True,False,182.18799899508414,2.6917997002601624,0.5308901168088924
AgriTrust-ACFL,8,7,1,False,0.8580176830291748,0.7839044847295552,0.6103025674819946,1.0,10.0,0.8534246689718396,0.7821535925547346,1.2755358219146729,0.1,sign_flip,True,False,4666.053786768827,2.6917997002601624,0.5308901168088924
AgriTrust-ACFL,8,8,0,False,0.7489127069711685,0.7016134925157119,0.8564367294311523,1.0,10.0,0.7381075623293426,0.6091047952689923,0.8282721638679504,0.1,sign_flip,True,False,16023.110744346111,2.6917997002601624,0.5308901168088924
AgriTrust-ACFL,8,9,3,True,0.7792914509773254,0.1675172896389564,0.6803146600723267,1.0,10.0,0.4898337300432683,0.5248457779423047,3.888080358505249,0.1,sign_flip,False,False,0.0,2.6917997002601624,0.5308901168088924
AgriTrust-ACFL,9,0,2,False,0.6485224664211273,0.6447566498457495,0.17235654592514038,1.0,8.0,0.6733530573475757,0.6811934158284938,0.7668299078941345,0.1,sign_flip,True,False,2044.4639107976245,2.619137316942215,0.5356637838623042
AgriTrust-ACFL,9,1,2,False,0.6821892857551575,0.7106516397981295,0.46658873558044434,1.0,8.0,0.6999835224775293,0.6820226076532623,1.2780506610870361,0.1,sign_flip,True,False,5609.016042072268,2.619137316942215,0.5356637838623042
AgriTrust-ACFL,9,2,2,False,0.5905070304870605,0.6968991125916838,0.15174603462219238,1.0,8.0,0.6654274818812873,0.6618971723910844,0.8068726062774658,0.1,sign_flip,True,False,3310.288997704549,2.619137316942215,0.5356637838623042
AgriTrust-ACFL,9,3,2,False,0.8930602967739105,0.42872262713174847,0.8052324056625366,1.0,8.0,0.7079661186295927,0.6757347636483497,1.7791112661361694,0.1,sign_flip,True,False,7227.1329516135065,2.619137316942215,0.5356637838623042
AgriTrust-ACFL,9,6,0,False,0.4143000468611717,0.6418927293991568,0.16990496218204498,1.0,8.0,0.5304825635688903,0.6453467878111663,0.7645987868309021,0.1,sign_flip,True,False,663.416497869879,2.619137316942215,0.5356637838623042
AgriTrust-ACFL,9,7,2,False,0.7566717267036438,0.7010016836131654,0.4065302610397339,1.0,8.0,0.7701550429779451,0.7791539551605372,1.289538860321045,0.1,sign_flip,True,False,2963.7970335193722,2.619137316942215,0.5356637838623042
AgriTrust-ACFL,9,8,1,False,0.866178423166275,0.7106516397981295,0.8052324056625366,1.0,8.0,0.8026647539079512,0.657494784928732,0.8172591924667358,0.1,sign_flip,True,False,11028.453373222641,2.619137316942215,0.5356637838623042
AgriTrust-ACFL,9,9,4,True,0.823883593082428,0.1284856852219579,0.631568968296051,1.0,8.0,0.46642142120549007,0.510239688758101,3.9149787425994873,0.1,sign_flip,False,False,0.0,2.619137316942215,0.5356637838623042
AgriTrust-ACFL,10,0,0,False,0.5461647659540176,0.5092759830808568,0.3893153667449951,1.0,9.0,0.5707938770248865,0.653593531127592,1.6739916801452637,0.1,sign_flip,True,False,4824.827446783884,1.9031690061092377,0.5234719276041707
AgriTrust-ACFL,10,1,3,False,0.507125991396606,0.6478865762753933,0.2254321575164795,1.0,9.0,0.5783710136624274,0.6561097091555536,1.2637646198272705,0.1,sign_flip,True,False,3440.5815721348586,1.9031690061092377,0.5234719276041707
AgriTrust-ACFL,10,3,4,False,0.5719754099845886,0.7822304196082447,0.7323800325393677,1.0,9.0,0.6636408021044938,0.6727112732623858,0.571445882320404,0.1,sign_flip,True,False,2925.1857828971133,1.9031690061092377,0.5234719276041707
AgriTrust-ACFL,10,4,0,False,0.5695954263210297,0.6703206200452168,0.2643943727016449,1.0,9.0,0.6458482331163246,0.6436141922062767,0.477169394493103,0.1,sign_flip,True,False,495.58292799883304,1.9031690061092377,0.5234719276041707
AgriTrust-ACFL,10,5,0,False,0.6721537709236145,0.41548844800608237,0.2668676972389221,1.0,9.0,0.6053377621092456,0.5716281347335633,0.27295801043510437,0.1,sign_flip,True,False,263.5205701121727,1.9031690061092377,0.5234719276041707
AgriTrust-ACFL,10,6,2,False,0.6851685047149658,1.0,0.28113192319869995,1.0,9.0,0.7990936906476586,0.6837835135202893,0.7612676024436951,0.1,sign_flip,True,False,285.78978808016427,1.9031690061092377,0.5234719276041707
AgriTrust-ACFL,10,7,6,False,0.6621240079402924,0.6909617662175496,0.3893153667449951,1.0,9.0,0.7125513314518568,0.7625032992333671,1.1722512245178223,0.1,sign_flip,True,False,479.4428420844631,1.9031690061092377,0.5234719276041707
AgriTrust-ACFL,10,8,0,False,0.55681037530303,0.7438915912752697,0.7323800325393677,1.0,9.0,0.6381827130889345,0.6526667669687827,0.5388751029968262,0.1,sign_flip,True,False,17169.051971880795,1.9031690061092377,0.5234719276041707
AgriTrust-ACFL,10,9,2,True,0.5733260735869408,0.29516585886887825,0.3838214874267578,1.0,9.0,0.49038436194534957,0.5052758570549131,3.1650946140289307,0.1,sign_flip,False,False,0.0,1.9031690061092377,0.5234719276041707
RawTrust,1,0,0,False,0.8055307865142822,0.761331987676632,0.9046610593795776,1.0,7.0,0.797411923411852,0.7842939674068634,2.00687837600708,0.1,model_replace,,,,,
RawTrust,1,1,0,False,0.8446044325828552,0.896699275913707,0.7128185033798218,1.0,7.0,0.844105029595345,0.8305352160900292,1.5805162191390991,0.1,model_replace,,,,,
RawTrust,1,2,0,False,0.8432656228542328,0.6703211174095208,0.9046610593795776,1.0,7.0,0.8000944500244442,0.7913200564758183,2.1732754707336426,0.1,model_replace,,,,,
RawTrust,1,4,0,False,0.8934335708618164,0.13449017358689216,0.7556198835372925,1.0,7.0,0.5109466356105341,0.5086900122714577,0.48225727677345276,0.1,model_replace,,,,,
RawTrust,1,5,0,False,0.6556451767683029,0.05417410933532651,0.1358092874288559,1.0,7.0,0.3240617268944712,0.3540282439319977,0.27302640676498413,0.1,model_replace,,,,,
RawTrust,1,8,0,False,0.20931434631347656,1.0,-0.12136932462453842,1.0,7.0,0.40718574282404746,0.4875959563816848,1.6921005249023438,0.1,model_replace,,,,,
RawTrust,1,9,0,True,0.9208666682243347,0.12908189524299002,0.7556198835372925,1.0,7.0,0.49655076916124447,0.6405786425926164,6.091526508331299,0.1,model_replace,,,,,
RawTrust,2,0,0,False,0.8768764734268188,0.670324037545329,0.8096742033958435,1.0,7.0,0.8042052263759236,0.7892717821491284,1.474294662475586,0.1,model_replace,,,,,
RawTrust,2,2,0,False,0.913748562335968,1.0,0.8096742033958435,1.0,7.0,0.9428240634025152,0.8291960582074924,1.5767306089401245,0.1,model_replace,,,,,
RawTrust,2,3,1,False,0.24227309226989746,0.8491252622569979,-0.21698933839797974,1.0,7.0,0.424067022683579,0.5225279031111052,1.620637059211731,0.1,model_replace,,,,,
RawTrust,2,4,1,False,0.7515665590763092,0.000833932451327003,0.7561544179916382,1.0,7.0,0.10111264920782288,0.406795671505549,0.47940388321876526,0.1,model_replace,,,,,
RawTrust,2,6,1,False,0.7603758275508881,0.013282591910021497,0.38115042448043823,1.0,7.0,0.23145126109800715,0.49245919217988054,0.7631102800369263,0.1,model_replace,,,,,
RawTrust,2,7,1,False,0.8010566830635071,0.9826613737913642,0.5111941695213318,1.0,7.0,0.8794259336424293,0.8365573398733297,1.5813688039779663,0.1,model_replace,,,,,
RawTrust,2,9,1,True,0.7984503507614136,0.00033418266241045654,0.7561544179916382,1.0,7.0,0.07688247802173877,0.499654601449897,6.046570301055908,0.1,model_replace,,,,,
RawTrust,3,1,0,False,0.6824733316898346,1.0,0.6487153172492981,1.0,9.0,0.7756936270556198,0.8168248188314269,1.6679214239120483,0.1,model_replace,,,,,
RawTrust,3,2,2,False,0.6040402352809906,0.6703210540736675,0.4235590994358063,1.0,9.0,0.6659583294678553,0.7883866260225831,2.1761720180511475,0.1,model_replace,,,,,
RawTrust,3,3,0,False,0.4666934125125408,0.8118549121462669,0.8167864084243774,1.0,9.0,0.6000481042030986,0.5419079533841036,1.9158884286880493,0.1,model_replace,,,,,
RawTrust,3,4,1,False,0.7072809338569641,0.14154023679413963,0.4282601475715637,1.0,9.0,0.4562718537504209,0.419164717066767,0.4544975757598877,0.1,model_replace,,,,,
RawTrust,3,5,0,False,0.7080991566181183,0.0669666588603946,0.4282601475715637,1.0,9.0,0.3602729544036336,0.3555894215499067,0.2763124108314514,0.1,model_replace,,,,,
RawTrust,3,6,2,False,0.5585748516023159,0.3125028167599051,0.3600400686264038,1.0,9.0,0.503802218479245,0.49529494875472163,0.7696014046669006,0.1,model_replace,,,,,
RawTrust,3,7,2,False,0.734261080622673,0.9449920346828905,0.4235590994358063,1.0,9.0,0.8285324850910857,0.8345511261777687,1.6063342094421387,0.1,model_replace,,,,,
RawTrust,3,8,1,False,0.4559158533811569,0.8974260576978129,0.8167864084243774,1.0,9.0,0.6048383221517699,0.5169065478242061,1.792380928993225,0.1,model_replace,,,,,
RawTrust,3,9,0,True,0.6841631233692169,0.145108480159982,0.6487153172492981,1.0,9.0,0.43675863154509775,0.48393060897369716,6.0204548835754395,0.1,model_replace,,,,,
RawTrust,4,2,1,False,0.5883322060108185,0.9269247097897134,0.48865389823913574,1.0,7.0,0.7234054063916263,0.7721413211148439,1.6006312370300293,0.1,model_replace,,,,,
RawTrust,4,3,0,False,0.5324039906263351,0.6703217820123557,0.8102529048919678,1.0,7.0,0.6091059444815203,0.5587074511584578,1.814028263092041,0.1,model_replace,,,,,
RawTrust,4,4,0,False,0.5915463715791702,0.04495440297356698,0.48865389823913574,1.0,7.0,0.2931633245979703,0.38766436894956785,0.46919628977775574,0.1,model_replace,,,,,
RawTrust,4,5,0,False,0.7718252539634705,0.011150161235434315,0.28671449422836304,1.0,7.0,0.22061859519220367,0.32184671496048095,0.2738756537437439,0.1,model_replace,,,,,
RawTrust,4,6,1,False,0.682592511177063,0.15133429910296176,0.39010846614837646,1.0,7.0,0.452563144023684,0.48461199757196227,0.7497411370277405,0.1,model_replace,,,,,
RawTrust,4,7,2,False,0.7499054223299026,1.0,0.28671449422836304,1.0,7.0,0.8525441685568146,0.8390493867725302,1.55441153049469,0.1,model_replace,,,,,
RawTrust,4,8,2,False,0.5204285383224487,0.706997552623288,0.8102529048919678,1.0,7.0,0.6055877697338742,0.5390768533016231,1.7770963907241821,0.1,model_replace,,,,,
RawTrust,5,0,3,False,0.7450277954339981,0.9263721307256386,0.6953393220901489,1.0,8.0,0.8102066979770316,0.7945055111061042,1.4670429229736328,0.1,model_replace,,,,,
RawTrust,5,2,0,False,0.815250962972641,0.7769111356563807,0.6953393220901489,1.0,8.0,0.8209138820372978,0.7843344613454574,2.3517801761627197,0.1,model_replace,,,,,
RawTrust,5,3,3,False,0.2393438220024109,0.9128614365215515,0.5476006269454956,1.0,8.0,0.43048577236369834,0.5266520314597679,1.8659989833831787,0.1,model_replace,,,,,
RawTrust,5,4,1,False,0.8070147335529327,0.41786796177176594,0.7783468961715698,1.0,8.0,0.6788606851627551,0.46046344800286465,0.46812278032302856,0.1,model_replace,,,,,
RawTrust,5,5,1,False,0.6632436513900757,0.28216737308691675,0.11227113008499146,1.0,8.0,0.5350502526983674,0.37514759939495257,0.26648762822151184,0.1,model_replace,,,,,
RawTrust,5,6,4,False,0.7307518720626831,0.5783539066666703,0.35206207633018494,1.0,8.0,0.7024909011983359,0.5390817234785557,0.7462612390518188,0.1,model_replace,,,,,
RawTrust,5,8,0,False,0.3382761478424072,0.9263721307256386,0.5476006269454956,1.0,8.0,0.5181887939310414,0.5338548384589776,1.8270750045776367,0.1,model_replace,,,,,
RawTrust,5,9,2,True,0.7989469766616821,0.4200620111137325,0.7783468961715698,1.0,8.0,0.6542967203940274,0.5265221368287797,5.682980537414551,0.1,model_replace,,,,,
RawTrust,6,0,0,False,0.8540816605091095,0.6703211957828777,0.9068584442138672,1.0,7.0,0.7926379777889839,0.7940386277768242,2.017453670501709,0.1,model_replace,,,,,
RawTrust,6,1,4,False,0.6105193868279457,0.8142012067992132,0.1923806071281433,1.0,7.0,0.6859576778881259,0.7841080335956016,1.417356252670288,0.1,model_replace,,,,,
RawTrust,6,2,0,False,0.8703524470329285,0.5955917892419585,0.9068584442138672,1.0,7.0,0.7857654252924978,0.7846922023322175,2.1613855361938477,0.1,model_replace,,,,,
RawTrust,6,5,1,False,0.8220587372779846,0.050842660579855516,0.40663763880729675,1.0,7.0,0.3600703634785946,0.3713782904158631,0.2813420593738556,0.1,model_replace,,,,,
RawTrust,6,6,0,False,0.7918067574501038,0.28358634455076215,0.34774595499038696,1.0,7.0,0.5928642907370577,0.5525273652931811,0.7663564085960388,0.1,model_replace,,,,,
RawTrust,6,7,4,False,0.615240141749382,1.0,0.1484804004430771,1.0,7.0,0.7646063165443113,0.8204386192154755,1.597805142402649,0.1,model_replace,,,,,
RawTrust,6,8,1,False,0.2709067761898041,0.9637742291610969,-0.011903021484613419,1.0,7.0,0.4640840429199944,0.5164121395742318,1.6325498819351196,0.1,model_replace,,,,,
RawTrust,7,0,0,False,0.7881651520729065,0.972632789666153,0.7985107898712158,1.0,8.0,0.8479875404134053,0.8075258559359695,1.4526554346084595,0.1,model_replace,,,,,
RawTrust,7,1,0,False,0.7415509223937988,0.972632789666153,0.5553836822509766,1.0,8.0,0.8052028566374113,0.7893817393560539,1.3458129167556763,0.1,model_replace,,,,,
RawTrust,7,2,2,False,0.8559625744819641,0.6872360941899982,0.7985107898712158,1.0,8.0,0.8127516969423723,0.7917070759847562,2.3431808948516846,0.1,model_replace,,,,,
RawTrust,7,4,3,False,0.8658429980278015,0.4537500327789425,0.7596793174743652,1.0,8.0,0.7233036614892511,0.5261735013744613,0.471155047416687,0.1,model_replace,,,,,
RawTrust,7,5,0,False,0.4278324246406555,0.3008554707318167,0.1025930643081665,1.0,8.0,0.42857835718731047,0.38567830710872497,0.2676122784614563,0.1,model_replace,,,,,
RawTrust,7,6,1,False,0.7244818061590195,0.6538213297421175,0.37640947103500366,1.0,8.0,0.7253739880006688,0.595739020970053,0.7790107131004333,0.1,model_replace,,,,,
RawTrust,7,8,1,False,0.2375001609325409,0.9331905604260124,0.1025930643081665,1.0,8.0,0.42752288410392253,0.4941898257066545,1.537839651107788,0.1,model_replace,,,,,
RawTrust,7,9,3,True,0.8987162113189697,0.3546013100737051,0.7596793174743652,1.0,8.0,0.6634533050517024,0.5607549288845104,5.826122760772705,0.1,model_replace,,,,,
RawTrust,8,0,4,False,0.7530218660831451,0.6688241330611079,0.8247740268707275,1.0,10.0,0.7390997865126702,0.7904193385801447,1.8362970352172852,0.1,model_replace,,,,,
RawTrust,8,1,1,False,0.6549368649721146,0.8919186600836654,0.46277502179145813,1.0,10.0,0.7327407783102858,0.7752214990946119,1.3585129976272583,0.1,model_replace,,,,,
RawTrust,8,2,0,False,0.7896811366081238,0.8919186600836654,0.8247740268707275,1.0,10.0,0.8407599484588287,0.8039702941032744,1.552451491355896,0.1,model_replace,,,,,
RawTrust,8,3,0,False,0.3363520950078964,0.6718216081857922,0.8434993028640747,1.0,10.0,0.4734652267102551,0.5133553302723897,1.8315132856369019,0.1,model_replace,,,,,
RawTrust,8,4,1,False,0.7376010715961456,0.12743747595371266,0.46277502179145813,1.0,10.0,0.45245472245927204,0.507743806645664,0.43664413690567017,0.1,model_replace,,,,,
RawTrust,8,5,0,False,0.5431755147874355,0.06354037900129221,0.42677247524261475,1.0,10.0,0.30651686213903356,0.3658879458663021,0.29094812273979187,0.1,model_replace,,,,,
RawTrust,8,6,3,False,0.6450971961021423,0.3534013348465572,0.3640960454940796,1.0,10.0,0.5658266868988732,0.588260937452258,0.7916423678398132,0.1,model_replace,,,,,
RawTrust,8,7,1,False,0.7122302651405334,0.8856319105868933,0.3541981279850006,1.0,10.0,0.7990620900132054,0.8150944869149079,1.3529189825057983,0.1,model_replace,,,,,
RawTrust,8,8,0,False,0.30706775188446045,0.7462018232496447,0.8434993028640747,1.0,10.0,0.4604567274211318,0.4857565511352738,1.7226955890655518,0.1,model_replace,,,,,
RawTrust,8,9,3,True,0.7088652104139328,0.08169825126838318,0.4864676594734192,1.0,10.0,0.3748605060987931,0.5142813231880811,6.260189533233643,0.1,model_replace,,,,,
RawTrust,9,0,2,False,0.8051669895648956,0.8710990542022642,0.8217774629592896,1.0,8.0,0.8300855706035748,0.8003358965860021,1.499900460243225,0.1,model_replace,,,,,
RawTrust,9,1,2,False,0.6202785670757294,0.5614777410984879,0.45540159940719604,1.0,8.0,0.6189642783381812,0.7361571939055043,1.2975966930389404,0.1,model_replace,,,,,
RawTrust,9,2,2,False,0.8107036650180817,0.8710990542022641,0.8217774629592896,1.0,8.0,0.8469746408192321,0.8147213807822639,1.6428782939910889,0.1,model_replace,,,,,
RawTrust,9,3,2,False,0.29409657418727875,0.6908949409015043,0.8619630932807922,1.0,8.0,0.4434740449289854,0.4958850089365386,1.7734185457229614,0.1,model_replace,,,,,
RawTrust,9,6,0,False,0.788847804069519,0.11084346009638886,0.4071198105812073,1.0,8.0,0.4463426937569671,0.5527813765284353,0.7597795724868774,0.1,model_replace,,,,,
RawTrust,9,7,2,False,0.684700220823288,0.65036181565277,0.273628294467926,1.0,8.0,0.7127464852170533,0.7895074864904443,1.3620545864105225,0.1,model_replace,,,,,
RawTrust,9,8,1,False,0.29094794392585754,0.7688349481158028,0.8619630932807922,1.0,8.0,0.4510258787746514,0.4770738830451182,1.711973786354065,0.1,model_replace,,,,,
RawTrust,9,9,4,True,0.7439956665039062,0.015032365775301891,0.5381737947463989,1.0,8.0,0.23166891688396005,0.4436282216120508,6.269389629364014,0.1,model_replace,,,,,
RawTrust,10,0,0,False,0.670600414276123,0.6903841380602161,0.4038568437099457,1.0,9.0,0.7000799892780015,0.7752719197590019,1.6486246585845947,0.1,model_replace,,,,,
RawTrust,10,1,3,False,0.6945526152849197,0.8246921868500496,0.5370295643806458,1.0,9.0,0.7392111233812932,0.7369206762744515,1.3235151767730713,0.1,model_replace,,,,,
RawTrust,10,3,4,False,0.41964929550886154,0.6960345125886607,0.719491183757782,1.0,9.0,0.5404455293939591,0.5070251390508937,1.643392562866211,0.1,model_replace,,,,,
RawTrust,10,4,0,False,0.7895677089691162,0.04844890477750364,0.6728927493095398,1.0,9.0,0.3514256672719494,0.4686642718022353,0.43820318579673767,0.1,model_replace,,,,,
RawTrust,10,5,0,False,0.6957181692123413,0.013715153024860668,0.3172338902950287,1.0,9.0,0.22172816681524563,0.32984800110353796,0.26788026094436646,0.1,model_replace,,,,,
RawTrust,10,6,2,False,0.622214064002037,0.20052066271367117,0.3738107681274414,1.0,9.0,0.4679762128864848,0.5315800856179477,0.7624949216842651,0.1,model_replace,,,,,
RawTrust,10,7,6,False,0.7398252636194229,1.0,0.4038568437099457,1.0,9.0,0.8462220804658795,0.8036861349843032,1.426830530166626,0.1,model_replace,,,,,
RawTrust,10,8,0,False,0.3528778403997421,0.6703217649493047,0.719491183757782,1.0,9.0,0.4813173585735452,0.478134751927225,1.6676937341690063,0.1,model_replace,,,,,
RawTrust,10,9,2,True,0.7939906120300293,0.040927636188831905,0.6728927493095398,1.0,9.0,0.3242644178558535,0.4137872706730015,4.961821556091309,0.1,model_replace,,,,,
AgriTrust-ACFL,1,0,0,False,0.7118769288063049,0.7087863804345763,0.8040083646774292,1.0,7.0,0.72919324583634,0.7070954692141798,1.3217952251434326,0.1,model_replace,True,False,5219.778753739075,2.594696581363678,0.5663223557784326
AgriTrust-ACFL,1,1,0,False,0.7289343178272247,1.0,0.48758161067962646,1.0,7.0,0.8043067523068892,0.7496845123972422,1.0378786325454712,0.1,model_replace,True,False,15164.618316771415,2.594696581363678,0.5663223557784326
AgriTrust-ACFL,1,2,0,False,0.7809938192367554,0.7441664799679415,0.8040083646774292,1.0,7.0,0.7914676694917264,0.7742976241458845,1.2773276567459106,0.1,model_replace,True,False,9524.635074618525,2.594696581363678,0.5663223557784326
AgriTrust-ACFL,1,4,0,False,0.8083064556121826,0.2808295750572068,0.42103689908981323,1.0,7.0,0.6030923360064824,0.6714843424732679,0.4252658486366272,0.1,model_replace,True,False,517.0429437044163,2.594696581363678,0.5663223557784326
AgriTrust-ACFL,1,5,0,False,0.615738719701767,0.15824659522743997,0.35624098777770996,1.0,7.0,0.43180801271065183,0.5187219056788239,0.2842196226119995,0.1,model_replace,False,False,0.0,2.594696581363678,0.5663223557784326
AgriTrust-ACFL,1,8,0,False,0.26630014181137085,0.670321000186297,0.1644008606672287,1.0,7.0,0.4122799663832423,0.5259762366473074,0.7836188077926636,0.1,model_replace,False,False,0.0,2.594696581363678,0.5663223557784326
AgriTrust-ACFL,1,9,0,True,0.8390293717384338,0.09722968578712521,0.48758161067962646,1.0,7.0,0.4333242057064563,0.7150966238027099,5.336411952972412,0.1,model_replace,True,False,776.5949334497429,2.594696581363678,0.5663223557784326
AgriTrust-ACFL,2,0,0,False,0.7996618151664734,0.6703212114828094,0.5290979146957397,1.0,7.0,0.7644493382447876,0.7214339364718317,1.106404423713684,0.1,model_replace,True,False,5325.625319035062,2.197548747062683,0.5778062287618497
AgriTrust-ACFL,2,2,0,False,0.8339416086673737,0.9572131379718406,0.5290979146957397,1.0,7.0,0.8849182842198055,0.8019527891643647,0.8571866750717163,0.1,model_replace,True,False,9864.82125951085,2.197548747062683,0.5778062287618497
AgriTrust-ACFL,2,3,1,False,0.45866193249821663,1.0,0.0342048779129982,1.0,7.0,0.6326974809378463,0.6006669255637586,0.8790194988250732,0.1,model_replace,True,False,10075.25433397156,2.197548747062683,0.5778062287618497
AgriTrust-ACFL,2,4,1,False,0.5603692680597305,0.3191711737790442,0.33889147639274597,1.0,7.0,0.5123327274369586,0.6316964387141906,0.45575547218322754,0.1,model_replace,True,False,310.14632310460735,2.197548747062683,0.5778062287618497
AgriTrust-ACFL,2,6,1,False,0.7439282536506653,0.7739573640072525,0.48097899556159973,1.0,7.0,0.7742234594852065,0.7425736007407411,0.7585650086402893,0.1,model_replace,True,False,486.7434357929799,2.197548747062683,0.5778062287618497
AgriTrust-ACFL,2,7,1,False,0.7913656234741211,0.6497716635071888,0.30887869000434875,1.0,7.0,0.7716120412587805,0.7712785973845571,1.126396656036377,0.1,model_replace,True,False,4601.177382852868,2.197548747062683,0.5778062287618497
AgriTrust-ACFL,2,9,1,True,0.5253308154642582,0.042937260611702825,0.33889147639274597,1.0,7.0,0.26211038404618775,0.6018500638635793,5.374522686004639,0.1,model_replace,True,False,416.7596065394114,2.197548747062683,0.5778062287618497
AgriTrust-ACFL,3,1,0,False,0.5389207229018211,0.9680511107982569,0.6494334936141968,1.0,9.0,0.6746076606872005,0.7309152994697318,1.1908680200576782,0.1,model_replace,True,False,14784.954677673733,2.921379506587982,0.5067523179392998
AgriTrust-ACFL,3,2,2,False,0.4107380881905556,0.8601707150877315,0.3118835985660553,1.0,9.0,0.5805132048656614,0.7465928930896888,1.2757306098937988,0.1,model_replace,True,False,3733.8703696696666,2.921379506587982,0.5067523179392998
AgriTrust-ACFL,3,3,0,False,0.674540787935257,0.7901982888155265,0.8699072599411011,1.0,9.0,0.7288706563188807,0.6327178582525391,1.018753170967102,0.1,model_replace,True,False,16644.275979191294,2.921379506587982,0.5067523179392998
AgriTrust-ACFL,3,4,1,False,0.8111107349395752,0.2853072535228084,0.5788867473602295,1.0,9.0,0.6071165287665061,0.6255514612272695,0.5627467632293701,0.1,model_replace,True,False,307.1293009143153,2.921379506587982,0.5067523179392998
AgriTrust-ACFL,3,5,0,False,0.8127617537975311,0.0890820140082669,0.5788867473602295,1.0,9.0,0.42338857020523435,0.49488857181042656,0.28562435507774353,0.1,model_replace,False,False,0.0,2.921379506587982,0.5067523179392998
AgriTrust-ACFL,3,6,2,False,0.45828647166490555,0.47378832174395835,0.3118835985660553,1.0,9.0,0.5119290943414259,0.6849124741409123,0.756211519241333,0.1,model_replace,True,False,286.2616412473423,2.921379506587982,0.5067523179392998
AgriTrust-ACFL,3,7,2,False,0.7298960536718369,1.0,0.35879769921302795,1.0,9.0,0.8399566544448234,0.7884481116496236,1.1685518026351929,0.1,model_replace,True,False,2999.1507569381843,2.921379506587982,0.5067523179392998
AgriTrust-ACFL,3,8,1,False,0.6740264594554901,0.6703211966023748,0.8699072599411011,1.0,9.0,0.6870847690035874,0.5662533697363774,1.4752159118652344,0.1,model_replace,True,False,9498.02040824513,2.921379506587982,0.5067523179392998
AgriTrust-ACFL,3,9,0,True,0.5011623124592006,0.06450654490137904,0.6494334936141968,1.0,9.0,0.28857925059179884,0.5235323605456342,5.769966125488281,0.1,model_replace,True,False,568.5561435525588,2.921379506587982,0.5067523179392998
AgriTrust-ACFL,4,2,1,False,0.4910060903057456,0.750529742193986,0.45914778113365173,1.0,7.0,0.6147295998398014,0.7136270697772169,0.9956573247909546,0.1,model_replace,True,False,5597.30815493595,1.748141199350357,0.5303625968297081
AgriTrust-ACFL,4,3,0,False,0.668811708688736,0.8853624360314701,0.649363100528717,1.0,7.0,0.7506345963784314,0.6621970427840121,0.6018950939178467,0.1,model_replace,True,False,17419.755407476223,1.748141199350357,0.5303625968297081
AgriTrust-ACFL,4,4,0,False,0.4951834944076836,0.6703205903868269,0.45914778113365173,1.0,7.0,0.5979849953343417,0.6186598447540375,0.42728617787361145,0.1,model_replace,True,False,476.36808046060884,1.748141199350357,0.5303625968297081
AgriTrust-ACFL,4,5,0,False,0.7983902990818024,0.45407386090367907,0.4139081835746765,1.0,7.0,0.6834058121785743,0.5420178819024635,0.2644954025745392,0.1,model_replace,True,False,249.87024355703565,1.748141199350357,0.5303625968297081
AgriTrust-ACFL,4,6,1,False,0.6231662556529045,1.0,0.2501069903373718,1.0,7.0,0.7584750459355118,0.7033031170895623,0.6992564797401428,0.1,model_replace,True,False,461.0023508438794,1.748141199350357,0.5303625968297081
AgriTrust-ACFL,4,7,2,False,0.787511795759201,0.5181449214249466,0.4139081835746765,1.0,7.0,0.7190185210754124,0.7710907140060708,1.571319580078125,0.1,model_replace,True,False,2933.125546766494,1.748141199350357,0.5303625968297081
AgriTrust-ACFL,4,8,2,False,0.6105089634656906,0.5414383529275814,0.649363100528717,1.0,7.0,0.610307131696977,0.5772668102265273,1.4884947538375854,0.1,model_replace,True,False,6173.996382154527,1.748141199350357,0.5303625968297081
AgriTrust-ACFL,5,0,3,False,0.6166509091854095,0.8937573180082288,0.4508793354034424,1.0,8.0,0.7223586261415346,0.7216651088892574,1.1005314588546753,0.1,model_replace,True,False,1381.0588931467812,2.3003047704696655,0.5057951863899321
AgriTrust-ACFL,5,2,0,False,0.7193783223628998,0.6505379999130134,0.4588575065135956,1.0,8.0,0.7265814592217125,0.7168656671383409,1.9300402402877808,0.1,model_replace,True,False,8818.164571468731,2.3003047704696655,0.5057951863899321
AgriTrust-ACFL,5,3,3,False,0.3413655757904053,0.7281770819430712,0.4605875015258789,1.0,8.0,0.489009247554869,0.6189000939767263,1.5811433792114258,0.1,model_replace,True,False,4220.635173016571,2.3003047704696655,0.5057951863899321
AgriTrust-ACFL,5,4,1,False,0.7047226428985596,0.6536402920216159,0.627487301826477,1.0,8.0,0.7206025579599636,0.644145523055519,0.4253564476966858,0.1,model_replace,True,False,316.2584958158248,2.3003047704696655,0.5057951863899321
AgriTrust-ACFL,5,5,1,False,0.6671316027641296,0.49019072162412636,0.07497873902320862,1.0,8.0,0.6335022882299399,0.5648889834843326,0.2557011544704437,0.1,model_replace,True,False,166.04718358729463,2.3003047704696655,0.5057951863899321
AgriTrust-ACFL,5,6,4,False,0.7088175266981125,0.8937573180082288,0.4508793354034424,1.0,8.0,0.7871707822092303,0.7242700333694794,0.7397123575210571,0.1,model_replace,True,False,123.07322016425553,2.3003047704696655,0.5057951863899321
AgriTrust-ACFL,5,8,0,False,0.4377963915467262,0.6874262155181796,0.4605875015258789,1.0,8.0,0.5460352001386987,0.5694589077045701,0.46500906348228455,0.1,model_replace,True,False,14980.18602607642,2.3003047704696655,0.5057951863899321
AgriTrust-ACFL,5,9,2,True,0.6103616505861282,0.36099226548540686,0.627487301826477,1.0,8.0,0.5391606583793502,0.5274394350040632,5.469061851501465,0.1,model_replace,True,False,232.88278658298614,2.3003047704696655,0.5057951863899321
AgriTrust-ACFL,6,0,0,False,0.8393585681915283,0.665483627232755,0.8779852390289307,1.0,7.0,0.7833893735646831,0.7370961750581138,1.6138598918914795,0.1,model_replace,True,False,5441.243964278996,2.301383763551712,0.5871172897865371
AgriTrust-ACFL,6,1,4,False,0.4058624505996704,1.0,0.2475360631942749,1.0,7.0,0.5828428546886463,0.6938971882744605,0.9205535054206848,0.1,model_replace,True,False,2320.160374134767,2.301383763551712,0.5871172897865371
AgriTrust-ACFL,6,2,0,False,0.8413658738136292,0.6770448084695995,0.8779852390289307,1.0,7.0,0.8014988147360675,0.7380239540377725,1.5759923458099365,0.1,model_replace,True,False,9078.43265861864,2.301383763551712,0.5871172897865371
AgriTrust-ACFL,6,5,1,False,0.7439625263214111,0.4195434731090178,0.3707336187362671,1.0,7.0,0.6419607904834763,0.5841569352341185,0.277985543012619,0.1,model_replace,False,False,0.0,2.301383763551712,0.5871172897865371
AgriTrust-ACFL,6,6,0,False,0.7961763441562653,0.8673230450053815,0.3251667320728302,1.0,7.0,0.8316076973125351,0.7511044493552433,0.7565320134162903,0.1,model_replace,True,False,772.1353739371901,2.301383763551712,0.5871172897865371
AgriTrust-ACFL,6,7,4,False,0.5211261659860611,0.6703205322802688,0.12436559051275253,1.0,7.0,0.6189658052881881,0.7330594868266,1.5978280305862427,0.1,model_replace,True,False,1133.7031784240035,2.301383763551712,0.5871172897865371
AgriTrust-ACFL,6,8,1,False,0.4088950753211975,0.5858169747756292,0.2475360631942749,1.0,7.0,0.5012659849321817,0.552410677011473,0.4404469132423401,0.1,model_replace,False,False,0.0,2.301383763551712,0.5871172897865371
AgriTrust-ACFL,7,0,0,False,0.511035037226975,0.9851279043025473,0.16797539591789246,1.0,8.0,0.6707504640465465,0.7205097473052219,0.8003770709037781,0.1,model_replace,True,False,5318.8029546071475,1.9617415219545364,0.5412761357520313
AgriTrust-ACFL,7,1,0,False,0.5534878000617027,0.7043436766270736,0.1930900514125824,1.0,8.0,0.6222829634749252,0.6759936320745765,1.2521058320999146,0.1,model_replace,True,False,13673.999189604534,1.9617415219545364,0.5412761357520313
AgriTrust-ACFL,7,2,2,False,0.7522680759429932,0.5026163752372896,0.6466819047927856,1.0,8.0,0.6892105352587895,0.7258205993430268,1.9638477563858032,0.1,model_replace,True,False,3629.9836961577366,1.9617415219545364,0.5412761357520313
AgriTrust-ACFL,7,4,3,False,0.8059579133987427,0.6379408984309787,0.722160816192627,1.0,8.0,0.7701761478214387,0.675653179246999,0.4307544529438019,0.1,model_replace,True,False,134.8705098465473,1.9617415219545364,0.5412761357520313
AgriTrust-ACFL,7,5,0,False,0.4379640929400921,0.47974906210698426,0.19001556932926178,1.0,8.0,0.4993645950388466,0.5629588501853006,0.29454344511032104,0.1,model_replace,True,False,259.5240299354236,1.9617415219545364,0.5412761357520313
AgriTrust-ACFL,7,6,1,False,0.6774996221065521,0.9851279043025473,0.3686731457710266,1.0,8.0,0.7906001713560499,0.7609783798554449,0.7690161466598511,0.1,model_replace,True,False,498.80743242895716,1.9617415219545364,0.5412761357520313
AgriTrust-ACFL,7,8,1,False,0.34000521898269653,0.7357592197100021,0.1930900514125824,1.0,8.0,0.4849432294872392,0.5355438151304145,0.5210341215133667,0.1,model_replace,False,False,0.0,1.9617415219545364,0.5412761357520313
AgriTrust-ACFL,7,9,3,True,0.8111002445220947,0.22567494758990886,0.722160816192627,1.0,8.0,0.5475601608588565,0.5324696164677616,5.714045524597168,0.1,model_replace,False,False,0.0,1.9617415219545364,0.5412761357520313
AgriTrust-ACFL,8,0,4,False,0.4440471790730953,0.700567244291588,0.467536985874176,1.0,10.0,0.5605137683464664,0.680510752565533,1.7012865543365479,0.1,model_replace,True,False,830.383986007397,3.1826813519001007,0.5387536655499894
AgriTrust-ACFL,8,1,1,False,0.5962722599506378,0.9951581543898962,0.33884599804878235,1.0,10.0,0.7191264472762926,0.6867768358750055,1.2680379152297974,0.1,model_replace,True,False,8858.007968443919,3.1826813519001007,0.5387536655499894
AgriTrust-ACFL,8,2,0,False,0.5457714460790157,0.6413803538435517,0.467536985874176,1.0,10.0,0.6215364618945908,0.6997495649809178,0.8865174651145935,0.1,model_replace,True,False,8607.61939883027,3.1826813519001007,0.5387536655499894
AgriTrust-ACFL,8,3,0,False,0.7232734262943268,0.8461119062774716,0.9275166988372803,1.0,10.0,0.7730718225758014,0.6574430261264951,1.4587527513504028,0.1,model_replace,True,False,17294.69624528358,3.1826813519001007,0.5387536655499894
AgriTrust-ACFL,8,4,1,False,0.7761087417602539,0.3543850036204891,0.5255303382873535,1.0,10.0,0.6323887680334445,0.6648370764436103,0.5467157363891602,0.1,model_replace,True,False,326.4175038604194,3.1826813519001007,0.5387536655499894
AgriTrust-ACFL,8,5,0,False,0.8067635297775269,0.16632945157924853,0.6003683805465698,1.0,10.0,0.5085381249453371,0.5493536688753098,0.2951849699020386,0.1,model_replace,True,False,253.25204135151782,3.1826813519001007,0.5387536655499894
AgriTrust-ACFL,8,6,3,False,0.38516946136951447,0.546358138832455,0.3100373148918152,1.0,10.0,0.4855800962625373,0.692128808957218,0.7779397368431091,0.1,model_replace,True,False,184.45162711396844,3.1826813519001007,0.5387536655499894
AgriTrust-ACFL,8,7,1,False,0.8275848627090454,0.9951581543898963,0.6003683805465698,1.0,10.0,0.8987271143972431,0.7744763937192607,1.2781071662902832,0.1,model_replace,True,False,4620.25431331626,3.1826813519001007,0.5387536655499894
AgriTrust-ACFL,8,8,0,False,0.6828755736351013,0.9390040628856665,0.9275166988372803,1.0,10.0,0.7656692840745841,0.593075182366457,1.3400479555130005,0.1,model_replace,True,False,15601.435747332016,3.1826813519001007,0.5387536655499894
AgriTrust-ACFL,8,9,3,True,0.37851907312870026,0.14291157787345612,0.45781487226486206,1.0,10.0,0.3139527859186331,0.47784040883047946,6.213010787963867,0.1,model_replace,False,False,0.0,3.1826813519001007,0.5387536655499894
AgriTrust-ACFL,9,0,2,False,0.6523280441761017,0.6037083371537695,0.19290325045585632,1.0,8.0,0.6623229478798579,0.6759638013941142,0.7615708708763123,0.1,model_replace,True,False,2028.7682834911395,3.186495304107666,0.545187768074506
AgriTrust-ACFL,9,1,2,False,0.7060576379299164,0.9882826895164113,0.46643561124801636,1.0,8.0,0.7875344094786879,0.711966229275926,1.259270191192627,0.1,model_replace,True,False,5855.2751134792525,3.186495304107666,0.545187768074506
AgriTrust-ACFL,9,2,2,False,0.6402809172868729,0.6247283424959584,0.1360127031803131,1.0,8.0,0.6732667077464956,0.6931288506723122,0.7886362671852112,0.1,model_replace,True,False,3466.4852851440587,3.186495304107666,0.545187768074506
AgriTrust-ACFL,9,3,2,False,0.7836165726184845,0.7192403710444296,0.8801853656768799,1.0,8.0,0.7694746661886546,0.685450936142035,1.783936858177185,0.1,model_replace,True,False,7331.049568265799,3.186495304107666,0.545187768074506
AgriTrust-ACFL,9,6,0,False,0.5065638818778098,0.6071947111248988,0.22207224369049072,1.0,8.0,0.5827152071738649,0.6647754085113797,0.766058623790741,0.1,model_replace,True,False,683.3891199496984,3.186495304107666,0.545187768074506
AgriTrust-ACFL,9,7,2,False,0.6837090849876404,0.9882826895164113,0.3819945454597473,1.0,8.0,0.8074337823655305,0.7827157408808282,1.2899260520935059,0.1,model_replace,True,False,2977.34558818166,3.186495304107666,0.545187768074506
AgriTrust-ACFL,9,8,1,False,0.7575864791870117,0.952026922465171,0.8801853656768799,1.0,8.0,0.8140209887715739,0.6483116339677362,1.3400684595108032,0.1,model_replace,True,False,10874.420285030792,3.186495304107666,0.545187768074506
AgriTrust-ACFL,9,9,4,True,0.3955584317445755,0.21019755675232096,0.22207224369049072,1.0,8.0,0.3611187173360243,0.4486599859568656,6.258845806121826,0.1,model_replace,False,False,0.0,3.186495304107666,0.545187768074506
AgriTrust-ACFL,10,0,0,False,0.5782381147146225,0.5055720942419227,0.34799009561538696,1.0,9.0,0.5877044034739077,0.6538989519140626,1.7217674255371094,0.1,model_replace,True,False,4827.082063029609,1.907115876674652,0.5328198926666821
AgriTrust-ACFL,10,1,3,False,0.49871581338811666,0.664352056680411,0.2197028249502182,1.0,9.0,0.5774066854247993,0.6783263433131443,1.242814302444458,0.1,model_replace,True,False,3557.0836464233926,1.907115876674652,0.5328198926666821
AgriTrust-ACFL,10,3,4,False,0.5738259851932526,0.8072319715383689,0.738674521446228,1.0,9.0,0.6711255062903887,0.6818695786791235,0.5907977223396301,0.1,model_replace,True,False,2965.00932364224,1.907115876674652,0.5328198926666821
AgriTrust-ACFL,10,4,0,False,0.6032245233654976,0.6703206076741111,0.232743501663208,1.0,9.0,0.6665494063132087,0.6652651589110099,0.4732643961906433,0.1,model_replace,True,False,512.2541723614776,1.907115876674652,0.5328198926666821
AgriTrust-ACFL,10,5,0,False,0.8071621656417847,0.4222469379326902,0.4004499912261963,1.0,9.0,0.6726989039458815,0.5801899776429527,0.2726135849952698,0.1,model_replace,True,False,267.46757969340115,1.907115876674652,0.5328198926666821
AgriTrust-ACFL,10,6,2,False,0.5720585584640503,1.0,0.32567644119262695,1.0,9.0,0.7236047422619101,0.6794827419490124,0.7628463506698608,0.1,model_replace,True,False,283.9922650752462,1.907115876674652,0.5328198926666821
AgriTrust-ACFL,10,7,6,False,0.711326390504837,0.6971825464716531,0.34799009561538696,1.0,9.0,0.7431991003008513,0.772836580735834,1.173287272453308,0.1,model_replace,True,False,485.94014885885025,1.907115876674652,0.5328198926666821
AgriTrust-ACFL,10,8,0,False,0.4752266127616167,0.7695912008962332,0.738674521446228,1.0,9.0,0.5909171001667076,0.633963000517479,0.5580685138702393,0.1,model_replace,True,False,16677.030691612803,1.907115876674652,0.5328198926666821
AgriTrust-ACFL,10,9,2,True,0.7911701798439026,0.20601107135194263,0.4004499912261963,1.0,9.0,0.5255468811735705,0.4678817097610418,5.027065753936768,0.1,model_replace,True,True,103.29299359226331,1.907115876674652,0.5328198926666821
RawTrust,1,0,0,False,0.8143191337585449,0.6703211687099064,0.9046610593795776,1.0,7.0,0.7721243615753272,0.7779720769477322,2.00687837600708,0.1,gaussian,,,,,
RawTrust,1,1,0,False,0.8286355435848236,1.0,0.7128185033798218,1.0,7.0,0.8630641023099609,0.8352749842686833,1.5805162191390991,0.1,gaussian,,,,,
RawTrust,1,2,0,False,0.8463987410068512,0.5866029793390464,0.9046610593795776,1.0,7.0,0.770274469942206,0.7838650614552588,2.1732754707336426,0.1,gaussian,,,,,
RawTrust,1,4,0,False,0.8748870193958282,0.13695895438061612,0.7128185033798218,1.0,7.0,0.5078492850012081,0.5079156746191262,0.48225727677345276,0.1,gaussian,,,,,
RawTrust,1,5,0,False,0.670310914516449,0.05281810464541788,0.1358092874288559,1.0,7.0,0.3255435784011701,0.35439870680867247,0.27302640676498413,0.1,gaussian,,,,,
RawTrust,1,8,0,False,0.22250276803970337,0.8920299125666302,-0.12136932462453842,1.0,7.0,0.40691286517393405,0.4875277369691564,1.6921005249023438,0.1,gaussian,,,,,
RawTrust,1,9,0,True,0.7648781538009644,0.9407401923403993,0.38528069853782654,1.0,7.0,0.8136029144704906,0.719841678919928,1.5239067077636719,0.1,gaussian,,,,,
RawTrust,2,0,0,False,0.8904378414154053,1.0,0.8297855854034424,1.0,7.0,0.9144233507866774,0.8120848954074684,1.532301425933838,0.1,gaussian,,,,,
RawTrust,2,2,0,False,0.9125796556472778,0.6087693425682262,0.8297855854034424,1.0,7.0,0.8118218427548777,0.7908542567801635,1.642659306526184,0.1,gaussian,,,,,
RawTrust,2,3,1,False,0.2606145143508911,0.6703248298234001,-0.21698933839797974,1.0,7.0,0.4112064741850883,0.5193127659864826,1.620637059211731,0.1,gaussian,,,,,
RawTrust,2,4,1,False,0.7322199195623398,0.00025037664639936184,0.3839554190635681,1.0,7.0,0.06947285118206017,0.3983049687598597,0.47940388321876526,0.1,gaussian,,,,,
RawTrust,2,6,1,False,0.7563901543617249,0.006908138907129066,0.37740638852119446,1.0,7.0,0.18968268205117142,0.48201704741817164,0.7631102800369263,0.1,gaussian,,,,,
RawTrust,2,7,1,False,0.8071800470352173,0.7985609699635176,0.508002758026123,1.0,7.0,0.829830647728913,0.8241585183949506,1.5813688039779663,0.1,gaussian,,,,,
RawTrust,2,9,1,True,0.7008682638406754,0.70776092087472,0.3839554190635681,1.0,7.0,0.7119702316319368,0.7178738170979302,1.459855079650879,0.1,gaussian,,,,,
RawTrust,3,1,0,False,0.6595886796712875,0.8670929026102571,0.32822662591934204,1.0,9.0,0.7293954370013719,0.8088050974518554,1.7066447734832764,0.1,gaussian,,,,,
RawTrust,3,2,2,False,0.5800604373216629,0.48929639016176324,0.4235590994358063,1.0,9.0,0.5925948301417259,0.7412894001205541,2.1761720180511475,0.1,gaussian,,,,,
RawTrust,3,3,0,False,0.49200209602713585,0.6703216241532516,0.8148015737533569,1.0,9.0,0.583232766827732,0.535292766196795,1.9038108587265015,0.1,gaussian,,,,,
RawTrust,3,4,1,False,0.7511468529701233,0.04415950809560363,0.3891412317752838,1.0,9.0,0.33253707118354686,0.3818629943657815,0.42687109112739563,0.1,gaussian,,,,,
RawTrust,3,5,0,False,0.728630781173706,0.015926160099798234,0.3891412317752838,1.0,9.0,0.23786732306386274,0.32526586087247006,0.27679935097694397,0.1,gaussian,,,,,
RawTrust,3,6,2,False,0.5577803887426853,0.17686632202530692,0.3600400686264038,1.0,9.0,0.42438249534822353,0.46760840940068465,0.7696014046669006,0.1,gaussian,,,,,
RawTrust,3,7,2,False,0.7180019021034241,1.0,0.4235590994358063,1.0,9.0,0.8324006173724359,0.8262190431393219,1.6063342094421387,0.1,gaussian,,,,,
RawTrust,3,8,1,False,0.48222072422504425,0.8030721335705938,0.8148015737533569,1.0,9.0,0.6033436016711634,0.5164817031446581,1.7631624937057495,0.1,gaussian,,,,,
RawTrust,3,9,0,True,0.6805116683244705,0.8730282582900223,0.32822662591934204,1.0,9.0,0.746043072158286,0.7249161308630192,1.5163068771362305,0.1,gaussian,,,,,
RawTrust,4,2,1,False,0.6337100863456726,0.8211971796433641,0.498800128698349,1.0,7.0,0.7266914411767026,0.7376399103845912,1.6600852012634277,0.1,gaussian,,,,,
RawTrust,4,3,0,False,0.48426635563373566,0.6703216082537913,0.8011093139648438,1.0,7.0,0.5781711959937661,0.5460123736460378,1.8111737966537476,0.1,gaussian,,,,,
RawTrust,4,4,0,False,0.6452401280403137,0.07046291647848597,0.498800128698349,1.0,7.0,0.3518998388136481,0.37437220547774813,0.488766074180603,0.1,gaussian,,,,,
RawTrust,4,5,0,False,0.7736319303512573,0.01805824012766437,0.2291175276041031,1.0,7.0,0.2552812211558935,0.3077697009433259,0.2725152373313904,0.1,gaussian,,,,,
RawTrust,4,6,1,False,0.718341737985611,0.19252798475934124,0.3935979902744293,1.0,7.0,0.5003102510982707,0.47578386982508114,0.7523326873779297,0.1,gaussian,,,,,
RawTrust,4,7,2,False,0.719783216714859,1.0,0.2291175276041031,1.0,7.0,0.8335358056921532,0.8280482337775298,1.5255317687988281,0.1,gaussian,,,,,
RawTrust,4,8,2,False,0.466288436204195,0.7299274201618499,0.8011093139648438,1.0,7.0,0.5755685747308207,0.5312534210411988,1.7461662292480469,0.1,gaussian,,,,,
RawTrust,5,0,3,False,0.7642891108989716,0.9574462164740455,0.739364743232727,1.0,8.0,0.8298342565308926,0.8165222356883244,1.5162914991378784,0.1,gaussian,,,,,
RawTrust,5,2,0,False,0.8047188818454742,0.5813451511309884,0.739364743232727,1.0,8.0,0.7471546289842484,0.7400185900345054,2.382340431213379,0.1,gaussian,,,,,
RawTrust,5,3,3,False,0.25826267898082733,0.7729142585977521,0.5414597988128662,1.0,8.0,0.42702020667999513,0.5162643319045271,1.8407135009765625,0.1,gaussian,,,,,
RawTrust,5,4,1,False,0.7738593518733978,0.29924424598952665,0.46310955286026,1.0,8.0,0.6001447241660548,0.43081533514982484,0.4888553321361542,0.1,gaussian,,,,,
RawTrust,5,5,1,False,0.700619637966156,0.15512580793832315,0.1966124325990677,1.0,8.0,0.46083219710901363,0.3460353249847478,0.2696378827095032,0.1,gaussian,,,,,
RawTrust,5,6,4,False,0.7415461540222168,0.47740956679428787,0.3498401641845703,1.0,8.0,0.6685786044259192,0.5239825534752907,0.7462612390518188,0.1,gaussian,,,,,
RawTrust,5,8,0,False,0.35373833775520325,0.7795872157581911,0.5414597988128662,1.0,8.0,0.5042985275027033,0.5245146976565749,1.826439619064331,0.1,gaussian,,,,,
RawTrust,5,9,2,True,0.7136752009391785,0.9574462164740455,0.4052031934261322,1.0,8.0,0.7873276326220543,0.7405190063027779,1.4014508724212646,0.1,gaussian,,,,,
RawTrust,6,0,0,False,0.8557887375354767,0.6703210212057653,0.9098941087722778,1.0,7.0,0.793508871607843,0.810768894668204,2.068704843521118,0.1,gaussian,,,,,
RawTrust,6,1,4,False,0.6333639621734619,0.8487205818994509,0.24351784586906433,1.0,7.0,0.7087317002840365,0.7837867481599006,1.4038512706756592,0.1,gaussian,,,,,
RawTrust,6,2,0,False,0.8733932673931122,0.6045543470717776,0.9098941087722778,1.0,7.0,0.7908096970788357,0.7527163667955881,2.2208855152130127,0.1,gaussian,,,,,
RawTrust,6,5,1,False,0.8299691379070282,0.08197166739778532,0.4127361476421356,1.0,7.0,0.4177394868162952,0.36396136544263463,0.28154808282852173,0.1,gaussian,,,,,
RawTrust,6,6,0,False,0.7900534868240356,0.35255289978771814,0.3424825072288513,1.0,7.0,0.632102481781132,0.551012535551751,0.7674580812454224,0.1,gaussian,,,,,
RawTrust,6,7,4,False,0.6244655251502991,1.0,0.17516162991523743,1.0,7.0,0.7708909966956967,0.8137589245070715,1.5714023113250732,0.1,gaussian,,,,,
RawTrust,6,8,1,False,0.27069616317749023,0.9480720599765354,-0.041451647877693176,1.0,7.0,0.46160518145280555,0.5087873186056325,1.630070447921753,0.1,gaussian,,,,,
RawTrust,7,0,0,False,0.7914226651191711,0.9028554100040157,0.7974636554718018,1.0,8.0,0.831142424119271,0.8158622770309708,1.4551758766174316,0.1,gaussian,,,,,
RawTrust,7,1,0,False,0.7265134900808334,0.9853899756995548,0.5580876469612122,1.0,8.0,0.799299541475477,0.7876649464887947,1.3517506122589111,0.1,gaussian,,,,,
RawTrust,7,2,2,False,0.8461193442344666,0.5056751267469786,0.7974636554718018,1.0,8.0,0.736588341285025,0.7486843604179473,2.371887683868408,0.1,gaussian,,,,,
RawTrust,7,4,3,False,0.8396520018577576,0.30424087307401665,0.5580876469612122,1.0,8.0,0.6308179294018749,0.4808159837128374,0.48972421884536743,0.1,gaussian,,,,,
RawTrust,7,5,0,False,0.43117938190698624,0.14876221349774713,0.09545156359672546,1.0,8.0,0.34844321383885024,0.36008182754168855,0.26795661449432373,0.1,gaussian,,,,,
RawTrust,7,6,1,False,0.731695681810379,0.5290880285270415,0.3735995292663574,1.0,8.0,0.684461914119531,0.584374880193696,0.7807130813598633,0.1,gaussian,,,,,
RawTrust,7,8,1,False,0.2616300880908966,0.8492538219262026,0.09545156359672546,1.0,8.0,0.4383213213999464,0.491170819304211,1.532210350036621,0.1,gaussian,,,,,
RawTrust,7,9,3,True,0.7781388461589813,0.9853899756995547,0.43934378027915955,1.0,8.0,0.8328363836212869,0.7635983506324051,1.3186274766921997,0.1,gaussian,,,,,
RawTrust,8,0,4,False,0.7176133394241333,0.5961362176084418,0.8445748686790466,1.0,10.0,0.6953584750281357,0.785736326530262,1.8923970460891724,0.1,gaussian,,,,,
RawTrust,8,1,1,False,0.6406077444553375,0.991376236140639,0.46743127703666687,1.0,10.0,0.7472059976168063,0.7775502092707975,1.3643521070480347,0.1,gaussian,,,,,
RawTrust,8,2,0,False,0.7541351914405823,0.7525584755298242,0.8445748686790466,1.0,10.0,0.7789957874684639,0.7562622171805764,1.6289974451065063,0.1,gaussian,,,,,
RawTrust,8,3,0,False,0.3844817653298378,0.6376083766695304,0.8279366493225098,1.0,10.0,0.5016756101815019,0.5126171514737708,1.8122761249542236,0.1,gaussian,,,,,
RawTrust,8,4,1,False,0.7252558767795563,0.17092096843802795,0.46743127703666687,1.0,10.0,0.4895453449772434,0.4829983240289389,0.4355270564556122,0.1,gaussian,,,,,
RawTrust,8,5,0,False,0.5902274921536446,0.08978052466830601,0.4095384478569031,1.0,10.0,0.35590792609382604,0.3590383521797229,0.2878448963165283,0.1,gaussian,,,,,
RawTrust,8,6,3,False,0.6146211996674538,0.4330363029276959,0.2955833673477173,1.0,10.0,0.5855993325097114,0.5846809932726998,0.7919671535491943,0.1,gaussian,,,,,
RawTrust,8,7,1,False,0.7280036509037018,0.991376236140639,0.36430418491363525,1.0,10.0,0.8365816308121253,0.819464601083335,1.3492344617843628,0.1,gaussian,,,,,
RawTrust,8,8,0,False,0.34825851023197174,0.7047121362498864,0.8279366493225098,1.0,10.0,0.4850679682335965,0.4896451065365574,1.6993032693862915,0.1,gaussian,,,,,
RawTrust,8,9,3,True,0.6683297604322433,0.9905981138191738,0.2945760488510132,1.0,10.0,0.7672025432406567,0.764499398784468,1.34855318069458,0.1,gaussian,,,,,
RawTrust,9,0,2,False,0.7666996717453003,0.9263083690826435,0.8233178853988647,1.0,8.0,0.8230683505849641,0.7950693325439375,1.5027159452438354,0.1,gaussian,,,,,
RawTrust,9,1,2,False,0.5968421399593353,0.6627668080667786,0.2400444746017456,1.0,8.0,0.6369040856379495,0.7423886783625855,1.3028755187988281,0.1,gaussian,,,,,
RawTrust,9,2,2,False,0.7650144994258881,0.6779640004488594,0.8233178853988647,1.0,8.0,0.7609502715446438,0.7574342307715933,1.6463557481765747,0.1,gaussian,,,,,
RawTrust,9,3,2,False,0.3475511372089386,0.5255119719911686,0.8563541173934937,1.0,8.0,0.44782692271106034,0.4964195942830932,1.7736999988555908,0.1,gaussian,,,,,
RawTrust,9,6,0,False,0.7726740539073944,0.10590908936420763,0.3960810899734497,1.0,8.0,0.43529841668053804,0.5473353491246594,0.7620007395744324,0.1,gaussian,,,,,
RawTrust,9,7,2,False,0.6968331784009933,0.7650120290985776,0.27238160371780396,1.0,8.0,0.7555872955591417,0.8034952747022867,1.35871160030365,0.1,gaussian,,,,,
RawTrust,9,8,1,False,0.3455771952867508,0.6179258892903706,0.8563541173934937,1.0,8.0,0.46433757028058364,0.48331822247256395,1.6916182041168213,0.1,gaussian,,,,,
RawTrust,9,9,4,True,0.6884299367666245,0.9263083690826434,0.2890061140060425,1.0,8.0,0.7642674827757312,0.7644414197822839,1.4369099140167236,0.1,gaussian,,,,,
RawTrust,10,0,0,False,0.6705025136470795,0.6408439675808016,0.42758288979530334,1.0,9.0,0.6845595587666516,0.7674418890996161,1.7061076164245605,0.1,gaussian,,,,,
RawTrust,10,1,3,False,0.697485938668251,1.0,0.5579227209091187,1.0,9.0,0.7850324290691795,0.7530496160392339,1.3271708488464355,0.1,gaussian,,,,,
RawTrust,10,3,4,False,0.4252602159976959,0.6880170796924748,0.6957143545150757,1.0,9.0,0.5425190637242698,0.5079444616433874,1.6390595436096191,0.1,gaussian,,,,,
RawTrust,10,4,0,False,0.7646498084068298,0.1525479684388157,0.5579227209091187,1.0,9.0,0.48709142084602597,0.48402159823321067,0.45919451117515564,0.1,gaussian,,,,,
RawTrust,10,5,0,False,0.7076122164726257,0.060616106881291244,0.31604528427124023,1.0,9.0,0.3495313773171403,0.35666160846407724,0.27274250984191895,0.1,gaussian,,,,,
RawTrust,10,6,2,False,0.6608339995145798,0.3710402610262383,0.37248551845550537,1.0,9.0,0.5818167980144935,0.555955711347118,0.7583758234977722,0.1,gaussian,,,,,
RawTrust,10,7,6,False,0.7306198477745056,0.8754803635001973,0.42758288979530334,1.0,9.0,0.8075465120301366,0.8045080840342491,1.4306260347366333,0.1,gaussian,,,,,
RawTrust,10,8,0,False,0.3668721616268158,0.6703212335898285,0.6957143545150757,1.0,9.0,0.4917236830024898,0.4854195876050454,1.6633446216583252,0.1,gaussian,,,,,
RawTrust,10,9,2,True,0.7261182516813278,0.9286137941342524,0.34363502264022827,1.0,9.0,0.7875904257480044,0.7702286712737141,1.2728323936462402,0.1,gaussian,,,,,
AgriTrust-ACFL,1,0,0,False,0.6978264153003693,0.6348864437848577,0.8040083646774292,1.0,7.0,0.6978068240399774,0.6992488637650891,1.3217952251434326,0.1,gaussian,True,False,5161.855112313888,2.48190239071846,0.5600379030047056
AgriTrust-ACFL,1,1,0,False,0.6983721852302551,0.9318940282109378,0.3286287188529968,1.0,7.0,0.7691319785768822,0.7408908189647405,1.0378786325454712,0.1,gaussian,True,False,14986.73948601877,2.48190239071846,0.5600379030047056
AgriTrust-ACFL,1,2,0,False,0.7579071819782257,0.6703211098824674,0.8040083646774292,1.0,7.0,0.7544833340828261,0.7650515402936595,1.2773276567459106,0.1,gaussian,True,False,9410.898997152306,2.48190239071846,0.5600379030047056
AgriTrust-ACFL,1,4,0,False,0.8103562593460083,0.260414583172857,0.35624098777770996,1.0,7.0,0.5904124625063804,0.6683143740982425,0.4252658486366272,0.1,gaussian,True,False,514.6020680556467,2.48190239071846,0.5600379030047056
AgriTrust-ACFL,1,5,0,False,0.6490175724029541,0.13737810320847965,0.35624098777770996,1.0,7.0,0.4260284817764862,0.5172770229452825,0.2842196226119995,0.1,gaussian,False,False,0.0,2.48190239071846,0.5600379030047056
AgriTrust-ACFL,1,8,0,False,0.3007431626319885,0.6869806582413716,0.1644008606672287,1.0,7.0,0.4440625391463672,0.5339218798380887,0.7836188077926636,0.1,gaussian,False,False,0.0,2.48190239071846,0.5600379030047056
AgriTrust-ACFL,1,9,0,True,0.7710406482219696,1.0,0.3286287188529968,1.0,7.0,0.8323161953347313,0.8148446212097786,0.992760956287384,0.1,gaussian,True,False,884.9212586338195,2.48190239071846,0.5600379030047056
AgriTrust-ACFL,2,0,0,False,0.8054438233375549,0.5710654382102245,0.5232564806938171,1.0,7.0,0.7314598232744501,0.7073016036424293,1.0805561542510986,0.1,gaussian,True,False,5221.300438088413,2.197548747062683,0.5870396237440884
AgriTrust-ACFL,2,2,0,False,0.8239466845989227,0.9314864097377676,0.5232564806938171,1.0,7.0,0.8719135711068723,0.7917670479969627,0.856330931186676,0.1,gaussian,True,False,9739.526457410639,2.197548747062683,0.5870396237440884
AgriTrust-ACFL,2,3,1,False,0.4802703447639942,1.0,0.0342048779129982,1.0,7.0,0.6489216986414785,0.6047229799896666,0.8790194988250732,0.1,gaussian,True,False,10143.288344492616,2.197548747062683,0.5870396237440884
AgriTrust-ACFL,2,4,1,False,0.5552805550396442,0.16817580482084446,0.22554680705070496,1.0,7.0,0.42062496083166395,0.6063920207815978,0.45575547218322754,0.1,gaussian,True,False,297.72251999425487,2.197548747062683,0.5870396237440884
AgriTrust-ACFL,2,6,1,False,0.7334485352039337,0.6703218653404922,0.4824446737766266,1.0,7.0,0.7357791165685545,0.7329625150115782,0.7585650086402893,0.1,gaussian,True,False,480.4435445972155,2.197548747062683,0.5870396237440884
AgriTrust-ACFL,2,7,1,False,0.7979052364826202,0.5101677276541546,0.3115158677101135,1.0,7.0,0.7208591819325494,0.7585903825529993,1.126396656036377,0.1,gaussian,True,False,4525.483946901561,2.197548747062683,0.5870396237440884
AgriTrust-ACFL,2,9,1,True,0.5499726943671703,0.7742934801863653,0.22554680705070496,1.0,7.0,0.6401107864220269,0.7711611625128407,0.9658976793289185,0.1,gaussian,True,False,534.0014763879387,2.197548747062683,0.5870396237440884
AgriTrust-ACFL,3,1,0,False,0.5103013757616282,0.8130523133355432,0.4141055941581726,1.0,9.0,0.6212742443774604,0.7109866753179204,1.1993796825408936,0.1,gaussian,True,False,14381.838468330894,2.8064757585525513,0.5295129705890356
AgriTrust-ACFL,3,2,2,False,0.3933362364768982,0.6703221427341406,0.3118835985660553,1.0,9.0,0.5259945160970201,0.725323915021977,1.2757306098937988,0.1,gaussian,True,False,3627.499671883447,2.8064757585525513,0.5295129705890356
AgriTrust-ACFL,3,3,0,False,0.692282497882843,0.6997739606329794,0.8723037838935852,1.0,9.0,0.7128830671636728,0.6317630017831681,1.0015065670013428,0.1,gaussian,True,False,16619.15752490802,2.8064757585525513,0.5295129705890356
AgriTrust-ACFL,3,4,1,False,0.8246197998523712,0.11429600798354736,0.5831084847450256,1.0,9.0,0.46562149017024196,0.5711993881287588,0.5611395239830017,0.1,gaussian,True,False,280.44386374622184,2.8064757585525513,0.5295129705890356
AgriTrust-ACFL,3,5,0,False,0.8066837191581726,0.013672719901237532,0.5831084847450256,1.0,9.0,0.2403065534900964,0.448034405581486,0.28460875153541565,0.1,gaussian,False,False,0.0,2.8064757585525513,0.5295129705890356
AgriTrust-ACFL,3,6,2,False,0.46499326080083847,0.29061691327029265,0.3118835985660553,1.0,9.0,0.44565734056490425,0.6611362213999097,0.756211519241333,0.1,gaussian,True,False,276.3242705768956,2.8064757585525513,0.5295129705890356
AgriTrust-ACFL,3,7,2,False,0.7324858009815216,0.8820456206315599,0.3575541377067566,1.0,9.0,0.8104947325281506,0.771566470046787,1.1685518026351929,0.1,gaussian,True,False,2934.9352588687234,2.8064757585525513,0.5295129705890356
AgriTrust-ACFL,3,8,1,False,0.7000086307525635,0.46135256566859356,0.8723037838935852,1.0,9.0,0.6271477445242668,0.5572283460096332,1.4375766515731812,0.1,gaussian,True,False,9346.639658702888,2.8064757585525513,0.5295129705890356
AgriTrust-ACFL,3,9,0,True,0.5235874690115452,1.0,0.4141055941581726,1.0,9.0,0.6727286578584565,0.7465530363492446,1.1225903034210205,0.1,gaussian,True,False,810.7565974752797,2.8064757585525513,0.5295129705890356
AgriTrust-ACFL,4,2,1,False,0.513539245352149,0.7297881245007486,0.4643362760543823,1.0,7.0,0.6248136495877705,0.7001963486634255,1.0135197639465332,0.1,gaussian,True,False,5491.96477882164,1.755422204732895,0.5258471218232029
AgriTrust-ACFL,4,3,0,False,0.6465574204921722,0.862165443881933,0.6459245085716248,1.0,7.0,0.730947543828686,0.6565591372945476,0.5907416939735413,0.1,gaussian,True,False,17271.44466567037,1.755422204732895,0.5258471218232029
AgriTrust-ACFL,4,4,0,False,0.5076169394887984,0.6703206213640917,0.4643362760543823,1.0,7.0,0.6061969726505719,0.579948784259212,0.4405973255634308,0.1,gaussian,True,False,446.56056387959325,1.755422204732895,0.5258471218232029
AgriTrust-ACFL,4,5,0,False,0.7884084582328796,0.4374123166205623,0.3347080945968628,1.0,7.0,0.6711240969778138,0.5038068284305679,0.26794180274009705,0.1,gaussian,False,False,0.0,1.755422204732895,0.5258471218232029
AgriTrust-ACFL,4,6,1,False,0.6343273818492889,1.0,0.25649693608283997,1.0,7.0,0.7659166996152428,0.6873313409537429,0.702168881893158,0.1,gaussian,True,False,450.5331432336034,1.755422204732895,0.5258471218232029
AgriTrust-ACFL,4,7,2,False,0.7545986771583557,0.5098216892382799,0.3347080945968628,1.0,7.0,0.6989283078849726,0.7534069295063334,1.53932785987854,0.1,gaussian,True,False,2865.858804815709,1.755422204732895,0.5258471218232029
AgriTrust-ACFL,4,8,2,False,0.5817437097430229,0.5361084112620658,0.6459245085716248,1.0,7.0,0.5925586398434743,0.5660609194680934,1.4517498016357422,0.1,gaussian,True,False,6054.146898734131,1.755422204732895,0.5258471218232029
AgriTrust-ACFL,5,0,3,False,0.6480601131916046,0.8319406233206122,0.4529774785041809,1.0,8.0,0.7265766442042472,0.7121203637828837,1.0761703252792358,0.1,gaussian,True,False,1362.793003678652,2.055094763636589,0.525027254615639
AgriTrust-ACFL,5,2,0,False,0.7134118974208832,0.5606919476518188,0.45760688185691833,1.0,8.0,0.6917201972398827,0.6980773108075399,1.9385069608688354,0.1,gaussian,True,False,8587.049000243547,2.055094763636589,0.525027254615639
AgriTrust-ACFL,5,3,3,False,0.3456505537033081,0.6529874303952017,0.45923227071762085,1.0,8.0,0.4765374757211415,0.6115537219011961,1.5444101095199585,0.1,gaussian,True,False,4170.536042837386,2.055094763636589,0.525027254615639
AgriTrust-ACFL,5,4,1,False,0.6867581605911255,0.6588296289699354,0.4952961206436157,1.0,8.0,0.7121281821579136,0.6129936337338874,0.43894752860069275,0.1,gaussian,True,False,300.9637381779128,2.055094763636589,0.525027254615639
AgriTrust-ACFL,5,5,1,False,0.6637154966592789,0.4612876507309437,0.06766845285892487,1.0,8.0,0.6203031039928649,0.5329308973211422,0.25794947147369385,0.1,gaussian,True,False,156.65321352346697,2.055094763636589,0.525027254615639
AgriTrust-ACFL,5,6,4,False,0.721587672829628,0.9348453815840032,0.4529774785041809,1.0,8.0,0.8057310133236054,0.7169312590462086,0.7397123575210571,0.1,gaussian,True,False,121.82616237308646,2.055094763636589,0.525027254615639
AgriTrust-ACFL,5,8,0,False,0.4459902420639992,0.6820117780085432,0.45923227071762085,1.0,8.0,0.5503254840494267,0.5621270606134268,0.4621812105178833,0.1,gaussian,True,False,14787.314456496804,2.055094763636589,0.525027254615639
AgriTrust-ACFL,5,9,2,True,0.6202551126480103,0.9348453815840031,0.4952961206436157,1.0,8.0,0.7236548458022365,0.7408284887124926,0.9043634533882141,0.1,gaussian,True,False,327.1014478280307,2.055094763636589,0.525027254615639
AgriTrust-ACFL,6,0,0,False,0.8420874178409576,0.659425284834017,0.8790385723114014,1.0,7.0,0.7826389357980913,0.7297500067866857,1.6245882511138916,0.1,gaussian,True,False,5387.014550099314,2.2944505512714386,0.5764420834732332
AgriTrust-ACFL,6,1,4,False,0.413630947470665,1.0,0.23597796261310577,1.0,7.0,0.5889524868918936,0.6804781282114136,0.9177802205085754,0.1,gaussian,True,False,2275.2915204450173,2.2944505512714386,0.5764420834732332
AgriTrust-ACFL,6,2,0,False,0.8453593552112579,0.6703205348046519,0.8790385723114014,1.0,7.0,0.801186230265002,0.7238545406719055,1.5884839296340942,0.1,gaussian,True,False,8904.134704805108,2.2944505512714386,0.5764420834732332
AgriTrust-ACFL,6,5,1,False,0.7473031282424927,0.41883561892574644,0.3731982707977295,1.0,7.0,0.643218684817243,0.5605028441951674,0.27822229266166687,0.1,gaussian,False,False,0.0,2.2944505512714386,0.5764420834732332
AgriTrust-ACFL,6,6,0,False,0.7941354513168335,0.8693858362600057,0.3238341808319092,1.0,7.0,0.8310266010132324,0.7454550945379645,0.7574814558029175,0.1,gaussian,True,False,766.3278371850275,2.2944505512714386,0.5764420834732332
AgriTrust-ACFL,6,7,4,False,0.5175345130264759,0.6779098681203299,0.11909407377243042,1.0,7.0,0.6187020110448165,0.7197306998909542,1.564145803451538,0.1,gaussian,True,False,1113.0897242841588,2.2944505512714386,0.5764420834732332
AgriTrust-ACFL,6,8,1,False,0.408068910241127,0.5826228400967608,0.23597796261310577,1.0,7.0,0.4998880983138436,0.546567320038531,0.43750229477882385,0.1,gaussian,False,False,0.0,2.2944505512714386,0.5764420834732332
AgriTrust-ACFL,7,0,0,False,0.5329017788171768,0.9826662184060064,0.16296769678592682,1.0,8.0,0.6858720015277324,0.7187805054719474,0.8004369139671326,0.1,gaussian,True,False,5306.037691393915,1.962839737534523,0.5482085860419392
AgriTrust-ACFL,7,1,0,False,0.5649360343813896,0.6555406517542028,0.19266954064369202,1.0,8.0,0.6159175616045292,0.6643379865596925,1.2568775415420532,0.1,gaussian,True,False,13438.22879212946,1.962839737534523,0.5482085860419392
AgriTrust-ACFL,7,2,2,False,0.7229166328907013,0.43777116224841267,0.4907337725162506,1.0,8.0,0.6469171043476215,0.7046201815908344,1.9713006019592285,0.1,gaussian,True,False,3523.9558831391355,1.962839737534523,0.5482085860419392
AgriTrust-ACFL,7,4,3,False,0.7799763083457947,0.5991059997278458,0.5619475245475769,1.0,8.0,0.7423009349078927,0.6453204590273887,0.4434581995010376,0.1,gaussian,True,False,128.81564387875767,1.962839737534523,0.5482085860419392
AgriTrust-ACFL,7,5,0,False,0.4494871571660042,0.41496013912765684,0.1896868795156479,1.0,8.0,0.4849743296793275,0.5416207155662074,0.29448696970939636,0.1,gaussian,False,False,0.0,1.962839737534523,0.5482085860419392
AgriTrust-ACFL,7,6,1,False,0.673568606376648,0.9826662184060064,0.3672404885292053,1.0,8.0,0.7874825788183932,0.7559619656080716,0.7698348760604858,0.1,gaussian,True,False,495.51926449019436,1.962839737534523,0.5482085860419392
AgriTrust-ACFL,7,8,1,False,0.3696134090423584,0.6854338767953909,0.19266954064369202,1.0,8.0,0.4970545232314201,0.5341891208367533,0.5152503848075867,0.1,gaussian,False,False,0.0,1.962839737534523,0.5482085860419392
AgriTrust-ACFL,7,9,3,True,0.7705137431621552,0.8408403135871094,0.5619475245475769,1.0,8.0,0.789839986061658,0.7530813630497839,0.9523175954818726,0.1,gaussian,True,False,212.0187036052239,1.962839737534523,0.5482085860419392
AgriTrust-ACFL,8,0,4,False,0.4168947711586952,0.5734716492227963,0.4685267508029938,1.0,10.0,0.5098394716566994,0.6665452470181353,1.717130422592163,0.1,gaussian,True,False,813.3427678938893,3.1901930272579193,0.5359790621467007
AgriTrust-ACFL,8,1,1,False,0.5967322215437889,0.995708880260794,0.34153738617897034,1.0,10.0,0.7195509142925411,0.6781412184929047,1.273147463798523,0.1,gaussian,True,False,8746.626274147806,3.1901930272579193,0.5359790621467007
AgriTrust-ACFL,8,2,0,False,0.5347008854150772,0.5097179426742684,0.4685267508029938,1.0,10.0,0.573635397908116,0.6718739856701549,0.8904773592948914,0.1,gaussian,True,False,8264.721897728576,3.1901930272579193,0.5359790621467007
AgriTrust-ACFL,8,3,0,False,0.7580699920654297,0.7835272205062673,0.9271159172058105,1.0,10.0,0.7752315997323075,0.652473191358974,1.4535802602767944,0.1,gaussian,True,False,17163.95977188917,3.1901930272579193,0.5359790621467007
AgriTrust-ACFL,8,4,1,False,0.7720011472702026,0.20452454053713984,0.525327205657959,1.0,10.0,0.5346845419304478,0.6176614797531534,0.5468791127204895,0.1,gaussian,True,False,303.25552770048887,3.1901930272579193,0.5359790621467007
AgriTrust-ACFL,8,5,0,False,0.8173682689666748,0.06440229039878016,0.5954053401947021,1.0,10.0,0.3853208402633277,0.5025457467404875,0.2950957715511322,0.1,gaussian,False,False,0.0,3.1901930272579193,0.5359790621467007
AgriTrust-ACFL,8,6,3,False,0.3747374415397644,0.39631534397438595,0.3086760938167572,1.0,10.0,0.4343814798489236,0.6755668441682845,0.7785290479660034,0.1,gaussian,True,False,180.0378802593539,3.1901930272579193,0.5359790621467007
AgriTrust-ACFL,8,7,1,False,0.8365639448165894,0.995708880260794,0.5954053401947021,1.0,10.0,0.9042271841453459,0.765854820954552,1.2790069580078125,0.1,gaussian,True,False,4568.821036489808,3.1901930272579193,0.5359790621467007
AgriTrust-ACFL,8,8,0,False,0.7163663655519485,0.9205257603839728,0.9271159172058105,1.0,10.0,0.7814267109738982,0.5959985183710395,1.3337565660476685,0.1,gaussian,True,False,15678.337024268563,3.1901930272579193,0.5359790621467007
AgriTrust-ACFL,8,9,3,True,0.44571181386709213,0.9854224323235269,0.27858614921569824,1.0,10.0,0.6130026583410588,0.7180616868726026,1.286117672920227,0.1,gaussian,True,False,202.15944176704468,3.1901930272579193,0.5359790621467007
AgriTrust-ACFL,9,0,2,False,0.651487797498703,0.350667908781019,0.19019554555416107,1.0,8.0,0.5623187791077827,0.6404886300405471,0.7605217695236206,0.1,gaussian,True,False,1922.2967500375776,3.173917233943939,0.5277088429918788
AgriTrust-ACFL,9,1,2,False,0.7032772302627563,0.9907875986012132,0.46698248386383057,1.0,8.0,0.7864242033682574,0.7052119647117427,1.2638213634490967,0.1,gaussian,True,False,5799.727426543684,3.173917233943939,0.5277088429918788
AgriTrust-ACFL,9,2,2,False,0.6259905844926834,0.3791851261225564,0.13664011657238007,1.0,8.0,0.5724580255099527,0.6470199956301044,0.7901604771614075,0.1,gaussian,True,False,3235.885062164423,3.173917233943939,0.5277088429918788
AgriTrust-ACFL,9,3,2,False,0.8130435049533844,0.4974404725948487,0.8781918883323669,1.0,8.0,0.7030076307260098,0.6651068012007328,1.7862428426742554,0.1,gaussian,True,False,7113.46453947058,3.173917233943939,0.5277088429918788
AgriTrust-ACFL,9,6,0,False,0.48811862617731094,0.35628940958965205,0.19019554555416107,1.0,8.0,0.486562875655915,0.6283158520401921,0.7664591670036316,0.1,gaussian,True,False,645.9086958973176,3.173917233943939,0.5277088429918788
AgriTrust-ACFL,9,7,2,False,0.7024775147438049,0.9667103153953723,0.38260573148727417,1.0,8.0,0.8141418085402409,0.7779265678509742,1.2907466888427734,0.1,gaussian,True,False,2959.1282169870706,3.173917233943939,0.5277088429918788
AgriTrust-ACFL,9,8,1,False,0.7947025001049042,0.9032855721928491,0.8781918883323669,1.0,8.0,0.8226463142463925,0.6526604673398777,1.334295630455017,0.1,gaussian,True,False,10947.36520744227,3.173917233943939,0.5277088429918788
AgriTrust-ACFL,9,9,4,True,0.4570125415921211,0.9907875986012132,0.14193972945213318,1.0,8.0,0.6225159427268241,0.6941752508361579,1.2753124237060547,0.1,gaussian,True,False,124.61458735285544,3.173917233943939,0.5277088429918788
AgriTrust-ACFL,10,0,0,False,0.5849263668060303,0.4640358502617155,0.35499101877212524,1.0,9.0,0.5764165513310986,0.624470610363185,1.7338865995407104,0.1,gaussian,True,False,4609.842045701032,1.9088514149188995,0.5233172709092778
AgriTrust-ACFL,10,1,3,False,0.49980152235366404,0.6316458298636631,0.22030119597911835,1.0,9.0,0.5694083773225685,0.6712610678644492,1.2472845315933228,0.1,gaussian,True,False,3520.0339637687584,1.9088514149188995,0.5233172709092778
AgriTrust-ACFL,10,3,4,False,0.5661528408527374,0.7794579985321758,0.7341078519821167,1.0,9.0,0.659214069108141,0.6636336181775848,0.585120677947998,0.1,gaussian,True,False,2885.7129382288085,1.9088514149188995,0.5233172709092778
AgriTrust-ACFL,10,4,0,False,0.6090061441063881,0.6404407492709735,0.23933210968971252,1.0,9.0,0.6609517222179195,0.628484040369345,0.4743660092353821,0.1,gaussian,True,False,483.9327110843957,1.9088514149188995,0.5233172709092778
AgriTrust-ACFL,10,5,0,False,0.7923433184623718,0.38150848285892197,0.2878955602645874,1.0,9.0,0.6459158754342943,0.5383882789139391,0.2727697789669037,0.1,gaussian,True,False,248.19699657932594,1.9088514149188995,0.5233172709092778
AgriTrust-ACFL,10,6,2,False,0.5793372914195061,1.0,0.3092140555381775,1.0,9.0,0.7286541669676929,0.6534004307720673,0.7635405659675598,0.1,gaussian,True,False,273.0910689561344,1.9088514149188995,0.5233172709092778
AgriTrust-ACFL,10,7,6,False,0.7077438831329346,0.6703206735608083,0.35499101877212524,1.0,9.0,0.7324533491672287,0.7665582631800378,1.170567512512207,0.1,gaussian,True,False,481.99250113655705,1.9088514149188995,0.5233172709092778
AgriTrust-ACFL,10,8,0,False,0.47904056683182716,0.7398711861370493,0.7341078519821167,1.0,9.0,0.5865495565491793,0.6361327396422031,0.5534330606460571,0.1,gaussian,True,False,16734.107849027794,1.9088514149188995,0.5233172709092778
AgriTrust-ACFL,10,9,2,True,0.7497988939285278,0.9341395091393458,0.2878955602645874,1.0,9.0,0.8030433762912587,0.7213922821999331,0.8211796879768372,0.1,gaussian,True,False,318.5196891788839,1.9088514149188995,0.5233172709092778
RawTrust,1,0,0,False,0.8055307567119598,0.761331987676632,0.9046610593795776,1.0,7.0,0.7974119071857805,0.7842939633503455,2.00687837600708,0.1,collusive_scale,,,,,
RawTrust,1,1,0,False,0.8446044325828552,0.896699275913707,0.7128185033798218,1.0,7.0,0.844105029595345,0.8305352160900292,1.5805162191390991,0.1,collusive_scale,,,,,
RawTrust,1,2,0,False,0.8432656228542328,0.6703211174095208,0.9046610593795776,1.0,7.0,0.8000944500244442,0.7913200564758183,2.1732754707336426,0.1,collusive_scale,,,,,
RawTrust,1,4,0,False,0.8934335708618164,0.13449017358689216,0.7556202411651611,1.0,7.0,0.5109466356105341,0.5086900122714577,0.48225727677345276,0.1,collusive_scale,,,,,
RawTrust,1,5,0,False,0.6556451767683029,0.05417410933532651,0.1358092874288559,1.0,7.0,0.3240617268944712,0.3540282439319977,0.27302640676498413,0.1,collusive_scale,,,,,
RawTrust,1,8,0,False,0.20931434631347656,1.0,-0.12136932462453842,1.0,7.0,0.40718574282404746,0.4875959563816848,1.6921005249023438,0.1,collusive_scale,,,,,
RawTrust,1,9,0,True,0.9208668172359467,0.060194021796040595,0.7556202411651611,1.0,7.0,0.3949754531026024,0.6151848135779558,9.81784725189209,0.1,collusive_scale,,,,,
RawTrust,2,0,0,False,0.87126025557518,0.6703242034363871,0.7964548468589783,1.0,7.0,0.8013682655099249,0.7885625388902403,1.4443531036376953,0.1,collusive_scale,,,,,
RawTrust,2,2,0,False,0.9107453227043152,1.0,0.7964548468589783,1.0,7.0,0.9411184594799417,0.828769657226849,1.5405737161636353,0.1,collusive_scale,,,,,
RawTrust,2,3,1,False,0.24855735898017883,0.7303542846879639,-0.21698933839797974,1.0,7.0,0.4110738408247026,0.5192796076463861,1.620637059211731,0.1,collusive_scale,,,,,
RawTrust,2,4,1,False,0.7465115934610367,0.0007172270096890384,0.7561544179916382,1.0,7.0,0.09628335784973148,0.40558834866602617,0.47940388321876526,0.1,collusive_scale,,,,,
RawTrust,2,6,1,False,0.763434648513794,0.012816547494992017,0.38254377245903015,1.0,7.0,0.2294906406409109,0.4919690370656065,0.7631102800369263,0.1,collusive_scale,,,,,
RawTrust,2,7,1,False,0.8044575452804565,0.8503583842225048,0.5111863017082214,1.0,7.0,0.8440547866952332,0.8277145531365306,1.5813688039779663,0.1,collusive_scale,,,,,
RawTrust,2,9,1,True,0.7911559343338013,1.8167292759015256e-05,0.7561544179916382,1.0,7.0,0.05,0.4738886101834669,8.954780578613281,0.1,collusive_scale,,,,,
RawTrust,3,1,0,False,0.6666644960641861,1.0,0.6400817632675171,1.0,9.0,0.7657590288053615,0.8143411692688622,1.6495717763900757,0.1,collusive_scale,,,,,
RawTrust,3,2,2,False,0.5912344604730606,0.6703210138235618,0.4235590994358063,1.0,9.0,0.6581557449701819,0.7861161791626822,2.1761720180511475,0.1,collusive_scale,,,,,
RawTrust,3,3,0,False,0.47996521554887295,0.8030932036600194,0.8173012733459473,1.0,9.0,0.6073936924058801,0.5413081288362597,1.9201419353485107,0.1,collusive_scale,,,,,
RawTrust,3,4,1,False,0.7007252871990204,0.1649987821552852,0.4493129253387451,1.0,9.0,0.4753129390963319,0.4230194962736026,0.4735584855079651,0.1,collusive_scale,,,,,
RawTrust,3,5,0,False,0.7021196484565735,0.07574301990891455,0.4493129253387451,1.0,9.0,0.3720927720032546,0.3585443759498119,0.2761648893356323,0.1,collusive_scale,,,,,
RawTrust,3,6,2,False,0.5488733686506748,0.3326292037324382,0.3600400686264038,1.0,9.0,0.5084016329705416,0.4960771860418403,0.7696014046669006,0.1,collusive_scale,,,,,
RawTrust,3,7,2,False,0.7411933243274689,0.9623779855281777,0.4235590994358063,1.0,9.0,0.8373930363285298,0.8301341739345305,1.6063342094421387,0.1,collusive_scale,,,,,
RawTrust,3,8,1,False,0.47451092302799225,0.872221812050212,0.8173012733459473,1.0,9.0,0.6130227842920281,0.5189526633592706,1.8134052753448486,0.1,collusive_scale,,,,,
RawTrust,3,9,0,True,0.6624103486537933,0.07670105615780852,0.6400817632675171,1.0,9.0,0.3543693545563054,0.4440087962766765,9.767717361450195,0.1,collusive_scale,,,,,
RawTrust,4,2,1,False,0.5632972121238708,1.0,0.48347264528274536,1.0,7.0,0.7225728689128224,0.7702303516002171,1.5763670206069946,0.1,collusive_scale,,,,,
RawTrust,4,3,0,False,0.5567810237407684,0.6703219529775188,0.8126777410507202,1.0,7.0,0.6242903026402459,0.5620536722872562,1.8143519163131714,0.1,collusive_scale,,,,,
RawTrust,4,4,0,False,0.5644579902291298,0.02972160563378428,0.48347264528274536,1.0,7.0,0.25234993935978023,0.380352107045147,0.4580548405647278,0.1,collusive_scale,,,,,
RawTrust,4,5,0,False,0.7753604054450989,0.006899283037259362,0.3217107653617859,1.0,7.0,0.19150958204155627,0.316785677472748,0.2741333544254303,0.1,collusive_scale,,,,,
RawTrust,4,6,1,False,0.6650005728006363,0.12007933797719135,0.3866767883300781,1.0,7.0,0.41619967091224974,0.4761078072594427,0.7482995986938477,0.1,collusive_scale,,,,,
RawTrust,4,7,2,False,0.7677809596061707,0.9985091249208465,0.3217107653617859,1.0,7.0,0.8632755954305691,0.8384195293085401,1.5771939754486084,0.1,collusive_scale,,,,,
RawTrust,4,8,2,False,0.5485990419983864,0.6872702458282377,0.8126777410507202,1.0,7.0,0.6181326061129512,0.5437476490476907,1.7984967231750488,0.1,collusive_scale,,,,,
RawTrust,5,0,3,False,0.7383439093828201,0.920287507781211,0.6649229526519775,1.0,8.0,0.8046085894076692,0.7925740515195976,1.4413728713989258,0.1,collusive_scale,,,,,
RawTrust,5,2,0,False,0.8080089092254639,0.7729762802551675,0.6649229526519775,1.0,8.0,0.8156516180123206,0.7815856682032429,2.348048448562622,0.1,collusive_scale,,,,,
RawTrust,5,3,3,False,0.24998658895492554,0.9013119154781395,0.5469229221343994,1.0,8.0,0.4392298498277835,0.531347716672388,1.8841882944107056,0.1,collusive_scale,,,,,
RawTrust,5,4,1,False,0.7968095242977142,0.41243339093687337,0.7673576474189758,1.0,8.0,0.6714833686012038,0.4531349224341612,0.45638808608055115,0.1,collusive_scale,,,,,
RawTrust,5,5,1,False,0.647912859916687,0.28178835649957323,0.0708194226026535,1.0,8.0,0.5279993311233033,0.36958909088538683,0.26442328095436096,0.1,collusive_scale,,,,,
RawTrust,5,6,4,False,0.7279648780822754,0.5812980330510031,0.353335440158844,1.0,8.0,0.7020847292427794,0.5326020377552769,0.7462612390518188,0.1,collusive_scale,,,,,
RawTrust,5,8,0,False,0.34344643354415894,0.920287507781211,0.5469229221343994,1.0,8.0,0.5214979789052158,0.538185231512072,1.8287714719772339,0.1,collusive_scale,,,,,
RawTrust,5,9,2,True,0.7825674116611481,0.31116487246569635,0.7673576474189758,1.0,8.0,0.5911939497159938,0.48080508463650584,8.648236274719238,0.1,collusive_scale,,,,,
RawTrust,6,0,0,False,0.8539196252822876,0.6703213009399501,0.9064658880233765,1.0,7.0,0.7925553035403403,0.7925693645247833,2.005427837371826,0.1,collusive_scale,,,,,
RawTrust,6,1,4,False,0.5966548919677734,0.782483861401444,0.16187775135040283,1.0,7.0,0.6693194973021792,0.7780857512771915,1.4207346439361572,0.1,collusive_scale,,,,,
RawTrust,6,2,0,False,0.8691634833812714,0.5888213628579092,0.9064658880233765,1.0,7.0,0.7824864875358328,0.7818108730363904,2.1492156982421875,0.1,collusive_scale,,,,,
RawTrust,6,5,1,False,0.817437469959259,0.03772738981481825,0.404830664396286,1.0,7.0,0.32822325992453577,0.3592476331451741,0.28126785159111023,0.1,collusive_scale,,,,,
RawTrust,6,6,0,False,0.7930821478366852,0.2457148151297786,0.35034143924713135,1.0,7.0,0.5684123886512721,0.5415546254792757,0.7652556896209717,0.1,collusive_scale,,,,,
RawTrust,6,7,4,False,0.6103847026824951,1.0,0.13191473484039307,1.0,7.0,0.7612815752807587,0.8191350408015947,1.619624137878418,0.1,collusive_scale,,,,,
RawTrust,6,8,1,False,0.2728116512298584,0.9846431063132709,0.007940474897623062,1.0,7.0,0.46887963663421556,0.5208588327926078,1.633068561553955,0.1,collusive_scale,,,,,
RawTrust,7,0,0,False,0.7898776233196259,0.9711654550140767,0.801841139793396,1.0,8.0,0.8486159435085519,0.8065810092707255,1.4586944580078125,0.1,collusive_scale,,,,,
RawTrust,7,1,0,False,0.7449158430099487,0.9711654550140767,0.5548644661903381,1.0,8.0,0.8068448478720324,0.7852755254259017,1.3457374572753906,0.1,collusive_scale,,,,,
RawTrust,7,2,2,False,0.8561212420463562,0.6890782840069143,0.801841139793396,1.0,8.0,0.8134876027521595,0.7897300554653327,2.3400611877441406,0.1,collusive_scale,,,,,
RawTrust,7,4,3,False,0.8648226261138916,0.446097386263562,0.7493610382080078,1.0,8.0,0.7191556688090822,0.5196401090278915,0.4608880579471588,0.1,collusive_scale,,,,,
RawTrust,7,5,0,False,0.443656075745821,0.29968439426639193,0.09469642490148544,1.0,8.0,0.4367139913366928,0.3786142226930538,0.26646026968955994,0.1,collusive_scale,,,,,
RawTrust,7,6,1,False,0.7212567031383514,0.6520733957065578,0.37711718678474426,1.0,8.0,0.7230153290822454,0.5869198013800181,0.7774615287780762,0.1,collusive_scale,,,,,
RawTrust,7,8,1,False,0.23371955752372742,0.9337696422848736,0.09469642490148544,1.0,8.0,0.42384525079928703,0.49660543729427764,1.5397611856460571,0.1,collusive_scale,,,,,
RawTrust,7,9,3,True,0.8969314992427826,0.2803848818053219,0.7493610382080078,1.0,8.0,0.6176462718985485,0.5150153814520164,8.074422836303711,0.1,collusive_scale,,,,,
RawTrust,8,0,4,False,0.7552237510681152,0.6766762066643551,0.8200831413269043,1.0,10.0,0.742884328581224,0.7906568390983502,1.8171199560165405,0.1,collusive_scale,,,,,
RawTrust,8,1,1,False,0.6549059152603149,0.8994842326166712,0.47223466634750366,1.0,10.0,0.7345807866851294,0.7726018407407086,1.3566814661026,0.1,collusive_scale,,,,,
RawTrust,8,2,0,False,0.7927325069904327,0.8994842326166711,0.8200831413269043,1.0,10.0,0.8446829017419553,0.8034682670344884,1.5368510484695435,0.1,collusive_scale,,,,,
RawTrust,8,3,0,False,0.33539095520973206,0.6640258466377005,0.8470133543014526,1.0,10.0,0.471068276311702,0.5162778565822166,1.837415099143982,0.1,collusive_scale,,,,,
RawTrust,8,4,1,False,0.7375733852386475,0.13196500667990033,0.47223466634750366,1.0,10.0,0.45720886903648694,0.5040322990300403,0.4384334981441498,0.1,collusive_scale,,,,,
RawTrust,8,5,0,False,0.537674181163311,0.06610204015112434,0.43260228633880615,1.0,10.0,0.30844116764042767,0.36107095892989727,0.291874498128891,0.1,collusive_scale,,,,,
RawTrust,8,6,3,False,0.6515282988548279,0.35961770064679366,0.3637046217918396,1.0,10.0,0.5719061416705653,0.5831663864526548,0.7909454703330994,0.1,collusive_scale,,,,,
RawTrust,8,7,1,False,0.7149862945079803,0.8984862803309253,0.34630537033081055,1.0,10.0,0.8042304191911515,0.8154088853989839,1.3557953834533691,0.1,collusive_scale,,,,,
RawTrust,8,8,0,False,0.30678698420524597,0.7361601129786375,0.8470133543014526,1.0,10.0,0.4583583126422657,0.48704365613127465,1.7292104959487915,0.1,collusive_scale,,,,,
RawTrust,8,9,3,True,0.7091360092163086,0.05294795790445796,0.48040664196014404,1.0,10.0,0.3291939578815421,0.46856002555939785,8.140089988708496,0.1,collusive_scale,,,,,
RawTrust,9,0,2,False,0.8063420653343201,0.8693695722420597,0.8235465288162231,1.0,8.0,0.8302564882283826,0.8005567513808582,1.5054627656936646,0.1,collusive_scale,,,,,
RawTrust,9,1,2,False,0.622484564781189,0.5532775171022638,0.46328097581863403,1.0,8.0,0.6174427933480588,0.7338120788925462,1.298724889755249,0.1,collusive_scale,,,,,
RawTrust,9,2,2,False,0.8120386004447937,0.8693695722420597,0.8235465288162231,1.0,8.0,0.8472361366120007,0.8144102344288664,1.6497383117675781,0.1,collusive_scale,,,,,
RawTrust,9,3,2,False,0.2941753566265106,0.6997116661974851,0.8606783151626587,1.0,8.0,0.44522989301369204,0.49851586569008544,1.77106511592865,0.1,collusive_scale,,,,,
RawTrust,9,6,0,False,0.7907646596431732,0.10712964252184831,0.40978893637657166,1.0,8.0,0.4423927709072079,0.5479729825662931,0.7593547701835632,0.1,collusive_scale,,,,,
RawTrust,9,7,2,False,0.6878886371850967,0.6421669597304983,0.2788470387458801,1.0,8.0,0.7118568659016757,0.7895208805246569,1.3635389804840088,0.1,collusive_scale,,,,,
RawTrust,9,8,1,False,0.29076795279979706,0.7672033106134493,0.8606783151626587,1.0,8.0,0.45058512702104514,0.47792902385371727,1.7185508012771606,0.1,collusive_scale,,,,,
RawTrust,9,9,4,True,0.7443957924842834,0.004788669471617449,0.5409425497055054,1.0,8.0,0.16441917071738898,0.39252481184889565,9.032774925231934,0.1,collusive_scale,,,,,
RawTrust,10,0,0,False,0.6645243465900421,0.6997125311979566,0.3958304226398468,1.0,9.0,0.6993944990854377,0.7752661883070031,1.6391615867614746,0.1,collusive_scale,,,,,
RawTrust,10,1,3,False,0.6819498538970947,0.8200330244731128,0.5322538018226624,1.0,9.0,0.730560759824394,0.7329992491255082,1.3242926597595215,0.1,collusive_scale,,,,,
RawTrust,10,3,4,False,0.4301789924502373,0.6912941218674032,0.7242178916931152,1.0,9.0,0.5467402416318143,0.5105719596755176,1.646798014640808,0.1,collusive_scale,,,,,
RawTrust,10,4,0,False,0.7812900543212891,0.04497646882471018,0.6640127897262573,1.0,9.0,0.3416854613060558,0.4634455895990442,0.4343388080596924,0.1,collusive_scale,,,,,
RawTrust,10,5,0,False,0.7007831782102585,0.01269915028483615,0.3216293454170227,1.0,9.0,0.21753329868906424,0.32518654386968904,0.26726117730140686,0.1,collusive_scale,,,,,
RawTrust,10,6,2,False,0.6235095113515854,0.19530408480245628,0.37493330240249634,1.0,9.0,0.4648215236277156,0.5271851178316488,0.7633269429206848,0.1,collusive_scale,,,,,
RawTrust,10,7,6,False,0.7434893250465393,1.0,0.3958304226398468,1.0,9.0,0.8485245694841663,0.8042718027645342,1.4291311502456665,0.1,collusive_scale,,,,,
RawTrust,10,8,0,False,0.3629099428653717,0.6703217916973656,0.7242178916931152,1.0,9.0,0.4887958319145216,0.48064572586891835,1.6663950681686401,0.1,collusive_scale,,,,,
RawTrust,10,9,2,True,0.7868443429470062,0.010370236787331814,0.6640127897262573,1.0,9.0,0.2137328619551838,0.3478268243754677,8.260270118713379,0.1,collusive_scale,,,,,
AgriTrust-ACFL,1,0,0,False,0.7118769288063049,0.7087863804345763,0.8040083646774292,1.0,7.0,0.72919324583634,0.7070954692141798,1.3217952251434326,0.1,collusive_scale,True,False,5219.778753739075,2.594696581363678,0.5663223557784326
AgriTrust-ACFL,1,1,0,False,0.7289343178272247,1.0,0.4875815510749817,1.0,7.0,0.8043067523068892,0.7496845123972422,1.0378786325454712,0.1,collusive_scale,True,False,15164.618316771415,2.594696581363678,0.5663223557784326
AgriTrust-ACFL,1,2,0,False,0.780993789434433,0.7441664799679415,0.8040083646774292,1.0,7.0,0.7914676528806266,0.7742976199931095,1.2773276567459106,0.1,collusive_scale,True,False,9524.63502353524,2.594696581363678,0.5663223557784326
AgriTrust-ACFL,1,4,0,False,0.8083064556121826,0.2808295750572068,0.42103683948516846,1.0,7.0,0.6030923360064824,0.6714843424732679,0.4252658486366272,0.1,collusive_scale,True,False,517.0429437044163,2.594696581363678,0.5663223557784326
AgriTrust-ACFL,1,5,0,False,0.615738719701767,0.15824659522743997,0.35624098777770996,1.0,7.0,0.43180801271065183,0.5187219056788239,0.2842196226119995,0.1,collusive_scale,False,False,0.0,2.594696581363678,0.5663223557784326
AgriTrust-ACFL,1,8,0,False,0.26630015671253204,0.670321000186297,0.1644008606672287,1.0,7.0,0.41227997907154795,0.5259762398193839,0.7836188077926636,0.1,collusive_scale,False,False,0.0,2.594696581363678,0.5663223557784326
AgriTrust-ACFL,1,9,0,True,0.8390293121337891,0.09400194300958546,0.4875815510749817,1.0,7.0,0.42895755094811755,0.7140049601131252,5.464493274688721,0.1,collusive_scale,True,False,775.409386682854,2.594696581363678,0.5663223557784326
AgriTrust-ACFL,2,0,0,False,0.7996581196784973,0.6703212116918953,0.5290781259536743,1.0,7.0,0.764447395296257,0.7214334507346991,1.1063587665557861,0.1,collusive_scale,True,False,5325.621733323549,2.197548747062683,0.5778058397283893
AgriTrust-ACFL,2,2,0,False,0.8339424133300781,0.9571858363761181,0.5290781259536743,1.0,7.0,0.884911181875978,0.8019510104638267,0.8571764826774597,0.1,collusive_scale,True,False,9864.799379715532,2.197548747062683,0.5778058397283893
AgriTrust-ACFL,2,3,1,False,0.4586419425904751,1.0,0.0342048779129982,1.0,7.0,0.6326823145853069,0.6006631339756237,0.8790194988250732,0.1,collusive_scale,True,False,10075.190735972132,2.197548747062683,0.5778058397283893
AgriTrust-ACFL,2,4,1,False,0.5603818036615849,0.3191057873420224,0.3388914167881012,1.0,7.0,0.5123075408756527,0.6316901420738641,0.45575547218322754,0.1,collusive_scale,True,False,310.1432316199551,2.197548747062683,0.5778058397283893
AgriTrust-ACFL,2,6,1,False,0.7439224720001221,0.7739217858640787,0.4809778332710266,1.0,7.0,0.7742094728365582,0.742570104078579,0.7585650086402893,0.1,collusive_scale,True,False,486.74114379478215,2.197548747062683,0.5778058397283893
AgriTrust-ACFL,2,7,1,False,0.7913640737533569,0.649721407455442,0.3088812828063965,1.0,7.0,0.7715933058138481,0.771273913523324,1.126396656036377,0.1,collusive_scale,True,False,4601.149440580849,2.197548747062683,0.5778058397283893
AgriTrust-ACFL,2,9,1,True,0.5253535825759172,0.045318263686020634,0.3388914167881012,1.0,7.0,0.2663951152732078,0.6021024989031458,5.20858907699585,0.1,collusive_scale,True,False,416.93440876023556,2.197548747062683,0.5778058397283893
AgriTrust-ACFL,3,1,0,False,0.5389251336455345,0.9680589573558551,0.6494339108467102,1.0,9.0,0.6746123377911654,0.730916468745723,1.1908589601516724,0.1,collusive_scale,True,False,14784.978329788486,2.921379506587982,0.506750017352287
AgriTrust-ACFL,3,2,2,False,0.4107351526618004,0.8601509442341033,0.3118835985660553,1.0,9.0,0.5805069200535782,0.7465899878612645,1.2757306098937988,0.1,collusive_scale,True,False,3733.8558400023862,2.921379506587982,0.506750017352287
AgriTrust-ACFL,3,3,0,False,0.674543172121048,0.7901927526119806,0.8699240684509277,1.0,9.0,0.7288705412691421,0.6327149857990033,1.0187703371047974,0.1,collusive_scale,True,False,16644.200416428583,2.921379506587982,0.506750017352287
AgriTrust-ACFL,3,4,1,False,0.8111147880554199,0.28524783091688133,0.5789308547973633,1.0,9.0,0.607080260151368,0.62553767159324,0.562741219997406,0.1,collusive_scale,True,False,307.12253056699484,2.921379506587982,0.506750017352287
AgriTrust-ACFL,3,5,0,False,0.8127681016921997,0.08904954637583384,0.5789308547973633,1.0,9.0,0.4233440892242501,0.4948774515651805,0.2856251001358032,0.1,collusive_scale,False,False,0.0,2.921379506587982,0.506750017352287
AgriTrust-ACFL,3,6,2,False,0.45828433707356453,0.47373431754836653,0.3118835985660553,1.0,9.0,0.5119102767533108,0.6849051472472619,0.756211519241333,0.1,collusive_scale,True,False,286.2585789456895,2.921379506587982,0.506750017352287
AgriTrust-ACFL,3,7,2,False,0.7298920452594757,1.0,0.35879576206207275,1.0,9.0,0.8399541173804991,0.7884439644876178,1.1685518026351929,0.1,collusive_scale,True,False,2999.1349816907264,2.921379506587982,0.506750017352287
AgriTrust-ACFL,3,8,1,False,0.674029678106308,0.6703211967779498,0.8699240684509277,1.0,9.0,0.6870865736098328,0.5662538232669961,1.475163459777832,0.1,collusive_scale,True,False,9498.028015516542,2.921379506587982,0.506750017352287
AgriTrust-ACFL,3,9,0,True,0.5011685397475958,0.05170425630265993,0.6494339108467102,1.0,9.0,0.27005039928375857,0.519089473998299,6.561961650848389,0.1,collusive_scale,True,False,563.7311687621527,2.921379506587982,0.506750017352287
AgriTrust-ACFL,4,2,1,False,0.49122871086001396,0.7504338937119684,0.45915332436561584,1.0,7.0,0.6148593195687742,0.7136573207881419,0.9956417679786682,0.1,collusive_scale,True,False,5597.54542764787,1.7481392621994019,0.530315912249637
AgriTrust-ACFL,4,3,0,False,0.6685244739055634,0.8851767715668943,0.649258017539978,1.0,7.0,0.7504100570944979,0.662138753622877,0.6017829179763794,0.1,collusive_scale,True,False,17418.2220528034,1.7481392621994019,0.530315912249637
AgriTrust-ACFL,4,4,0,False,0.49514852138236165,0.6703205906514575,0.45915332436561584,1.0,7.0,0.5979617665973954,0.6186436953442789,0.4273879826068878,0.1,collusive_scale,True,False,476.3556454150947,1.7481392621994019,0.530315912249637
AgriTrust-ACFL,4,5,0,False,0.7984176278114319,0.4539422444792605,0.41366827487945557,1.0,7.0,0.6833592440308315,0.5419978996815932,0.2645256817340851,0.1,collusive_scale,True,False,249.86103175321446,1.7481392621994019,0.530315912249637
AgriTrust-ACFL,4,6,1,False,0.6232936978340149,1.0,0.2501083314418793,1.0,7.0,0.7585603546252206,0.7033189490917515,0.6992557048797607,0.1,collusive_scale,True,False,461.01272843222,1.7481392621994019,0.530315912249637
AgriTrust-ACFL,4,7,2,False,0.7873192429542542,0.5179911239081599,0.41366827487945557,1.0,7.0,0.7188577981516568,0.7710474229036275,1.5712738037109375,0.1,collusive_scale,True,False,2932.9608732252136,1.7481392621994019,0.530315912249637
AgriTrust-ACFL,4,8,2,False,0.610304206609726,0.5412914754116687,0.649258017539978,1.0,7.0,0.610144880683437,0.5772265876211063,1.4884437322616577,0.1,collusive_scale,True,False,6173.566192481485,1.7481392621994019,0.530315912249637
AgriTrust-ACFL,5,0,3,False,0.616520844399929,0.8937443840673358,0.45087921619415283,1.0,8.0,0.7222716880103219,0.7216430100536049,1.1004878282546997,0.1,collusive_scale,True,False,1381.016602348556,2.300250232219696,0.5057726856040891
AgriTrust-ACFL,5,2,0,False,0.7192906439304352,0.650461460866889,0.45883709192276,1.0,8.0,0.7265071067711151,0.7168697672838853,1.930068016052246,0.1,collusive_scale,True,False,8818.215007359073,2.300250232219696,0.5057726856040891
AgriTrust-ACFL,5,3,3,False,0.34133391082286835,0.7281290207235972,0.46058225631713867,1.0,8.0,0.48897461642029444,0.6188477193222314,1.5810937881469727,0.1,collusive_scale,True,False,4220.278000168986,2.300250232219696,0.5057726856040891
AgriTrust-ACFL,5,4,1,False,0.7047533690929413,0.6536884142444204,0.6275929808616638,1.0,8.0,0.7206357536059143,0.6441417099096878,0.4254765212535858,0.1,collusive_scale,True,False,316.2566236615961,2.300250232219696,0.5057726856040891
AgriTrust-ACFL,5,5,1,False,0.6671792417764664,0.49007712091717287,0.0747259184718132,1.0,8.0,0.6334831193380038,0.5648692045956959,0.25566500425338745,0.1,collusive_scale,True,False,166.04136965066525,2.300250232219696,0.5057726856040891
AgriTrust-ACFL,5,6,4,False,0.7087859511375427,0.8937443840673358,0.45087921619415283,1.0,8.0,0.7871480783662118,0.7242762314103667,0.7397123575210571,0.1,collusive_scale,True,False,123.07427338034286,2.300250232219696,0.5057726856040891
AgriTrust-ACFL,5,8,0,False,0.437789648771286,0.6873756098158362,0.46058225631713867,1.0,8.0,0.5460185153980821,0.5694245695653503,0.46500977873802185,0.1,collusive_scale,True,False,14979.282726986105,2.300250232219696,0.5057726856040891
AgriTrust-ACFL,5,9,2,True,0.6105009689927101,0.40615161454872756,0.6275929808616638,1.0,8.0,0.5586371281620591,0.528976387539239,4.438275337219238,0.1,collusive_scale,True,False,233.56140438340674,2.300250232219696,0.5057726856040891
AgriTrust-ACFL,6,0,0,False,0.8393584489822388,0.66549150280809,0.8779743313789368,1.0,7.0,0.7833920936342246,0.7370802809487598,1.6137852668762207,0.1,collusive_scale,True,False,5441.126633963745,2.301374077796936,0.587091560773186
AgriTrust-ACFL,6,1,4,False,0.40587015450000763,1.0,0.24752819538116455,1.0,7.0,0.5828489394576236,0.6938995864236982,0.9205496311187744,0.1,collusive_scale,True,False,2320.168392744623,2.301374077796936,0.587091560773186
AgriTrust-ACFL,6,2,0,False,0.8413682281970978,0.6770552754777474,0.8779743313789368,1.0,7.0,0.8015037655884459,0.7380282668600254,1.5759133100509644,0.1,collusive_scale,True,False,9078.485710645173,2.301374077796936,0.587091560773186
AgriTrust-ACFL,6,5,1,False,0.7439728826284409,0.41952646066955723,0.3707503080368042,1.0,7.0,0.641957895883927,0.5841413774177537,0.277984082698822,0.1,collusive_scale,False,False,0.0,2.301374077796936,0.587091560773186
AgriTrust-ACFL,6,6,0,False,0.7961703240871429,0.8673160713278735,0.325161874294281,1.0,7.0,0.8316022329709877,0.7511077318005219,0.7565272450447083,0.1,collusive_scale,True,False,772.1387482909365,2.301374077796936,0.587091560773186
AgriTrust-ACFL,6,7,4,False,0.5211282707750797,0.6703205323025453,0.12435683608055115,1.0,7.0,0.618967180268851,0.7330273622449334,1.5977809429168701,0.1,collusive_scale,True,False,1133.6534965891788,2.301374077796936,0.587091560773186
AgriTrust-ACFL,6,8,1,False,0.4088934063911438,0.5858013925537813,0.24752819538116455,1.0,7.0,0.5012608596600262,0.5523836420890192,0.4404437839984894,0.1,collusive_scale,False,False,0.0,2.301374077796936,0.587091560773186
AgriTrust-ACFL,7,0,0,False,0.5110533805564046,0.9851239488309792,0.1679833084344864,1.0,8.0,0.6707628978923014,0.7205009351846451,0.8003730773925781,0.1,collusive_scale,True,False,5318.73790353305,1.9617294520139694,0.5412808745900891
AgriTrust-ACFL,7,1,0,False,0.5535188317298889,0.7042909892921064,0.19310857355594635,1.0,8.0,0.6222881865569705,0.6759967364570163,1.252100944519043,0.1,collusive_scale,True,False,13674.061985052525,1.9617294520139694,0.5412808745900891
AgriTrust-ACFL,7,2,2,False,0.7522615194320679,0.5025376359276007,0.6467067003250122,1.0,8.0,0.6891748385421801,0.7258149097805641,1.9638701677322388,0.1,collusive_scale,True,False,3629.9552414417963,1.9617294520139694,0.5412808745900891
AgriTrust-ACFL,7,4,3,False,0.8060132265090942,0.6379886223786676,0.7222741842269897,1.0,8.0,0.7702225040557928,0.6756619084462141,0.430848628282547,0.1,collusive_scale,True,False,134.8722523256547,1.9617294520139694,0.5412808745900891
AgriTrust-ACFL,7,5,0,False,0.437903206795454,0.4796778312510786,0.19002507627010345,1.0,8.0,0.49930416925391713,0.5629320753767946,0.29454347491264343,0.1,collusive_scale,True,False,259.5116867487023,1.9617294520139694,0.5412808745900891
AgriTrust-ACFL,7,6,1,False,0.6775574684143066,0.9851239488309793,0.36865103244781494,1.0,8.0,0.7906363449603911,0.7609898850904893,0.7690104842185974,0.1,collusive_scale,True,False,498.8149739004416,1.9617294520139694,0.5412808745900891
AgriTrust-ACFL,7,8,1,False,0.33999934792518616,0.735758077800532,0.19310857355594635,1.0,8.0,0.4849383980994814,0.5355223310916348,0.5210742950439453,0.1,collusive_scale,False,False,0.0,1.9617294520139694,0.5412808745900891
AgriTrust-ACFL,7,9,3,True,0.8111210763454437,0.26483874006847924,0.7222741842269897,1.0,8.0,0.574496551309172,0.5403564284817223,4.61406135559082,0.1,collusive_scale,False,False,0.0,1.9617294520139694,0.5412808745900891
AgriTrust-ACFL,8,0,4,False,0.4440557733178139,0.7005002510265618,0.46751469373703003,1.0,10.0,0.5605036541159134,0.6805016149174621,1.7015249729156494,0.1,collusive_scale,True,False,830.3728359166757,3.1826844811439514,0.5387563433167202
AgriTrust-ACFL,8,1,1,False,0.5962607562541962,0.9951536331918203,0.3388420641422272,1.0,10.0,0.7191178364760218,0.6867770114617677,1.2680333852767944,0.1,collusive_scale,True,False,8858.01023315184,3.1826844811439514,0.5387563433167202
AgriTrust-ACFL,8,2,0,False,0.5457768775522709,0.6414416927668737,0.46751469373703003,1.0,10.0,0.6215576957430741,0.6997506062711916,0.8865196704864502,0.1,collusive_scale,True,False,8607.632207741928,3.1826844811439514,0.5387563433167202
AgriTrust-ACFL,8,3,0,False,0.7232702076435089,0.8461458126631107,0.927516520023346,1.0,10.0,0.7730792241095034,0.6574055955190494,1.458748459815979,0.1,collusive_scale,True,False,17293.711595724115,3.1826844811439514,0.5387563433167202
AgriTrust-ACFL,8,4,1,False,0.7760989964008331,0.3544624888569875,0.5255383253097534,1.0,10.0,0.6324258781512184,0.6648529008724652,0.5467160940170288,0.1,collusive_scale,True,False,326.4252732384367,3.1826844811439514,0.5387563433167202
AgriTrust-ACFL,8,5,0,False,0.8067675530910492,0.1663920072559644,0.6003700494766235,1.0,10.0,0.5085968899834379,0.5493482790284554,0.2951846122741699,0.1,collusive_scale,True,False,253.24955663211793,3.1826844811439514,0.5387563433167202
AgriTrust-ACFL,8,6,3,False,0.3851821795105934,0.546428503910385,0.31001460552215576,1.0,10.0,0.48560767546012995,0.6921443326828994,0.7779412269592285,0.1,collusive_scale,True,False,184.45576417115166,3.1826844811439514,0.5387563433167202
AgriTrust-ACFL,8,7,1,False,0.8275613784790039,0.9951536331918203,0.6003700494766235,1.0,10.0,0.8987118627352924,0.774448487367523,1.2781141996383667,0.1,collusive_scale,True,False,4620.087833817298,3.1826844811439514,0.5387563433167202
AgriTrust-ACFL,8,8,0,False,0.6828635185956955,0.9390208288272721,0.927516520023346,1.0,10.0,0.7656659511489864,0.5930582361059727,1.3400442600250244,0.1,collusive_scale,True,False,15600.989959003718,3.1826844811439514,0.5387563433167202
AgriTrust-ACFL,8,9,3,True,0.37853866070508957,0.11150440983469745,0.457882285118103,1.0,10.0,0.29143659906974956,0.47812647112872914,7.608201026916504,0.1,collusive_scale,False,False,0.0,3.1826844811439514,0.5387563433167202
AgriTrust-ACFL,9,0,2,False,0.6523282527923584,0.6037082424986328,0.19290602207183838,1.0,8.0,0.662323033223214,0.6759569694939,0.7615699172019958,0.1,collusive_scale,True,False,2028.7477789279635,3.1865018606185913,0.5451739698926736
AgriTrust-ACFL,9,1,2,False,0.7060521841049194,0.9882784347058805,0.4664289653301239,1.0,8.0,0.7875300465660221,0.7119652702378313,1.2592670917510986,0.1,collusive_scale,True,False,5855.267226262616,3.1865018606185913,0.5451739698926736
AgriTrust-ACFL,9,2,2,False,0.6402779966592789,0.6247244865740584,0.13601051270961761,1.0,8.0,0.6732637719923308,0.6931288977014765,0.7886306047439575,0.1,collusive_scale,True,False,3466.485520346944,3.1865018606185913,0.5451739698926736
AgriTrust-ACFL,9,3,2,False,0.7836172580718994,0.7192448103284053,0.8801844120025635,1.0,8.0,0.7694764611836579,0.6854233119352016,1.7839328050613403,0.1,collusive_scale,True,False,7330.754121255807,3.1865018606185913,0.5451739698926736
AgriTrust-ACFL,9,6,0,False,0.5065645249560475,0.6071949233780408,0.2220659852027893,1.0,8.0,0.5827156751459924,0.6647871682986727,0.766058087348938,0.1,collusive_scale,True,False,683.4012090110355,3.1865018606185913,0.5451739698926736
AgriTrust-ACFL,9,7,2,False,0.6837106943130493,0.9882784347058805,0.38199764490127563,1.0,8.0,0.8074337848020016,0.7826948117261427,1.2899343967437744,0.1,collusive_scale,True,False,2977.2659764872574,3.1865018606185913,0.5451739698926736
AgriTrust-ACFL,9,8,1,False,0.7575882375240326,0.952031480628799,0.8801844120025635,1.0,8.0,0.8140231971200398,0.6482994763594896,1.3400650024414062,0.1,collusive_scale,True,False,10874.216360043476,3.1865018606185913,0.5451739698926736
AgriTrust-ACFL,9,9,4,True,0.39556098729372025,0.17477870656841185,0.2220659852027893,1.0,8.0,0.3416723223380514,0.4440129339310597,7.555604457855225,0.1,collusive_scale,False,False,0.0,3.1865018606185913,0.5451739698926736
AgriTrust-ACFL,10,0,0,False,0.5782608836889267,0.5055823827046437,0.3480912446975708,1.0,9.0,0.5877207193211209,0.6538979069507053,1.721747636795044,0.1,collusive_scale,True,False,4827.074349110107,1.9071151316165924,0.53283289410779
AgriTrust-ACFL,10,1,3,False,0.49871635995805264,0.6643590694889978,0.21971720457077026,1.0,9.0,0.5774088619729973,0.6783261681716228,1.2428079843521118,0.1,collusive_scale,True,False,3557.0827279966675,1.9071151316165924,0.53283289410779
AgriTrust-ACFL,10,3,4,False,0.5737885981798172,0.8072799342322523,0.738689124584198,1.0,9.0,0.6711134184355921,0.6818458385602992,0.5908369421958923,0.1,collusive_scale,True,False,2964.906093235929,1.9071151316165924,0.53283289410779
AgriTrust-ACFL,10,4,0,False,0.6032532528042793,0.670320607665014,0.23273305594921112,1.0,9.0,0.6665668660811629,0.6652813921746396,0.4732605516910553,0.1,collusive_scale,True,False,512.2666719744725,1.9071151316165924,0.53283289410779
AgriTrust-ACFL,10,5,0,False,0.8071912527084351,0.4222473260047559,0.40049752593040466,1.0,9.0,0.6727124221534992,0.5801893148097164,0.27260923385620117,0.1,collusive_scale,True,False,267.46727412727927,1.9071151316165924,0.53283289410779
AgriTrust-ACFL,10,6,2,False,0.5720408111810684,1.0,0.32555049657821655,1.0,9.0,0.7235923953453764,0.6794884750603486,0.762846052646637,0.1,collusive_scale,True,False,283.99466124982695,1.9071151316165924,0.53283289410779
AgriTrust-ACFL,10,7,6,False,0.711337149143219,0.6971811094154922,0.3480912446975708,1.0,9.0,0.7432048230914927,0.7728223145674803,1.1732978820800781,0.1,collusive_scale,True,False,485.9311786520223,1.9071151316165924,0.53283289410779
AgriTrust-ACFL,10,8,0,False,0.4752020761370659,0.7696005023710446,0.738689124584198,1.0,9.0,0.5909024620553796,0.6339502227834621,0.5580735206604004,0.1,collusive_scale,True,False,16676.694560541753,1.9071151316165924,0.53283289410779
AgriTrust-ACFL,10,9,2,True,0.7911843061447144,0.24634888846064476,0.40049752593040466,1.0,9.0,0.554515565999135,0.4716385919480785,4.061048984527588,0.1,collusive_scale,True,True,104.122390423934,1.9071151316165924,0.53283289410779
RawTrust,1,0,0,False,0.8500445187091827,0.7408505610589599,0.9046610593795776,1.0,7.0,0.814661939189089,0.7886064713511727,2.00687837600708,0.1,adaptive_slow_drift,,,,,
RawTrust,1,1,0,False,0.8085071444511414,1.0,0.7128185033798218,1.0,7.0,0.85146974394883,0.8323763946784005,1.5805162191390991,0.1,adaptive_slow_drift,,,,,
RawTrust,1,2,0,False,0.878926157951355,0.6703208879221654,0.9046610593795776,1.0,7.0,0.8185300160216872,0.795928947975129,2.1732754707336426,0.1,adaptive_slow_drift,,,,,
RawTrust,1,4,0,False,0.8422311544418335,0.22518234681570498,0.7128185033798218,1.0,7.0,0.5773400016609407,0.5252883537840594,0.48225727677345276,0.1,adaptive_slow_drift,,,,,
RawTrust,1,5,0,False,0.6775907576084137,0.11021037707380715,0.19746282696723938,1.0,7.0,0.40833930575821564,0.37509763864793383,0.27302640676498413,0.1,adaptive_slow_drift,,,,,
RawTrust,1,8,0,False,0.21820151805877686,0.9178882764455442,-0.12136932462453842,1.0,7.0,0.4060334700609105,0.48730788819090054,1.6921005249023438,0.1,adaptive_slow_drift,,,,,
RawTrust,1,9,0,True,0.9353484511375427,0.4278759045563787,0.743446946144104,1.0,7.0,0.7175077244595325,0.6958178814171885,0.8039881587028503,0.1,adaptive_slow_drift,,,,,
RawTrust,2,0,0,False,0.8958591818809509,1.0,0.8276592493057251,1.0,7.0,0.9174812239996439,0.8208251595132905,1.5247948169708252,0.1,adaptive_slow_drift,,,,,
RawTrust,2,2,0,False,0.9069634675979614,0.6703238933752489,0.8276592493057251,1.0,7.0,0.8327905077697647,0.8051443379237879,1.6348496675491333,0.1,adaptive_slow_drift,,,,,
RawTrust,2,3,1,False,0.27862486243247986,0.704773174465774,-0.21698933839797974,1.0,7.0,0.43306277924117736,0.5247768422505048,1.620637059211731,0.1,adaptive_slow_drift,,,,,
RawTrust,2,4,1,False,0.6973726004362106,0.0013056436837577837,0.33397412300109863,1.0,7.0,0.11100363899838797,0.4217171750876415,0.47940388321876526,0.1,adaptive_slow_drift,,,,,
RawTrust,2,6,1,False,0.7512341141700745,0.01881724339947034,0.37775853276252747,1.0,7.0,0.2552421257131567,0.49840690833366796,0.7631102800369263,0.1,adaptive_slow_drift,,,,,
RawTrust,2,7,1,False,0.8326358199119568,0.8113166313382917,0.6186882853507996,1.0,7.0,0.8481462179029771,0.8287374109384666,1.5813688039779663,0.1,adaptive_slow_drift,,,,,
RawTrust,2,9,1,True,0.9242621064186096,0.037739323996958195,0.6609872579574585,1.0,7.0,0.3440498801239059,0.6078758810938678,0.8614820837974548,0.1,adaptive_slow_drift,,,,,
RawTrust,3,1,0,False,0.6111228838562965,0.9145604352761577,0.20098252594470978,1.0,9.0,0.7106856063834703,0.801953697604668,1.719004511833191,0.1,adaptive_slow_drift,,,,,
RawTrust,3,2,2,False,0.5627738982439041,0.6703209291585328,0.4235590994358063,1.0,9.0,0.6405373726135288,0.7639925965962231,2.1761720180511475,0.1,adaptive_slow_drift,,,,,
RawTrust,3,3,0,False,0.49640458123758435,0.798652928273655,0.8166771531105042,1.0,9.0,0.6177208042659089,0.5480128327543559,1.9052389860153198,0.1,adaptive_slow_drift,,,,,
RawTrust,3,4,1,False,0.7578368484973907,0.1742367298583974,0.3925555944442749,1.0,9.0,0.5044204545726229,0.44239299495888684,0.4264174699783325,0.1,adaptive_slow_drift,,,,,
RawTrust,3,5,0,False,0.7175363898277283,0.09868187499165952,0.3925555944442749,1.0,9.0,0.40766901974575875,0.3832404839223901,0.27696678042411804,0.1,adaptive_slow_drift,,,,,
RawTrust,3,6,2,False,0.5403441861271858,0.3792958215102648,0.3600400686264038,1.0,9.0,0.5242896923967565,0.5048776043494401,0.7696014046669006,0.1,adaptive_slow_drift,,,,,
RawTrust,3,7,2,False,0.741739422082901,1.0,0.4235590994358063,1.0,9.0,0.8474255724248277,0.833409451310057,1.6063342094421387,0.1,adaptive_slow_drift,,,,,
RawTrust,3,8,1,False,0.5005584375467151,0.8818753224174096,0.8166771531105042,1.0,9.0,0.6333961292907171,0.5238299484658546,1.7671512365341187,0.1,adaptive_slow_drift,,,,,
RawTrust,3,9,0,True,0.825573742389679,0.5065817123012542,0.32396265864372253,1.0,9.0,0.704703496350211,0.6320827849079536,0.9586383104324341,0.1,adaptive_slow_drift,,,,,
RawTrust,4,2,1,False,0.637998417019844,0.817532829791461,0.4990353584289551,1.0,7.0,0.7284140445703432,0.7550979585897531,1.6619617938995361,0.1,adaptive_slow_drift,,,,,
RawTrust,4,3,0,False,0.4791599437594414,0.6703215810588445,0.7996411919593811,1.0,7.0,0.5748100604706081,0.5547121396834189,1.8124784231185913,0.1,adaptive_slow_drift,,,,,
RawTrust,4,4,0,False,0.6540387272834778,0.07556824802204619,0.4990353584289551,1.0,7.0,0.36204940858840345,0.422307098366266,0.4927216172218323,0.1,adaptive_slow_drift,,,,,
RawTrust,4,5,0,False,0.7745673954486847,0.019484382821180923,0.21103091537952423,1.0,7.0,0.26134301185007536,0.3527661159043114,0.27261272072792053,0.1,adaptive_slow_drift,,,,,
RawTrust,4,6,1,False,0.7231843620538712,0.19889937210147893,0.39083194732666016,1.0,7.0,0.5070912591347319,0.5054310180457631,0.7518609166145325,0.1,adaptive_slow_drift,,,,,
RawTrust,4,7,2,False,0.7097776234149933,1.0,0.21103091537952423,1.0,7.0,0.827142971001141,0.831842831232828,1.5219956636428833,0.1,adaptive_slow_drift,,,,,
RawTrust,4,8,2,False,0.4601943977177143,0.7261089914031285,0.7996411919593811,1.0,7.0,0.5705206785313655,0.5355026309822324,1.7502970695495605,0.1,adaptive_slow_drift,,,,,
RawTrust,5,0,3,False,0.7207344621419907,0.9533040995965566,0.7387361526489258,1.0,8.0,0.8024374147849058,0.8162282233311943,1.5097407102584839,0.1,adaptive_slow_drift,,,,,
RawTrust,5,2,0,False,0.7381913810968399,0.5844604056445231,0.7387361526489258,1.0,8.0,0.7136666983332698,0.7447401435256323,2.379868984222412,0.1,adaptive_slow_drift,,,,,
RawTrust,5,3,3,False,0.3236108273267746,0.7687944740903029,0.5441424250602722,1.0,8.0,0.48264840154660404,0.5366962051492152,1.8441873788833618,0.1,adaptive_slow_drift,,,,,
RawTrust,5,4,1,False,0.6727443486452103,0.31515379817625383,0.46188169717788696,1.0,8.0,0.5643628608960901,0.45782103899872206,0.49328333139419556,0.1,adaptive_slow_drift,,,,,
RawTrust,5,5,1,False,0.6777378022670746,0.16494633465237235,0.21389038860797882,1.0,8.0,0.46090250704504426,0.3798002136894946,0.2701071500778198,0.1,adaptive_slow_drift,,,,,
RawTrust,5,6,4,False,0.7062467485666275,0.49181671487280026,0.34887197613716125,1.0,8.0,0.6567138498713333,0.5432517260021557,0.7462612390518188,0.1,adaptive_slow_drift,,,,,
RawTrust,5,8,0,False,0.3955031782388687,0.7766321648286827,0.5441424250602722,1.0,8.0,0.5356118974579697,0.5355299476011667,1.8268685340881348,0.1,adaptive_slow_drift,,,,,
RawTrust,5,9,2,True,0.9064862728118896,0.9533040995965566,0.2951503396034241,1.0,8.0,0.8968379148082586,0.6982715673830298,1.3812222480773926,0.1,adaptive_slow_drift,,,,,
RawTrust,6,0,0,False,0.8548695147037506,0.6703209813818417,0.9112410545349121,1.0,7.0,0.793039964512181,0.810431158626441,2.0884921550750732,0.1,adaptive_slow_drift,,,,,
RawTrust,6,1,4,False,0.6332555711269379,0.8596651920094648,0.24408158659934998,1.0,7.0,0.7113942648138153,0.7793138394069548,1.4069360494613647,0.1,adaptive_slow_drift,,,,,
RawTrust,6,2,0,False,0.8727299273014069,0.6060206275523545,0.9112410545349121,1.0,7.0,0.7910539794279294,0.7563186025012065,2.245013952255249,0.1,adaptive_slow_drift,,,,,
RawTrust,6,5,1,False,0.8305140137672424,0.09101525880070065,0.4126102924346924,1.0,7.0,0.4312185375560607,0.3926547946561361,0.2814372479915619,0.1,adaptive_slow_drift,,,,,
RawTrust,6,6,0,False,0.7888410091400146,0.36931759649722473,0.3397297263145447,1.0,7.0,0.6404324816900158,0.5675469149241207,0.7679140567779541,0.1,adaptive_slow_drift,,,,,
RawTrust,6,7,4,False,0.6224322766065598,1.0,0.1712660789489746,1.0,7.0,0.7695094797609763,0.816259493364865,1.5679693222045898,0.1,adaptive_slow_drift,,,,,
RawTrust,6,8,1,False,0.2698090672492981,0.9464803365893365,-0.03952004387974739,1.0,7.0,0.4605403552554577,0.5167825495147395,1.6310125589370728,0.1,adaptive_slow_drift,,,,,
RawTrust,7,0,0,False,0.7689655423164368,0.9587658980373043,0.7997438907623291,1.0,8.0,0.8329671615540017,0.8160651593583311,1.4596447944641113,0.1,adaptive_slow_drift,,,,,
RawTrust,7,1,0,False,0.6930757462978363,0.9587658980373043,0.563972532749176,1.0,8.0,0.7724782416869865,0.7776049399769627,1.3584333658218384,0.1,adaptive_slow_drift,,,,,
RawTrust,7,2,2,False,0.8087543845176697,0.5434428040378945,0.7997438907623291,1.0,8.0,0.7342116627977558,0.7507918675753439,2.369368314743042,0.1,adaptive_slow_drift,,,,,
RawTrust,7,4,3,False,0.7650753259658813,0.2927232459400159,0.563972532749176,1.0,8.0,0.5924594105843279,0.49148063189512353,0.4936027526855469,0.1,adaptive_slow_drift,,,,,
RawTrust,7,5,0,False,0.4563971944153309,0.14271780642001333,0.08752608299255371,1.0,8.0,0.3550621749568399,0.3832566397313121,0.2674052119255066,0.1,adaptive_slow_drift,,,,,
RawTrust,7,6,1,False,0.7072890996932983,0.5011471414817066,0.3715566396713257,1.0,8.0,0.6609628410479457,0.5909008964550769,0.7809567451477051,0.1,adaptive_slow_drift,,,,,
RawTrust,7,8,1,False,0.2842625081539154,0.9055461788727507,0.08752608299255371,1.0,8.0,0.46770505874140356,0.5045131768214055,1.5325349569320679,0.1,adaptive_slow_drift,,,,,
RawTrust,7,9,3,True,0.9085119068622589,0.8268211740989764,0.3900122046470642,1.0,8.0,0.8604015111016411,0.7388040533126826,1.6562061309814453,0.1,adaptive_slow_drift,,,,,
RawTrust,8,0,4,False,0.6543792188167572,0.6407001191064106,0.8486539125442505,1.0,10.0,0.6754107816756026,0.7809015649376491,1.900879144668579,0.1,adaptive_slow_drift,,,,,
RawTrust,8,1,1,False,0.5857349336147308,0.8369722783746886,0.4828818440437317,1.0,10.0,0.676070580742449,0.7522213501683342,1.3693618774414062,0.1,adaptive_slow_drift,,,,,
RawTrust,8,2,0,False,0.6894089579582214,0.8369722783746886,0.8486539125442505,1.0,10.0,0.765511287977426,0.7544717226758644,1.6514804363250732,0.1,adaptive_slow_drift,,,,,
RawTrust,8,3,0,False,0.43773622438311577,0.7013119838810739,0.8257839679718018,1.0,10.0,0.5543899751603866,0.541119647652008,1.8125650882720947,0.1,adaptive_slow_drift,,,,,
RawTrust,8,4,1,False,0.6522804796695709,0.09564761436497833,0.4828818440437317,1.0,10.0,0.38799424460122584,0.46560903507164914,0.4372389614582062,0.1,adaptive_slow_drift,,,,,
RawTrust,8,5,0,False,0.6219877749681473,0.04300806883899349,0.40458017587661743,1.0,10.0,0.293742866500929,0.36087819642371627,0.2870948612689972,0.1,adaptive_slow_drift,,,,,
RawTrust,8,6,3,False,0.568296954035759,0.2963075022018123,0.2948361933231354,1.0,10.0,0.5005510320821934,0.5683134303618561,0.7928134202957153,0.1,adaptive_slow_drift,,,,,
RawTrust,8,7,1,False,0.7373582422733307,0.8120686136792786,0.3599119186401367,1.0,10.0,0.793531791505477,0.810577567900018,1.3477643728256226,0.1,adaptive_slow_drift,,,,,
RawTrust,8,8,0,False,0.40438850969076157,0.7949040469249383,0.8257839679718018,1.0,10.0,0.5459927448876822,0.5148830688379746,1.6969176530838013,0.1,adaptive_slow_drift,,,,,
RawTrust,8,9,3,True,0.8964081406593323,0.6402350629413864,0.23665329813957214,1.0,10.0,0.790998876340087,0.7518527590695336,1.9016057252883911,0.1,adaptive_slow_drift,,,,,
RawTrust,9,0,2,False,0.6891272962093353,0.8723902054513571,0.8248786926269531,1.0,8.0,0.7623304309745951,0.7762587814468855,1.50721275806427,0.1,adaptive_slow_drift,,,,,
RawTrust,9,1,2,False,0.5553630813956261,0.5722992299540344,0.10938938707113266,1.0,8.0,0.5857973437546248,0.7106153485649068,1.3092584609985352,0.1,adaptive_slow_drift,,,,,
RawTrust,9,2,2,False,0.6807123720645905,0.8723902054513571,0.8248786926269531,1.0,8.0,0.7696959621116352,0.758277782534807,1.6511191129684448,0.1,adaptive_slow_drift,,,,,
RawTrust,9,3,2,False,0.41524869203567505,0.7057422209714006,0.8546499013900757,1.0,8.0,0.5395584550153154,0.5407293494928349,1.7722580432891846,0.1,adaptive_slow_drift,,,,,
RawTrust,9,6,0,False,0.6860515773296356,0.11367589843628981,0.3901882767677307,1.0,8.0,0.4164912452882247,0.5303578840934482,0.7630983591079712,0.1,adaptive_slow_drift,,,,,
RawTrust,9,7,2,False,0.6943388879299164,0.6366795714609157,0.27218353748321533,1.0,8.0,0.7136806310184615,0.7863533336796289,1.3567140102386475,0.1,adaptive_slow_drift,,,,,
RawTrust,9,8,1,False,0.4170466586947441,0.8104980070146223,0.8546499013900757,1.0,8.0,0.5585734078729617,0.5258056535967214,1.6922023296356201,0.1,adaptive_slow_drift,,,,,
RawTrust,9,9,4,True,0.9275327324867249,0.35507408782989297,0.21671107411384583,1.0,8.0,0.6753402327377344,0.7327246274865837,2.229280948638916,0.1,adaptive_slow_drift,,,,,
RawTrust,10,0,0,False,0.6822163611650467,0.670321302794517,0.4270723760128021,1.0,9.0,0.7004988094305692,0.7573187884428065,1.769419550895691,0.1,adaptive_slow_drift,,,,,
RawTrust,10,1,3,False,0.679673969745636,0.87700083332399,0.5643025636672974,1.0,9.0,0.744060841057967,0.7189767216881718,1.3328237533569336,0.1,adaptive_slow_drift,,,,,
RawTrust,10,3,4,False,0.40851762145757675,0.7718576874212988,0.686876654624939,1.0,9.0,0.5492906789747356,0.5428696818633101,1.6411924362182617,0.1,adaptive_slow_drift,,,,,
RawTrust,10,4,0,False,0.7411445677280426,0.12858601051134294,0.5643025636672974,1.0,9.0,0.45487163801770464,0.46292468580816304,0.4786778688430786,0.1,adaptive_slow_drift,,,,,
RawTrust,10,5,0,False,0.7268396615982056,0.04531601094718592,0.3105435371398926,1.0,9.0,0.3250791164420496,0.35192842642829963,0.2744457423686981,0.1,adaptive_slow_drift,,,,,
RawTrust,10,6,2,False,0.6864336133003235,0.30324551241748476,0.36205172538757324,1.0,9.0,0.5592122149605063,0.5375714668102127,0.7564466595649719,0.1,adaptive_slow_drift,,,,,
RawTrust,10,7,6,False,0.7452406287193298,1.0,0.4270723760128021,1.0,9.0,0.849623281466625,0.8021708206263779,1.4294697046279907,0.1,adaptive_slow_drift,,,,,
RawTrust,10,8,0,False,0.36751362681388855,0.751585929532514,0.686876654624939,1.0,9.0,0.5093861160738097,0.5217007692159935,1.664656162261963,0.1,adaptive_slow_drift,,,,,
RawTrust,10,9,2,True,0.7695788145065308,0.5603310852218741,0.27002817392349243,1.0,9.0,0.6988250534927395,0.7242497339881226,1.9469178915023804,0.1,adaptive_slow_drift,,,,,
AgriTrust-ACFL,1,0,0,False,0.7616451382637024,0.6518021065425386,0.8040083646774292,1.0,7.0,0.7380130170501198,0.7093004120176247,1.3217952251434326,0.1,adaptive_slow_drift,True,False,5236.055641514105,1.959047019481659,0.5680883243882886
AgriTrust-ACFL,1,1,0,False,0.6865720748901367,0.7944917751514738,0.36388975381851196,1.0,7.0,0.7263522604362195,0.7301958894295748,1.0378786325454712,0.1,adaptive_slow_drift,True,False,14770.402451381438,1.959047019481659,0.5680883243882886
AgriTrust-ACFL,1,2,0,False,0.8094220757484436,0.6703205947996332,0.8040083646774292,1.0,7.0,0.7822706085269678,0.7719983589046949,1.2773276567459106,0.1,adaptive_slow_drift,True,False,9496.351812886653,1.959047019481659,0.5680883243882886
AgriTrust-ACFL,1,4,0,False,0.7704637050628662,0.6063055000885375,0.35624098777770996,1.0,7.0,0.7399549584247236,0.7056999980778282,0.4252658486366272,0.1,adaptive_slow_drift,True,False,543.3889985199278,1.959047019481659,0.5680883243882886
AgriTrust-ACFL,1,5,0,False,0.6326820701360703,0.4359341008808746,0.35624098777770996,1.0,7.0,0.5940193905342114,0.5592747501347138,0.2842196226119995,0.1,adaptive_slow_drift,False,False,0.0,1.959047019481659,0.5680883243882886
AgriTrust-ACFL,1,8,0,False,0.28378185629844666,1.0,0.1644008606672287,1.0,7.0,0.48138733432898795,0.5432530786337438,0.7836188077926636,0.1,adaptive_slow_drift,False,False,0.0,1.959047019481659,0.5680883243882886
AgriTrust-ACFL,1,9,0,True,0.9073237180709839,0.6718468052958932,0.709750771522522,1.0,7.0,0.8078787159644454,0.8087352513672073,0.48207417130470276,0.1,adaptive_slow_drift,True,False,878.2864829847871,1.959047019481659,0.5680883243882886
AgriTrust-ACFL,2,0,0,False,0.8148397207260132,0.6703212262001428,0.5131345987319946,1.0,7.0,0.772395829134048,0.7250742662967306,1.067683458328247,0.1,adaptive_slow_drift,True,False,5352.498233802465,2.126733809709549,0.596577130868389
AgriTrust-ACFL,2,2,0,False,0.805397242307663,1.0,0.5131345987319946,1.0,7.0,0.8795925569308994,0.798896908411246,0.8506935238838196,0.1,adaptive_slow_drift,True,False,9827.230870366739,2.126733809709549,0.596577130868389
AgriTrust-ACFL,2,3,1,False,0.49507973017171025,0.9439627017495762,0.0342048779129982,1.0,7.0,0.6485342290285682,0.6046261125864391,0.8790194988250732,0.1,adaptive_slow_drift,True,False,10141.663544320252,2.126733809709549,0.596577130868389
AgriTrust-ACFL,2,4,1,False,0.5282915383577347,0.33327720785482334,0.12307511270046234,1.0,7.0,0.502465589270226,0.6548913958759276,0.45575547218322754,0.1,adaptive_slow_drift,True,False,321.5344365043355,2.126733809709549,0.596577130868389
AgriTrust-ACFL,2,6,1,False,0.7378243803977966,0.817253738302006,0.48023128509521484,1.0,7.0,0.7834122569973564,0.7448708001187786,0.7585650086402893,0.1,adaptive_slow_drift,True,False,488.24920803811773,2.126733809709549,0.596577130868389
AgriTrust-ACFL,2,7,1,False,0.810004711151123,0.6100299208213867,0.5241720676422119,1.0,7.0,0.7668965909822926,0.770099734815435,1.126396656036377,0.1,adaptive_slow_drift,True,False,4594.1447025620755,2.126733809709549,0.596577130868389
AgriTrust-ACFL,2,9,1,True,0.9152928590774536,0.4228066328444706,0.5241720676422119,1.0,7.0,0.7064743895365059,0.7831700359095318,0.5217058658599854,0.1,adaptive_slow_drift,True,False,542.3171909691721,2.126733809709549,0.596577130868389
AgriTrust-ACFL,3,1,0,False,0.4710147771984339,0.7658274190215538,0.14070113003253937,1.0,9.0,0.5839173270601083,0.6936262488372082,1.2140016555786133,0.1,adaptive_slow_drift,True,False,14030.671761479049,2.5113332271575928,0.5555346744164483
AgriTrust-ACFL,3,2,2,False,0.39011194556951523,0.7141490192243286,0.3118835985660553,1.0,9.0,0.5336625288595556,0.7325883135233235,1.2757306098937988,0.1,adaptive_slow_drift,True,False,3663.8304788984983,2.5113332271575928,0.5555346744164483
AgriTrust-ACFL,3,3,0,False,0.6872178912162781,1.0,0.8734362721443176,1.0,9.0,0.7902728717493764,0.6510378023771735,1.004533290863037,0.1,adaptive_slow_drift,True,False,17126.200429333923,2.5113332271575928,0.5555346744164483
AgriTrust-ACFL,3,4,1,False,0.8457135558128357,0.43952440292692974,0.5865657329559326,1.0,9.0,0.7072156115455355,0.6679724497933295,0.5604276657104492,0.1,adaptive_slow_drift,True,False,327.9568896419111,2.5113332271575928,0.5555346744164483
AgriTrust-ACFL,3,5,0,False,0.7943994998931885,0.16956863362708907,0.5865657329559326,1.0,9.0,0.5071628275639908,0.5462467694920331,0.28502318263053894,0.1,adaptive_slow_drift,False,False,0.0,2.5113332271575928,0.5555346744164483
AgriTrust-ACFL,3,6,2,False,0.4722756464034319,0.6703209902880197,0.3118835985660553,1.0,9.0,0.5775658880040635,0.7030445720900999,0.756211519241333,0.1,adaptive_slow_drift,True,False,293.8400170459471,2.5113332271575928,0.5555346744164483
AgriTrust-ACFL,3,7,2,False,0.7385593950748444,0.8081169560510298,0.35565733909606934,1.0,9.0,0.793081039619815,0.77584506101653,1.1685518026351929,0.1,adaptive_slow_drift,True,False,2951.2104444591682,2.5113332271575928,0.5555346744164483
AgriTrust-ACFL,3,8,1,False,0.711382120847702,0.6052380798351098,0.8734362721443176,1.0,9.0,0.6864163336765408,0.579043892394443,1.4347423315048218,0.1,adaptive_slow_drift,True,False,9712.561551364483,2.5113332271575928,0.5555346744164483
AgriTrust-ACFL,3,9,0,True,0.7636328935623169,0.5553784112923768,0.2210044115781784,1.0,9.0,0.6939993884550015,0.7608773740458992,0.6616818308830261,0.1,adaptive_slow_drift,True,False,826.3128282138465,2.5113332271575928,0.5555346744164483
AgriTrust-ACFL,4,2,1,False,0.5378472469747066,0.7097587074471193,0.46528106927871704,1.0,7.0,0.6355820317312683,0.7083367430753097,1.0136655569076538,0.1,adaptive_slow_drift,True,False,5555.813668466842,1.7509637773036957,0.533534570078946
AgriTrust-ACFL,4,3,0,False,0.6244496181607246,0.8400162437825475,0.6358354091644287,1.0,7.0,0.7115165395595248,0.6661574866727613,0.5803518295288086,0.1,adaptive_slow_drift,True,False,17523.93884441366,1.7509637773036957,0.533534570078946
AgriTrust-ACFL,4,4,0,False,0.5234148856252432,0.6703206676415201,0.46528106927871704,1.0,7.0,0.6165016623023318,0.65510475292058,0.4549940824508667,0.1,adaptive_slow_drift,True,False,504.4306597488466,1.7509637773036957,0.533534570078946
AgriTrust-ACFL,4,5,0,False,0.7799038887023926,0.4135992624979311,0.2524837851524353,1.0,7.0,0.6560226784515427,0.5736907467319105,0.27031412720680237,0.1,adaptive_slow_drift,True,False,264.4714342434107,1.7509637773036957,0.533534570078946
AgriTrust-ACFL,4,6,1,False,0.6521384119987488,1.0,0.2534460723400116,1.0,7.0,0.7776712008781488,0.7217012292871121,0.7003855109214783,0.1,adaptive_slow_drift,True,False,473.061977437401,1.7509637773036957,0.533534570078946
AgriTrust-ACFL,4,7,2,False,0.7194645404815674,0.48536045814164575,0.32855692505836487,1.0,7.0,0.670869118538749,0.7496010753970848,1.5271282196044922,0.1,adaptive_slow_drift,True,False,2851.381846771295,1.7509637773036957,0.533534570078946
AgriTrust-ACFL,4,8,2,False,0.5531453751027584,0.5096277131779352,0.6358354091644287,1.0,7.0,0.5676630595867809,0.5761986841925275,1.448859691619873,0.1,adaptive_slow_drift,True,False,6162.572537663949,1.7509637773036957,0.533534570078946
AgriTrust-ACFL,5,0,3,False,0.6574438363313675,0.8737368699632556,0.4518502354621887,1.0,8.0,0.7431932968417853,0.7296040239329942,1.0650092363357544,0.1,adaptive_slow_drift,True,False,1396.2516869898488,2.2006110846996307,0.5451920502903245
AgriTrust-ACFL,5,2,0,False,0.6840856671333313,0.5857339989554994,0.4546925723552704,1.0,8.0,0.6848522231517713,0.7024656130944251,1.9459900856018066,0.1,adaptive_slow_drift,True,False,8641.029506674524,2.2006110846996307,0.5451920502903245
AgriTrust-ACFL,5,3,3,False,0.3783675730228424,0.683793283886406,0.4584727883338928,1.0,8.0,0.5078146451866485,0.6265717763012331,1.5410391092300415,0.1,adaptive_slow_drift,True,False,4272.9527806080805,2.2006110846996307,0.5451920502903245
AgriTrust-ACFL,5,4,1,False,0.6202659606933594,0.6496956141882255,0.4546925723552704,1.0,8.0,0.6705250123178811,0.6589598177699053,0.4536234438419342,0.1,adaptive_slow_drift,True,False,323.5319245601869,2.2006110846996307,0.5451920502903245
AgriTrust-ACFL,5,5,1,False,0.6314136683940887,0.4508923379832749,0.10580144822597504,1.0,8.0,0.5994001871127708,0.5801181068271255,0.2615668475627899,0.1,adaptive_slow_drift,True,False,170.52373227828963,2.2006110846996307,0.5451920502903245
AgriTrust-ACFL,5,6,4,False,0.70823734998703,0.8986757643282519,0.4518502354621887,1.0,8.0,0.7881128337541249,0.7383041304038652,0.7397123575210571,0.1,adaptive_slow_drift,True,False,125.45799577906875,2.2006110846996307,0.5451920502903245
AgriTrust-ACFL,5,8,0,False,0.4495173543691635,0.6571131523400697,0.4584727883338928,1.0,8.0,0.5465824943425195,0.5687946367300255,0.46145227551460266,0.1,adaptive_slow_drift,True,False,14962.71171382005,2.2006110846996307,0.5451920502903245
AgriTrust-ACFL,5,9,2,True,0.9154736995697021,0.8986757643282519,0.28936049342155457,1.0,8.0,0.885894454473069,0.7921316441526917,1.0207765102386475,0.1,adaptive_slow_drift,True,False,349.7535686337524,2.2006110846996307,0.5451920502903245
AgriTrust-ACFL,6,0,0,False,0.8420683741569519,0.6598178670992852,0.8798502683639526,1.0,7.0,0.782768951183193,0.7428952557455438,1.6327788829803467,0.1,adaptive_slow_drift,True,False,5484.052777913605,2.310851067304611,0.5741668362209941
AgriTrust-ACFL,6,1,4,False,0.4149659723043442,1.0,0.23346169292926788,1.0,7.0,0.589997217357177,0.6677189909672004,0.9243404269218445,0.1,adaptive_slow_drift,True,False,2232.6292281884566,2.310851067304611,0.5741668362209941
AgriTrust-ACFL,6,2,0,False,0.846077561378479,0.6703205359018836,0.8798502683639526,1.0,7.0,0.8015605316183867,0.7272393427254156,1.5978736877441406,0.1,adaptive_slow_drift,True,False,8945.771154865337,2.310851067304611,0.5741668362209941
AgriTrust-ACFL,6,5,1,False,0.7484560310840607,0.4158939533101392,0.37351804971694946,1.0,7.0,0.6424044959662103,0.5956897041118967,0.2782643735408783,0.1,adaptive_slow_drift,True,False,175.10095001254828,2.310851067304611,0.5741668362209941
AgriTrust-ACFL,6,6,0,False,0.7922545075416565,0.864599177461608,0.3214554190635681,1.0,7.0,0.8285699472187773,0.7608705846075932,0.7574796676635742,0.1,adaptive_slow_drift,True,False,782.1749609766058,2.310851067304611,0.5741668362209941
AgriTrust-ACFL,6,7,4,False,0.5145639153197408,0.6853025101501009,0.11932985484600067,1.0,7.0,0.6187563135119205,0.7168898849257936,1.5502663850784302,0.1,adaptive_slow_drift,True,False,1108.6963005399834,2.310851067304611,0.5741668362209941
AgriTrust-ACFL,6,8,1,False,0.4081568047404289,0.578510950825302,0.23346169292926788,1.0,7.0,0.49888616878663594,0.5513175197441781,0.4371044933795929,0.1,adaptive_slow_drift,False,False,0.0,2.310851067304611,0.5741668362209941
AgriTrust-ACFL,7,0,0,False,0.5168923325836658,0.9849702143136375,0.16366425156593323,1.0,8.0,0.6749355472434843,0.725905328620029,0.7980830669403076,0.1,adaptive_slow_drift,True,False,5358.633135873054,1.9597958773374557,0.5493761489593981
AgriTrust-ACFL,7,1,0,False,0.5613530166447163,0.6717984541215721,0.1921347975730896,1.0,8.0,0.6182934273311171,0.6553626000581796,1.2599533796310425,0.1,adaptive_slow_drift,True,False,13256.674673976857,1.9597958773374557,0.5493761489593981
AgriTrust-ACFL,7,2,2,False,0.6527999490499496,0.46026283511735583,0.448672890663147,1.0,8.0,0.6208787608988524,0.7006491972687747,1.978484869003296,0.1,adaptive_slow_drift,True,False,3504.0961431981336,1.9597958773374557,0.5493761489593981
AgriTrust-ACFL,7,4,3,False,0.692638948559761,0.6362181825541969,0.448672890663147,1.0,8.0,0.7080187414862579,0.6712245486989934,0.4569244086742401,0.1,adaptive_slow_drift,True,False,133.9864887566189,1.9597958773374557,0.5493761489593981
AgriTrust-ACFL,7,5,0,False,0.48191880248486996,0.44021832015466145,0.18962976336479187,1.0,8.0,0.5129303439809357,0.5749998640791565,0.29443636536598206,0.1,adaptive_slow_drift,True,False,265.07493734049115,1.9597958773374557,0.5493761489593981
AgriTrust-ACFL,7,6,1,False,0.6441904604434967,0.9849702143136375,0.36584392189979553,1.0,8.0,0.7689426051130881,0.7628885897339669,0.769753634929657,0.1,adaptive_slow_drift,True,False,500.0595401236422,1.9597958773374557,0.5493761489593981
AgriTrust-ACFL,7,8,1,False,0.39510440081357956,0.7025969902331077,0.1921347975730896,1.0,8.0,0.5194652829536414,0.5433544605465439,0.5143699049949646,0.1,adaptive_slow_drift,False,False,0.0,1.9597958773374557,0.5493761489593981
AgriTrust-ACFL,7,9,3,True,0.937075674533844,0.668846012448655,0.32060450315475464,1.0,8.0,0.8212393536705023,0.7994085715321444,1.2665929794311523,0.1,adaptive_slow_drift,True,False,225.06143068095648,1.9597958773374557,0.5493761489593981
AgriTrust-ACFL,8,0,4,False,0.4099073112010956,0.6230424172576868,0.46576178073883057,1.0,10.0,0.5178425387499079,0.6738896311524987,1.7390280961990356,0.1,adaptive_slow_drift,True,False,822.3046526977225,3.18706214427948,0.5381799731367539
AgriTrust-ACFL,8,1,1,False,0.6007931679487228,0.9975606834734468,0.3451557755470276,1.0,10.0,0.7226427259889,0.6721826315408597,1.276868224143982,0.1,adaptive_slow_drift,True,False,8669.772763742736,3.18706214427948,0.5381799731367539
AgriTrust-ACFL,8,2,0,False,0.519492020830512,0.5736705016718331,0.46576178073883057,1.0,10.0,0.5849828178057138,0.6717326024030095,0.8852417469024658,0.1,adaptive_slow_drift,True,False,8262.98274215942,3.18706214427948,0.5381799731367539
AgriTrust-ACFL,8,3,0,False,0.7458918392658234,0.8209752379643528,0.9273240566253662,1.0,10.0,0.7791944675338871,0.6647274491093966,1.451023817062378,0.1,adaptive_slow_drift,True,False,17486.32027627179,3.18706214427948,0.5381799731367539
AgriTrust-ACFL,8,4,1,False,0.7426359951496124,0.2752260045111664,0.5207269787788391,1.0,10.0,0.5721603623297452,0.6464585021066813,0.5466660857200623,0.1,adaptive_slow_drift,True,False,317.39410764481687,3.18706214427948,0.5381799731367539
AgriTrust-ACFL,8,5,0,False,0.795960932970047,0.1074756796031492,0.5978283286094666,1.0,10.0,0.442798206290605,0.5419494496320186,0.29492101073265076,0.1,adaptive_slow_drift,True,False,249.83869628036058,3.18706214427948,0.5381799731367539
AgriTrust-ACFL,8,6,3,False,0.39356183260679245,0.4717212150711921,0.3073040246963501,1.0,10.0,0.47018838295359927,0.689713538038875,0.7785598635673523,0.1,adaptive_slow_drift,True,False,183.8079598586195,3.18706214427948,0.5381799731367539
AgriTrust-ACFL,8,7,1,False,0.813571572303772,0.9975606834734468,0.5978283286094666,1.0,10.0,0.8909693917162235,0.7604097616234011,1.272781491279602,0.1,adaptive_slow_drift,True,False,4536.337723809096,3.18706214427948,0.5381799731367539
AgriTrust-ACFL,8,8,0,False,0.7080632597208023,0.9355331119402944,0.9273240566253662,1.0,10.0,0.7802081770619997,0.6025678896754079,1.331814169883728,0.1,adaptive_slow_drift,True,False,15851.15090580128,3.18706214427948,0.5381799731367539
AgriTrust-ACFL,8,9,3,True,0.802234023809433,0.7211873878362847,0.21673181653022766,1.0,10.0,0.7712157208471918,0.7923603588609063,1.5798358917236328,0.1,adaptive_slow_drift,True,False,223.0771126688388,3.18706214427948,0.5381799731367539
AgriTrust-ACFL,9,0,2,False,0.6245531886816025,0.5193207731118672,0.1918703019618988,1.0,8.0,0.618100675486604,0.659942392236025,0.7596796751022339,0.1,adaptive_slow_drift,True,False,1980.6832725930267,3.1887809932231903,0.5394347890033735
AgriTrust-ACFL,9,1,2,False,0.6699490696191788,0.9914530111848535,0.46276599168777466,1.0,8.0,0.7658570609142606,0.6956012388842099,1.266853928565979,0.1,adaptive_slow_drift,True,False,5720.687942019739,3.1887809932231903,0.5394347890033735
AgriTrust-ACFL,9,2,2,False,0.5927046835422516,0.546551390577637,0.13838180899620056,1.0,8.0,0.619906754212134,0.6587761403552905,0.7910125851631165,0.1,adaptive_slow_drift,True,False,3294.68005051378,3.1887809932231903,0.5394347890033735
AgriTrust-ACFL,9,3,2,False,0.7948379218578339,0.6555556515051637,0.8816249370574951,1.0,8.0,0.7542428650055806,0.6871063030834426,1.7811756134033203,0.1,adaptive_slow_drift,True,False,7348.75408431684,3.1887809932231903,0.5394347890033735
AgriTrust-ACFL,9,6,0,False,0.4811009094119072,0.5249578972560286,0.1918703019618988,1.0,8.0,0.5422210531646491,0.6528404168203186,0.766193687915802,0.1,adaptive_slow_drift,True,False,671.1199484912875,3.1887809932231903,0.5394347890033735
AgriTrust-ACFL,9,7,2,False,0.7126193642616272,0.9914530111848535,0.3799832761287689,1.0,8.0,0.8268308038590675,0.7770150221823178,1.2841708660125732,0.1,adaptive_slow_drift,True,False,2955.6608196507827,3.1887809932231903,0.5394347890033735
AgriTrust-ACFL,9,8,1,False,0.7831504046916962,0.9458832901020029,0.8816249370574951,1.0,8.0,0.8274070723790533,0.6587776853513192,1.3328560590744019,0.1,adaptive_slow_drift,True,False,11049.972034385139,3.1887809932231903,0.5394347890033735
AgriTrust-ACFL,9,9,4,True,0.8580346703529358,0.68541869698442,0.24102061986923218,1.0,8.0,0.7881525568422431,0.7913084083562405,1.7195186614990234,0.1,adaptive_slow_drift,True,False,142.0514065538642,3.1887809932231903,0.5394347890033735
AgriTrust-ACFL,10,0,0,False,0.6296342015266418,0.4935155638651217,0.363314151763916,1.0,9.0,0.6114404273997331,0.6478169010269521,1.7430148124694824,0.1,adaptive_slow_drift,True,False,4782.18436338096,1.9066958129405975,0.5318769534037446
AgriTrust-ACFL,10,1,3,False,0.49006591085344553,0.6553749867503085,0.2192244827747345,1.0,9.0,0.5695476005351343,0.664087829296941,1.2506076097488403,0.1,adaptive_slow_drift,True,False,3482.4181320206503,1.9066958129405975,0.5318769534037446
AgriTrust-ACFL,10,3,4,False,0.4768202342092991,0.7977228315964485,0.7315676212310791,1.0,9.0,0.6039845105323733,0.6663258549456752,0.5854223966598511,0.1,adaptive_slow_drift,True,False,2897.4197328541145,1.9066958129405975,0.5318769534037446
AgriTrust-ACFL,10,4,0,False,0.6496025025844574,0.6703206187648034,0.2425820380449295,1.0,9.0,0.6942647787713078,0.6584100712728379,0.47755467891693115,0.1,adaptive_slow_drift,True,False,506.97575488008516,1.9066958129405975,0.5318769534037446
AgriTrust-ACFL,10,5,0,False,0.7437225878238678,0.4157483072546756,0.23049503564834595,1.0,9.0,0.6400995332341294,0.5664869705325464,0.27303722500801086,0.1,adaptive_slow_drift,True,False,261.1504934155039,1.9066958129405975,0.5318769534037446
AgriTrust-ACFL,10,6,2,False,0.6036437898874283,1.0,0.2938985824584961,1.0,9.0,0.7453127345970848,0.6759584962645101,0.762678325176239,0.1,adaptive_slow_drift,True,False,282.5192938681297,1.9066958129405975,0.5318769534037446
AgriTrust-ACFL,10,7,6,False,0.7309516966342926,0.6937623641019837,0.363314151763916,1.0,9.0,0.7532953915221495,0.7710851145172757,1.1700053215026855,0.1,adaptive_slow_drift,True,False,484.8388710775151,1.9066958129405975,0.5318769534037446
AgriTrust-ACFL,10,8,0,False,0.42148014158010483,0.7575747642871775,0.7315676212310791,1.0,9.0,0.5505644682229984,0.631724381069239,0.5510885715484619,0.1,adaptive_slow_drift,True,False,16618.1415684074,1.9066958129405975,0.5318769534037446
AgriTrust-ACFL,10,9,2,True,0.7820849418640137,0.5705766806620048,0.24065202474594116,1.0,9.0,0.708891400942574,0.7707041565028239,1.4707900285720825,0.1,adaptive_slow_drift,True,False,340.29259036364016,1.9066958129405975,0.5318769534037446
RawTrust,1,0,0,False,0.8484223186969757,0.7408505610589599,0.9046610593795776,1.0,7.0,0.813806499381456,0.7883926113992643,2.00687837600708,0.1,alie_jitter,,,,,
RawTrust,1,1,0,False,0.8107427954673767,1.0,0.7128185033798218,1.0,7.0,0.8527638865536592,0.8326999303296079,1.5805162191390991,0.1,alie_jitter,,,,,
RawTrust,1,2,0,False,0.8774545192718506,0.6703208879221654,0.9046610593795776,1.0,7.0,0.8177759492263533,0.7957404312762956,2.1732754707336426,0.1,alie_jitter,,,,,
RawTrust,1,4,0,False,0.845371663570404,0.22518234681570498,0.7128185033798218,1.0,7.0,0.5785230411336749,0.5255841136522429,0.48225727677345276,0.1,alie_jitter,,,,,
RawTrust,1,5,0,False,0.6753713041543961,0.11021037707380715,0.18390938639640808,1.0,7.0,0.40760312764208256,0.3749135941189006,0.27302640676498413,0.1,alie_jitter,,,,,
RawTrust,1,8,0,False,0.21865108609199524,0.9178882764455442,-0.12136932462453842,1.0,7.0,0.4064933675144889,0.4874228625542951,1.6921005249023438,0.1,alie_jitter,,,,,
RawTrust,1,9,0,True,0.9222327172756195,0.4535156566416154,0.7120695114135742,1.0,7.0,0.7244957110871636,0.6975648780740962,0.842119038105011,0.1,alie_jitter,,,,,
RawTrust,2,0,0,False,0.8988736271858215,1.0,0.827701210975647,1.0,7.0,0.9191779008773875,0.821088933768795,1.5248806476593018,0.1,alie_jitter,,,,,
RawTrust,2,2,0,False,0.909902960062027,0.6703238921357714,0.827701210975647,1.0,7.0,0.8342739292263186,0.8053738057638014,1.6349784135818481,0.1,alie_jitter,,,,,
RawTrust,2,3,1,False,0.28040367364883423,0.7050802997267713,-0.21698933839797974,1.0,7.0,0.4346380373202479,0.5251706567702725,1.620637059211731,0.1,alie_jitter,,,,,
RawTrust,2,4,1,False,0.6966583430767059,0.0013080175986542283,0.3339806795120239,1.0,7.0,0.11100156968664195,0.42193847766084264,0.47940388321876526,0.1,alie_jitter,,,,,
RawTrust,2,6,1,False,0.7504098415374756,0.01883525985449346,0.3760761618614197,1.0,7.0,0.2551613009958927,0.49838670215435193,0.7631102800369263,0.1,alie_jitter,,,,,
RawTrust,2,7,1,False,0.8354052603244781,0.8116333735165173,0.5934774279594421,1.0,7.0,0.8497961291517522,0.8291498887506603,1.5813688039779663,0.1,alie_jitter,,,,,
RawTrust,2,9,1,True,0.9104444980621338,0.04845163311730489,0.6342564821243286,1.0,7.0,0.36777125537331357,0.6151164723989005,0.8997116088867188,0.1,alie_jitter,,,,,
RawTrust,3,1,0,False,0.6172867119312286,0.9146366450738898,0.1913275271654129,1.0,9.0,0.7146369806274934,0.8031841929040793,1.7188957929611206,0.1,alie_jitter,,,,,
RawTrust,3,2,2,False,0.5651924088597298,0.6703209291585328,0.4235590994358063,1.0,9.0,0.6420498954795227,0.7645428281927317,2.1761720180511475,0.1,alie_jitter,,,,,
RawTrust,3,3,0,False,0.4973526857793331,0.7987060602931813,0.8166244029998779,1.0,9.0,0.6183817632665447,0.5484734333943406,1.9051427841186523,0.1,alie_jitter,,,,,
RawTrust,3,4,1,False,0.7554024457931519,0.1742189059809725,0.39256441593170166,1.0,9.0,0.5035131624179732,0.4423321488501253,0.4263843595981598,0.1,alie_jitter,,,,,
RawTrust,3,5,0,False,0.714320182800293,0.09868838010504034,0.39256441593170166,1.0,9.0,0.4066710357753971,0.3828529545330247,0.2769806385040283,0.1,alie_jitter,,,,,
RawTrust,3,6,2,False,0.5452123358845711,0.3792958215102648,0.3600400686264038,1.0,9.0,0.5268823789940361,0.5055106213642729,0.7696014046669006,0.1,alie_jitter,,,,,
RawTrust,3,7,2,False,0.7434795498847961,1.0,0.4235590994358063,1.0,9.0,0.8485184335935193,0.833992024961375,1.6063342094421387,0.1,alie_jitter,,,,,
RawTrust,3,8,1,False,0.5008540898561478,0.8819468846684212,0.8166244029998779,1.0,9.0,0.6336172878579119,0.5239714688801993,1.7670423984527588,0.1,alie_jitter,,,,,
RawTrust,3,9,0,True,0.81525057554245,0.5363734782430624,0.31320375204086304,1.0,9.0,0.7119445108152758,0.6393234820029944,1.0011342763900757,0.1,alie_jitter,,,,,
RawTrust,4,2,1,False,0.6378954946994781,0.8171681071526627,0.4990050494670868,1.0,7.0,0.72825191679413,0.7554701003430813,1.662265419960022,0.1,alie_jitter,,,,,
RawTrust,4,3,0,False,0.47923731431365013,0.6703215815383947,0.7997437715530396,1.0,7.0,0.5748611071533585,0.5550703518340951,1.812407374382019,0.1,alie_jitter,,,,,
RawTrust,4,4,0,False,0.6537551283836365,0.07546953042463797,0.4990050494670868,1.0,7.0,0.3618211376484882,0.42220439604971605,0.4926215708255768,0.1,alie_jitter,,,,,
RawTrust,4,5,0,False,0.7744968235492706,0.019460886871699057,0.2114088088274002,1.0,7.0,0.261235335180092,0.3524485496947915,0.27261972427368164,0.1,alie_jitter,,,,,
RawTrust,4,6,1,False,0.7231091260910034,0.19880277966679352,0.3908672332763672,1.0,7.0,0.5069883566109734,0.505880055175948,0.7518786191940308,0.1,alie_jitter,,,,,
RawTrust,4,7,2,False,0.7100135236978531,1.0,0.2114088088274002,1.0,7.0,0.8272941588745233,0.832317558439662,1.5220190286636353,0.1,alie_jitter,,,,,
RawTrust,4,8,2,False,0.460309274494648,0.7262067136493066,0.7997437715530396,1.0,7.0,0.5706220404355183,0.5356341117690291,1.7501447200775146,0.1,alie_jitter,,,,,
RawTrust,5,0,3,False,0.7277258336544037,0.9723424475127725,0.7387381792068481,1.0,8.0,0.8115090781742973,0.8186939698701705,1.509836196899414,0.1,alie_jitter,,,,,
RawTrust,5,2,0,False,0.7442370504140854,0.5799475647068224,0.7387381792068481,1.0,8.0,0.7152103590663577,0.7454051650239004,2.379755735397339,0.1,alie_jitter,,,,,
RawTrust,5,3,3,False,0.31972411274909973,0.7747769145505896,0.5441423654556274,1.0,8.0,0.4805677123894426,0.536444691972932,1.8440847396850586,0.1,alie_jitter,,,,,
RawTrust,5,4,1,False,0.6775108575820923,0.2886345965006999,0.46194180846214294,1.0,8.0,0.5518138403522793,0.4546067571253569,0.49324464797973633,0.1,alie_jitter,,,,,
RawTrust,5,5,1,False,0.6783859431743622,0.14562770561769892,0.214168518781662,1.0,8.0,0.444229907172068,0.37539388906411064,0.27006807923316956,0.1,alie_jitter,,,,,
RawTrust,5,6,4,False,0.7109900861978531,0.46194654294603416,0.34890425205230713,1.0,8.0,0.6468619454454079,0.5411255277433129,0.7462612390518188,0.1,alie_jitter,,,,,
RawTrust,5,8,0,False,0.39342929422855377,0.7830824543440676,0.5441423654556274,1.0,8.0,0.5353922066653323,0.5355736354931049,1.8268530368804932,0.1,alie_jitter,,,,,
RawTrust,5,9,2,True,0.8931200802326202,0.9723424475127724,0.2817620635032654,1.0,8.0,0.8948330946124764,0.7032008851553648,1.4370783567428589,0.1,alie_jitter,,,,,
RawTrust,6,0,0,False,0.8548505902290344,0.6703209826933156,0.9111685752868652,1.0,7.0,0.7930303092739532,0.8122780547211161,2.087726593017578,0.1,alie_jitter,,,,,
RawTrust,6,1,4,False,0.6333082318305969,0.859303754176806,0.24401231110095978,1.0,7.0,0.7113370545006863,0.780222408303231,1.4067749977111816,0.1,alie_jitter,,,,,
RawTrust,6,2,0,False,0.8726983070373535,0.6059630444691526,0.9111685752868652,1.0,7.0,0.7910156660397928,0.7568077902778736,2.2441165447235107,0.1,alie_jitter,,,,,
RawTrust,6,5,1,False,0.8304526507854462,0.09070740273485399,0.41250506043434143,1.0,7.0,0.43076293791452264,0.3892361512767136,0.28144145011901855,0.1,alie_jitter,,,,,
RawTrust,6,6,0,False,0.7889165878295898,0.3688049618223895,0.3398699164390564,1.0,7.0,0.6401993976207151,0.5658939952126635,0.7679449319839478,0.1,alie_jitter,,,,,
RawTrust,6,7,4,False,0.6225054711103439,1.0,0.1713685691356659,1.0,7.0,0.7695592479157776,0.8166279808086909,1.5680238008499146,0.1,alie_jitter,,,,,
RawTrust,6,8,1,False,0.2698359936475754,0.9464704970699624,-0.039581455290317535,1.0,7.0,0.46056419683063077,0.5168212758274864,1.6309913396835327,0.1,alie_jitter,,,,,
RawTrust,7,0,0,False,0.7747157216072083,0.96126094824677,0.7994824051856995,1.0,8.0,0.8370396218918537,0.8184684465138006,1.4590014219284058,0.1,alie_jitter,,,,,
RawTrust,7,1,0,False,0.6954670250415802,0.9612609482467699,0.5636268854141235,1.0,8.0,0.7745466587313624,0.7788034709102638,1.3582408428192139,0.1,alie_jitter,,,,,
RawTrust,7,2,2,False,0.8140220642089844,0.5627763717426381,0.7994824051856995,1.0,8.0,0.7446061577514066,0.7537573821462569,2.36929988861084,0.1,alie_jitter,,,,,
RawTrust,7,4,3,False,0.7685060799121857,0.31431367487148226,0.5636268854141235,1.0,8.0,0.6067351180803618,0.4926388473641081,0.4935287535190582,0.1,alie_jitter,,,,,
RawTrust,7,5,0,False,0.45412490516901016,0.15980235710953472,0.08824875950813293,1.0,8.0,0.3663057276999103,0.38350354538251274,0.2674581706523895,0.1,alie_jitter,,,,,
RawTrust,7,6,1,False,0.7098874300718307,0.521836830447317,0.3716941475868225,1.0,8.0,0.6703842031488313,0.5920165471967055,0.7811001539230347,0.1,alie_jitter,,,,,
RawTrust,7,8,1,False,0.28052064776420593,0.9104070721695656,0.08824875950813293,1.0,8.0,0.46505515268686337,0.5038797450423307,1.532617449760437,0.1,alie_jitter,,,,,
RawTrust,7,9,3,True,0.8962575197219849,0.798416527379125,0.3766185939311981,1.0,8.0,0.8450895800955269,0.7386730588904054,1.7260775566101074,0.1,alie_jitter,,,,,
RawTrust,8,0,4,False,0.6578780561685562,0.6411199842287384,0.8480859994888306,1.0,10.0,0.6775277503251773,0.7832332724666449,1.9006595611572266,0.1,alie_jitter,,,,,
RawTrust,8,1,1,False,0.5887171104550362,0.8388152280088336,0.4820810556411743,1.0,10.0,0.6784090772480742,0.7537048724947164,1.3693140745162964,0.1,alie_jitter,,,,,
RawTrust,8,2,0,False,0.6932252496480942,0.8388152280088337,0.8480859994888306,1.0,10.0,0.768345879525538,0.757404506491077,1.648931860923767,0.1,alie_jitter,,,,,
RawTrust,8,3,0,False,0.4358009472489357,0.7008526878786508,0.826301097869873,1.0,10.0,0.5529318904172517,0.5405664915840119,1.8132356405258179,0.1,alie_jitter,,,,,
RawTrust,8,4,1,False,0.652888149023056,0.09672693001464643,0.4820810556411743,1.0,10.0,0.38950199276341596,0.4668546337139351,0.4371349513530731,0.1,alie_jitter,,,,,
RawTrust,8,5,0,False,0.6191439181566238,0.043683568788346984,0.40494245290756226,1.0,10.0,0.2943765076568494,0.36122178595109694,0.28716275095939636,0.1,alie_jitter,,,,,
RawTrust,8,6,3,False,0.5721132606267929,0.29831178781218887,0.2948375940322876,1.0,10.0,0.5034140920533696,0.5698659334108716,0.7928022146224976,0.1,alie_jitter,,,,,
RawTrust,8,7,1,False,0.7392304837703705,0.8139502120265453,0.36009642481803894,1.0,10.0,0.7951912561044273,0.8112687996326251,1.3477058410644531,0.1,alie_jitter,,,,,
RawTrust,8,8,0,False,0.40190020203590393,0.7937282099840248,0.826301097869873,1.0,10.0,0.5439007827696152,0.5138850044741519,1.697798490524292,0.1,alie_jitter,,,,,
RawTrust,8,9,3,True,0.8842882513999939,0.5894697161927955,0.2285364866256714,1.0,10.0,0.7658803274553309,0.7454748760316368,1.9869476556777954,0.1,alie_jitter,,,,,
RawTrust,9,0,2,False,0.691335454583168,0.8724591313914429,0.8246728181838989,1.0,8.0,0.7636910613104794,0.7783477196776035,1.5066715478897095,0.1,alie_jitter,,,,,
RawTrust,9,1,2,False,0.5579920671880245,0.5728647652507205,0.10910485684871674,1.0,8.0,0.587494957390755,0.7121523937187261,1.3090765476226807,0.1,alie_jitter,,,,,
RawTrust,9,2,2,False,0.683288037776947,0.8724591313914429,0.8246728181838989,1.0,8.0,0.7713146800261834,0.7608820498748536,1.6505283117294312,0.1,alie_jitter,,,,,
RawTrust,9,3,2,False,0.4138351157307625,0.7047947069328029,0.8550257682800293,1.0,8.0,0.5383304541752525,0.5400074822318222,1.7725406885147095,0.1,alie_jitter,,,,,
RawTrust,9,6,0,False,0.6864518374204636,0.11390809448612572,0.39053279161453247,1.0,8.0,0.41687999207898885,0.5316194480779008,0.7630165815353394,0.1,alie_jitter,,,,,
RawTrust,9,7,2,False,0.6967781484127045,0.6375355104056283,0.27195459604263306,1.0,8.0,0.7153467654229766,0.787288291080213,1.356715440750122,0.1,alie_jitter,,,,,
RawTrust,9,8,1,False,0.4153752028942108,0.8088646536774083,0.8550257682800293,1.0,8.0,0.5570038338737868,0.5246647118240606,1.6928069591522217,0.1,alie_jitter,,,,,
RawTrust,9,9,4,True,0.9149336516857147,0.31384752168914487,0.20587842166423798,1.0,8.0,0.6459155446157778,0.720585043177672,2.32279372215271,0.1,alie_jitter,,,,,
RawTrust,10,0,0,False,0.6804372072219849,0.6703213110820637,0.4271112084388733,1.0,9.0,0.6994934636757957,0.7586341556771516,1.7668441534042358,0.1,alie_jitter,,,,,
RawTrust,10,1,3,False,0.6809835582971573,0.8760046265781725,0.564317524433136,1.0,9.0,0.7445950775510473,0.7202630646768063,1.3325538635253906,0.1,alie_jitter,,,,,
RawTrust,10,3,4,False,0.41191068291664124,0.7703443601989817,0.687383234500885,1.0,9.0,0.5514704866201946,0.5428732333289152,1.6413174867630005,0.1,alie_jitter,,,,,
RawTrust,10,4,0,False,0.7400059551000595,0.12651565274505508,0.564317524433136,1.0,9.0,0.45227936829937565,0.46321081736029524,0.4779638946056366,0.1,alie_jitter,,,,,
RawTrust,10,5,0,False,0.7250010371208191,0.044419045024445325,0.31115686893463135,1.0,9.0,0.3226854175181998,0.3515876938428727,0.2744894325733185,0.1,alie_jitter,,,,,
RawTrust,10,6,2,False,0.686110183596611,0.30107071367060473,0.36223500967025757,1.0,9.0,0.5578614045466629,0.5381799371950914,0.7566710710525513,0.1,alie_jitter,,,,,
RawTrust,10,7,6,False,0.7458806484937668,1.0,0.4271112084388733,1.0,9.0,0.8500245194785634,0.8029723481798006,1.4293855428695679,0.1,alie_jitter,,,,,
RawTrust,10,8,0,False,0.36925554275512695,0.7500447668614487,0.687383234500885,1.0,9.0,0.5103981997137254,0.5210980837964768,1.6647076606750488,0.1,alie_jitter,,,,,
RawTrust,10,9,2,True,0.7593467831611633,0.5147603126518122,0.2587534785270691,1.0,9.0,0.6762689501968747,0.7095060199324728,2.03218674659729,0.1,alie_jitter,,,,,
AgriTrust-ACFL,1,0,0,False,0.7579473555088043,0.6518021065425386,0.8040083646774292,1.0,7.0,0.7360401823494215,0.7088072033424501,1.3217952251434326,0.1,alie_jitter,True,False,5232.414775073967,1.959047019481659,0.567693306868058
AgriTrust-ACFL,1,1,0,False,0.687078058719635,0.7944917751514738,0.34760451316833496,1.0,7.0,0.7266466270078752,0.7302694810724887,1.0378786325454712,0.1,alie_jitter,True,False,14771.8910631343,1.959047019481659,0.567693306868058
AgriTrust-ACFL,1,2,0,False,0.8052806854248047,0.6703205947996332,0.8040083646774292,1.0,7.0,0.7800667092794392,0.7714473840928128,1.2773276567459106,0.1,alie_jitter,True,False,9489.57427172569,1.959047019481659,0.567693306868058
AgriTrust-ACFL,1,4,0,False,0.7713591456413269,0.6063055000885375,0.35624098777770996,1.0,7.0,0.7404278254637826,0.705818214837593,0.4252658486366272,0.1,alie_jitter,True,False,543.4800254249466,1.959047019481659,0.567693306868058
AgriTrust-ACFL,1,5,0,False,0.6333203911781311,0.4359341008808746,0.35624098777770996,1.0,7.0,0.5943489383178233,0.5593571370806167,0.2842196226119995,0.1,alie_jitter,False,False,0.0,1.959047019481659,0.567693306868058
AgriTrust-ACFL,1,8,0,False,0.28519536554813385,1.0,0.1644008606672287,1.0,7.0,0.482704636941714,0.5435824042869254,0.7836188077926636,0.1,alie_jitter,False,False,0.0,1.959047019481659,0.567693306868058
AgriTrust-ACFL,1,9,0,True,0.8965918123722076,0.6981561940920643,0.6810430288314819,1.0,7.0,0.8119115992091951,0.8097434721783946,0.5052327513694763,0.1,alie_jitter,True,False,879.3814107857365,1.959047019481659,0.567693306868058
AgriTrust-ACFL,2,0,0,False,0.8195992410182953,0.6703212261111519,0.5133345127105713,1.0,7.0,0.7748739590029857,0.725323892257584,1.067883014678955,0.1,alie_jitter,True,False,5354.340972645485,2.127094864845276,0.5968293151263458
AgriTrust-ACFL,2,2,0,False,0.8099020719528198,1.0,0.5133345127105713,1.0,7.0,0.8822950652716,0.7991593043875096,0.8508379459381104,0.1,alie_jitter,True,False,9830.458603270756,2.127094864845276,0.5968293151263458
AgriTrust-ACFL,2,3,1,False,0.4952269387431443,0.9442489516043548,0.0342048779129982,1.0,7.0,0.6486992847822742,0.6046673765248656,0.8790194988250732,0.1,alie_jitter,True,False,10142.355682769656,2.127094864845276,0.5968293151263458
AgriTrust-ACFL,2,4,1,False,0.526569677516818,0.33320522966664184,0.12307511270046234,1.0,7.0,0.5015317007705328,0.6547465863208279,0.45575547218322754,0.1,alie_jitter,True,False,321.46333882463983,2.127094864845276,0.5968293151263458
AgriTrust-ACFL,2,6,1,False,0.7400970011949539,0.817021972655605,0.4802693724632263,1.0,7.0,0.7846717400065579,0.7451856708710789,0.7585650086402893,0.1,alie_jitter,True,False,488.4556000666688,2.127094864845276,0.5968293151263458
AgriTrust-ACFL,2,7,1,False,0.8131420314311981,0.6102349968234119,0.5021195411682129,1.0,7.0,0.7686063629119372,0.7705271777978462,1.126396656036377,0.1,alie_jitter,True,False,4596.694677356914,2.127094864845276,0.5968293151263458
AgriTrust-ACFL,2,9,1,True,0.9016920924186707,0.45558341740779623,0.5021195411682129,1.0,7.0,0.7165529041575649,0.7864458301731871,0.5443804264068604,0.1,alie_jitter,True,False,544.5855611337627,2.127094864845276,0.5968293151263458
AgriTrust-ACFL,3,1,0,False,0.4756292700767517,0.7659868121731217,0.13278239965438843,1.0,9.0,0.5870934015612177,0.6944754611946709,1.2139867544174194,0.1,alie_jitter,True,False,14047.849629045802,2.5115373730659485,0.5562148201163901
AgriTrust-ACFL,3,2,2,False,0.38988617062568665,0.7142995910847718,0.3118835985660553,1.0,9.0,0.5335263791828373,0.7327510730863416,1.2757306098937988,0.1,alie_jitter,True,False,3664.644474203514,2.5115373730659485,0.5562148201163901
AgriTrust-ACFL,3,3,0,False,0.6903796195983887,1.0,0.8734279274940491,1.0,9.0,0.7922705293828451,0.6515681647393605,1.0046149492263794,0.1,alie_jitter,True,False,17140.152141633618,2.5115373730659485,0.5562148201163901
AgriTrust-ACFL,3,4,1,False,0.8431326746940613,0.43958341992621247,0.5865378379821777,1.0,9.0,0.7060562111651437,0.6675739925319069,0.560433030128479,0.1,alie_jitter,True,False,327.7612576152432,2.5115373730659485,0.5562148201163901
AgriTrust-ACFL,3,5,0,False,0.7931228578090668,0.16963677108207495,0.5865378379821777,1.0,9.0,0.5067754697532852,0.5462117202487838,0.28502488136291504,0.1,alie_jitter,False,False,0.0,2.5115373730659485,0.5562148201163901
AgriTrust-ACFL,3,6,2,False,0.47360727563500404,0.670320990017793,0.3118835985660553,1.0,9.0,0.5784609986582674,0.703504502817876,0.756211519241333,0.1,alie_jitter,True,False,294.0322467540692,2.5115373730659485,0.5562148201163901
AgriTrust-ACFL,3,7,2,False,0.7398908734321594,0.8082587465413759,0.355709433555603,1.0,9.0,0.7939088790551715,0.7763726031121775,1.1685518026351929,0.1,alie_jitter,True,False,2953.2171437613806,2.5115373730659485,0.5562148201163901
AgriTrust-ACFL,3,8,1,False,0.7135737538337708,0.6054223375421712,0.8734279274940491,1.0,9.0,0.6876414145266546,0.5795971568468576,1.4346952438354492,0.1,alie_jitter,True,False,9721.8417028674,2.5115373730659485,0.5562148201163901
AgriTrust-ACFL,3,9,0,True,0.7542726695537567,0.5907669517836577,0.2142275720834732,1.0,9.0,0.7022007786178192,0.7653845672843451,0.6913254857063293,0.1,alie_jitter,True,False,831.2076400707988,2.5115373730659485,0.5562148201163901
AgriTrust-ACFL,4,2,1,False,0.5377350300550461,0.7098177010593328,0.4653019607067108,1.0,7.0,0.6355249398746382,0.7084445397834157,1.0136181116104126,0.1,alie_jitter,True,False,5556.659168054666,1.7509186267852783,0.5338679383261846
AgriTrust-ACFL,4,3,0,False,0.6245255321264267,0.8401196614787864,0.6359045505523682,1.0,7.0,0.7115903924125375,0.6665737216576548,0.5803936719894409,0.1,alie_jitter,True,False,17534.888321926268,1.7509186267852783,0.5338679383261846
AgriTrust-ACFL,4,4,0,False,0.5232324413955212,0.6703206675261573,0.4653019607067108,1.0,7.0,0.6163834629257641,0.6547763601303711,0.4549459218978882,0.1,alie_jitter,True,False,504.17779730038575,1.7509186267852783,0.5338679383261846
AgriTrust-ACFL,4,5,0,False,0.7798289656639099,0.413654302607484,0.25269731879234314,1.0,7.0,0.6560142031713798,0.5736623409794328,0.27029818296432495,0.1,alie_jitter,True,False,264.4583391915185,1.7509186267852783,0.5338679383261846
AgriTrust-ACFL,4,6,1,False,0.6520713269710541,1.0,0.2533430755138397,1.0,7.0,0.7776272006853048,0.7220351772847332,0.7003674507141113,0.1,alie_jitter,True,False,473.2808742519069,1.7509186267852783,0.5338679383261846
AgriTrust-ACFL,4,7,2,False,0.7196732461452484,0.4854041339697682,0.3285869359970093,1.0,7.0,0.6709942594776059,0.7500280172035346,1.5271615982055664,0.1,alie_jitter,True,False,2853.005876080343,1.7509186267852783,0.5338679383261846
AgriTrust-ACFL,4,8,2,False,0.5533216074109077,0.509696705367916,0.6359045505523682,1.0,7.0,0.5677855817736597,0.5766442630785582,1.4488062858581543,0.1,alie_jitter,True,False,6167.338102532019,1.7509186267852783,0.5338679383261846
AgriTrust-ACFL,5,0,3,False,0.6618307828903198,0.885843769312382,0.45192891359329224,1.0,8.0,0.7490025449933465,0.7312435554415246,1.0651471614837646,0.1,alie_jitter,True,False,1399.3892774629915,2.254982739686966,0.545361928284465
AgriTrust-ACFL,5,2,0,False,0.6872063130140305,0.5938733920788449,0.4546760618686676,1.0,8.0,0.6894171094820135,0.7036876822080651,1.9461746215820312,0.1,alie_jitter,True,False,8656.062178841408,2.254982739686966,0.545361928284465
AgriTrust-ACFL,5,3,3,False,0.37617169320583344,0.69335469008731,0.4584001898765564,1.0,8.0,0.5083046949525037,0.627006464981367,1.5409718751907349,0.1,alie_jitter,True,False,4275.917172358123,2.254982739686966,0.545361928284465
AgriTrust-ACFL,5,4,1,False,0.6212417706847191,0.6407479236455833,0.4546760618686676,1.0,8.0,0.6683187564475791,0.6581619592096731,0.45359382033348083,0.1,alie_jitter,True,False,323.1401970093442,2.254982739686966,0.545361928284465
AgriTrust-ACFL,5,5,1,False,0.628494918346405,0.44472390813135637,0.10576517879962921,1.0,8.0,0.5954090701991868,0.5790990232843714,0.26158061623573303,0.1,alie_jitter,True,False,170.22417615830526,2.254982739686966,0.545361928284465
AgriTrust-ACFL,5,6,4,False,0.7131589353084564,0.8863259449532316,0.45192891359329224,1.0,8.0,0.7878429542412684,0.7384871215238671,0.7397123575210571,0.1,alie_jitter,True,False,125.48909095816283,2.254982739686966,0.545361928284465
AgriTrust-ACFL,5,8,0,False,0.44951553642749786,0.6480515192636115,0.4584001898765564,1.0,8.0,0.5443090612600976,0.5685604626239431,0.4614098072052002,0.1,alie_jitter,True,False,14956.551529785447,2.254982739686966,0.545361928284465
AgriTrust-ACFL,5,9,2,True,0.9040518999099731,0.8863259449532316,0.27697646617889404,1.0,8.0,0.8761535662342202,0.793076817021814,1.0642738342285156,0.1,alie_jitter,True,False,350.1708952061619,2.254982739686966,0.545361928284465
AgriTrust-ACFL,6,0,0,False,0.842040479183197,0.6597686300233684,0.8796899318695068,1.0,7.0,0.7827371655330467,0.7441169579644051,1.63180410861969,0.1,alie_jitter,True,False,5493.071383693239,2.31051504611969,0.574414855126288
AgriTrust-ACFL,6,1,4,False,0.4149971082806587,1.0,0.2334098219871521,1.0,7.0,0.5900215649103995,0.6683619871236031,0.924206018447876,0.1,alie_jitter,True,False,2234.7791925174897,2.31051504611969,0.574414855126288
AgriTrust-ACFL,6,2,0,False,0.8460379540920258,0.6703205363791431,0.8796899318695068,1.0,7.0,0.8015398937471835,0.7281507350928447,1.5967904329299927,0.1,alie_jitter,True,False,8956.982192377081,2.31051504611969,0.574414855126288
AgriTrust-ACFL,6,5,1,False,0.7484335005283356,0.4155782036027041,0.3734353184700012,1.0,7.0,0.6422475080103551,0.5948861444658673,0.27826014161109924,0.1,alie_jitter,True,False,174.8647464044613,2.31051504611969,0.574414855126288
AgriTrust-ACFL,6,6,0,False,0.792221188545227,0.8645610337645023,0.3213556408882141,1.0,7.0,0.828539815413555,0.7610002949962891,0.7574706077575684,0.1,alie_jitter,True,False,782.3083032561851,2.31051504611969,0.574414855126288
AgriTrust-ACFL,6,7,4,False,0.5146433478221297,0.684953068496893,0.11926905810832977,1.0,7.0,0.6187141680946814,0.7171995549263214,1.5503416061401367,0.1,alie_jitter,True,False,1109.1752164672307,2.31051504611969,0.574414855126288
AgriTrust-ACFL,6,8,1,False,0.40819525718688965,0.5782148704118949,0.2334098219871521,1.0,7.0,0.49883540197967835,0.5511291974628769,0.4370536506175995,0.1,alie_jitter,False,False,0.0,2.31051504611969,0.574414855126288
AgriTrust-ACFL,7,0,0,False,0.519280944019556,0.9856455834668042,0.16371841728687286,1.0,8.0,0.6767883423510477,0.7272848040610658,0.7979851365089417,0.1,alie_jitter,True,False,5368.816423578787,1.9596398621797562,0.5511115746152475
AgriTrust-ACFL,7,1,0,False,0.5588822439312935,0.6833041223752848,0.1924029290676117,1.0,8.0,0.6199454546610813,0.6562578540079725,1.2600089311599731,0.1,alie_jitter,True,False,13274.783870873269,1.9596398621797562,0.5511115746152475
AgriTrust-ACFL,7,2,2,False,0.661216527223587,0.4757804231923152,0.448680579662323,1.0,8.0,0.631519805566058,0.7039930027111481,1.9787201881408691,0.1,alie_jitter,True,False,3520.819227731592,1.9596398621797562,0.5511115746152475
AgriTrust-ACFL,7,4,3,False,0.6965635716915131,0.6486922192296591,0.448680579662323,1.0,8.0,0.7143715566757547,0.6722143585761935,0.45688843727111816,0.1,alie_jitter,True,False,134.18406965594644,1.9596398621797562,0.5511115746152475
AgriTrust-ACFL,7,5,0,False,0.47635267674922943,0.4560596449571502,0.1900039166212082,1.0,8.0,0.515097637591757,0.5749390177473397,0.2944585382938385,0.1,alie_jitter,True,False,265.0468871815236,1.9596398621797562,0.5511115746152475
AgriTrust-ACFL,7,6,1,False,0.6487224251031876,0.9856455834668042,0.36580145359039307,1.0,8.0,0.7720719446041342,0.7637682073982504,0.7697267532348633,0.1,alie_jitter,True,False,500.63611344064464,1.9596398621797562,0.5511115746152475
AgriTrust-ACFL,7,8,1,False,0.39086339622735977,0.713896230668842,0.1924029290676117,1.0,8.0,0.518868604045,0.5430640491084077,0.5148417353630066,0.1,alie_jitter,False,False,0.0,1.9596398621797562,0.5511115746152475
AgriTrust-ACFL,7,9,3,True,0.9256652295589447,0.65758374662058,0.3093227744102478,1.0,8.0,0.8115790703254906,0.7977023803477332,1.321750521659851,0.1,alie_jitter,True,False,224.58107827712516,1.9596398621797562,0.5511115746152475
AgriTrust-ACFL,8,0,4,False,0.4082665592432022,0.645869243823799,0.4654632806777954,1.0,10.0,0.5223093486470752,0.6760409402075681,1.7390440702438354,0.1,alie_jitter,True,False,824.9297582989898,3.1873729825019836,0.5402822225558934
AgriTrust-ACFL,8,1,1,False,0.6023400723934174,0.9978209752469104,0.34523284435272217,1.0,10.0,0.723722127626056,0.6731239224124934,1.2769241333007812,0.1,alie_jitter,True,False,8681.913479046467,3.1873729825019836,0.5402822225558934
AgriTrust-ACFL,8,2,0,False,0.5196110308170319,0.5979667274159844,0.4654632806777954,1.0,10.0,0.5923824378205419,0.6760903614884964,0.8849290609359741,0.1,alie_jitter,True,False,8316.587536669995,3.1873729825019836,0.5402822225558934
AgriTrust-ACFL,8,3,0,False,0.7487473785877228,0.8331907170383179,0.9273881316184998,1.0,10.0,0.7843011868692842,0.6663301454533463,1.451351284980774,0.1,alie_jitter,True,False,17528.480806295727,3.1873729825019836,0.5402822225558934
AgriTrust-ACFL,8,4,1,False,0.7432777285575867,0.30344910608902353,0.5208073854446411,1.0,10.0,0.5894446162179864,0.6515219229866417,0.5466587543487549,0.1,alie_jitter,True,False,319.88011401117745,3.1873729825019836,0.5402822225558934
AgriTrust-ACFL,8,5,0,False,0.7951948642730713,0.12723553696056342,0.5980618000030518,1.0,10.0,0.46554891498752865,0.5475914920573869,0.29489389061927795,0.1,alie_jitter,True,False,252.43967783845537,3.1873729825019836,0.5402822225558934
AgriTrust-ACFL,8,6,3,False,0.3933461830019951,0.4993466222139808,0.3072715699672699,1.0,10.0,0.4781410031724322,0.6923614063417958,0.7786183953285217,0.1,alie_jitter,True,False,184.51361408155682,3.1873729825019836,0.5402822225558934
AgriTrust-ACFL,8,7,1,False,0.8147253394126892,0.9978209752469104,0.5980618000030518,1.0,10.0,0.8917339027449075,0.760833141880968,1.2729742527008057,0.1,alie_jitter,True,False,4538.863461813585,3.1873729825019836,0.5402822225558934
AgriTrust-ACFL,8,8,0,False,0.711122453212738,0.9399938490039654,0.9273881316184998,1.0,10.0,0.7831771976081902,0.6030923362333532,1.3322218656539917,0.1,alie_jitter,True,False,15864.94699695459,3.1873729825019836,0.5402822225558934
AgriTrust-ACFL,8,9,3,True,0.7903190553188324,0.6956984466050352,0.20967169106006622,1.0,10.0,0.756682175778441,0.7874473292054103,1.6496460437774658,0.1,alie_jitter,True,False,221.69392324278016,3.1873729825019836,0.5402822225558934
AgriTrust-ACFL,9,0,2,False,0.624164342880249,0.5407169458913342,0.19185267388820648,1.0,8.0,0.625418527150838,0.6633853369433855,0.7595800161361694,0.1,alie_jitter,True,False,1991.016573000091,3.188956379890442,0.5422310187433422
AgriTrust-ACFL,9,1,2,False,0.6722841858863831,0.991940105114565,0.4627302289009094,1.0,8.0,0.7674371589503571,0.6967022315469593,1.266879916191101,0.1,alie_jitter,True,False,5729.7426059535555,3.188956379890442,0.5422310187433422
AgriTrust-ACFL,9,2,2,False,0.5926471799612045,0.567311251251779,0.13820892572402954,1.0,8.0,0.6268452091028376,0.6637790733920818,0.7909567356109619,0.1,alie_jitter,True,False,3319.700786178983,3.188956379890442,0.5422310187433422
AgriTrust-ACFL,9,3,2,False,0.7983143627643585,0.6729492688224826,0.8816486597061157,1.0,8.0,0.7620184533170706,0.6902522224192774,1.7812355756759644,0.1,alie_jitter,True,False,7382.400388337632,3.188956379890442,0.5422310187433422
AgriTrust-ACFL,9,6,0,False,0.4787636809051037,0.5463033281143658,0.19185267388820648,1.0,8.0,0.5472754273445266,0.6560899115924785,0.7661907076835632,0.1,alie_jitter,True,False,674.460429117068,3.188956379890442,0.5422310187433422
AgriTrust-ACFL,9,7,2,False,0.713605135679245,0.991940105114565,0.3801220953464508,1.0,8.0,0.827581613277738,0.7775202597301605,1.2842851877212524,0.1,alie_jitter,True,False,2957.5826754478317,3.188956379890442,0.5422310187433422
AgriTrust-ACFL,9,8,1,False,0.7860855460166931,0.9488803636512475,0.8816486597061157,1.0,8.0,0.8298984421763377,0.6597938627190993,1.3332475423812866,0.1,alie_jitter,True,False,11067.016830749115,3.188956379890442,0.5422310187433422
AgriTrust-ACFL,9,9,4,True,0.8448507487773895,0.6677026796390756,0.22908705472946167,1.0,8.0,0.7753535445474877,0.7844238830409296,1.7930282354354858,0.1,alie_jitter,True,False,140.8155337965823,3.188956379890442,0.5422310187433422
AgriTrust-ACFL,10,0,0,False,0.629649817943573,0.493742878171374,0.36326363682746887,1.0,9.0,0.6115332449549893,0.6504223139462865,1.7421445846557617,0.1,alie_jitter,True,False,4801.417521551487,1.9065804779529572,0.5324846258864772
AgriTrust-ACFL,10,1,3,False,0.4896504431962967,0.6553655359067964,0.2194330096244812,1.0,9.0,0.569279519226645,0.6648465534668807,1.2506279945373535,0.1,alie_jitter,True,False,3486.396814794279,1.9065804779529572,0.5324846258864772
AgriTrust-ACFL,10,3,4,False,0.4779392182826996,0.7983629270364917,0.7318249940872192,1.0,9.0,0.6049092124813829,0.6689164699348038,0.5859180688858032,0.1,alie_jitter,True,False,2908.6846401573753,1.9065804779529572,0.5324846258864772
AgriTrust-ACFL,10,4,0,False,0.6480941921472549,0.6703206186954296,0.24233490228652954,1.0,9.0,0.6933777086262104,0.6619858693965339,0.47749871015548706,0.1,alie_jitter,True,False,509.72911943533114,1.9065804779529572,0.5324846258864772
AgriTrust-ACFL,10,5,0,False,0.7422841489315033,0.41582361233066123,0.23042839765548706,1.0,9.0,0.6394530685991393,0.570556886192825,0.273044615983963,0.1,alie_jitter,True,False,263.0267245348923,1.9065804779529572,0.5324846258864772
AgriTrust-ACFL,10,6,2,False,0.6046573668718338,1.0,0.29391637444496155,1.0,9.0,0.7460007739225322,0.678567627174992,0.7626321911811829,0.1,alie_jitter,True,False,283.6097895516848,1.9065804779529572,0.5324846258864772
AgriTrust-ACFL,10,7,6,False,0.7315209060907364,0.6937642418760818,0.36326363682746887,1.0,9.0,0.7536185819102299,0.7715448402751779,1.1699914932250977,0.1,alie_jitter,True,False,485.12793503851,1.9065804779529572,0.5324846258864772
AgriTrust-ACFL,10,8,0,False,0.42270663380622864,0.7579975303028554,0.7318249940872192,1.0,9.0,0.5515373622186549,0.6327297375939882,0.5513935089111328,0.1,alie_jitter,True,False,16644.588477147452,1.9065804779529572,0.5324846258864772
AgriTrust-ACFL,10,9,2,True,0.7702413201332092,0.5503921205916361,0.23105943202972412,1.0,9.0,0.6954121176224083,0.7621709416862993,1.5341516733169556,0.1,alie_jitter,True,False,336.5248803421698,1.9065804779529572,0.5324846258864772
RawTrust,1,0,0,True,0.35923701524734497,0.3633679916992442,0.7009312510490417,1.0,7.0,0.40966505295581435,0.687357249792854,10.034388542175293,0.2,sign_flip,,,,,
RawTrust,1,1,0,False,0.9122656285762787,1.0,0.7128185033798218,1.0,7.0,0.9099338432125308,0.8469924194943257,1.5805162191390991,0.2,sign_flip,,,,,
RawTrust,1,2,0,False,0.7043169736862183,0.8399262605480872,0.5666609406471252,1.0,7.0,0.7753910838302593,0.785144214927272,2.1732754707336426,0.2,sign_flip,,,,,
RawTrust,1,4,0,False,0.9372300505638123,0.5219602564934227,0.7556198835372925,1.0,7.0,0.7879356930070919,0.5779372766205971,0.48225727677345276,0.2,sign_flip,,,,,
RawTrust,1,5,0,False,0.6371663212776184,0.3822162081183511,0.1358092874288559,1.0,7.0,0.573263255616529,0.4163286261125122,0.27302640676498413,0.2,sign_flip,,,,,
RawTrust,1,8,0,False,0.29514433443546295,0.9633242242823993,0.7009312510490417,1.0,7.0,0.48641147070389146,0.5074023883516458,1.6921005249023438,0.2,sign_flip,,,,,
RawTrust,1,9,0,False,0.8892388343811035,0.6703204131858514,0.7556198835372925,1.0,7.0,0.7984371016496958,0.7160502257147292,0.7614408135414124,0.2,sign_flip,,,,,
RawTrust,2,0,0,True,0.37396664917469025,0.33071666340610495,0.5608193874359131,1.0,7.0,0.40715542584637926,0.6173067938062353,13.367424964904785,0.2,sign_flip,,,,,
RawTrust,2,2,0,False,0.6463647186756134,0.7156930493908363,0.48994097113609314,1.0,7.0,0.7049473999449755,0.7650950111816979,3.066981077194214,0.2,sign_flip,,,,,
RawTrust,2,3,1,False,0.35660862922668457,1.0,0.5608193874359131,1.0,7.0,0.5509099784215691,0.5542386420456028,1.620637059211731,0.2,sign_flip,,,,,
RawTrust,2,4,1,False,0.8218929767608643,0.5279569884519736,0.7561544179916382,1.0,7.0,0.7355498168718021,0.6173404116833984,0.47940388321876526,0.2,sign_flip,,,,,
RawTrust,2,6,1,True,0.5860834568738937,0.6382474030201793,0.28604406118392944,1.0,7.0,0.6408900924620052,0.5948189000208801,3.815551519393921,0.2,sign_flip,,,,,
RawTrust,2,7,1,False,0.7284896969795227,0.9872195208770231,0.48994097113609314,1.0,7.0,0.8358345410380601,0.8256594917222373,1.5813688039779663,0.2,sign_flip,,,,,
RawTrust,2,9,1,False,0.7910480499267578,0.6703203975542666,0.7561544179916382,1.0,7.0,0.7486729642893134,0.7242059103583752,0.7558212876319885,0.2,sign_flip,,,,,
RawTrust,3,1,0,False,0.891305685043335,0.6703207754287259,0.8582811951637268,1.0,9.0,0.796787610333787,0.8344412172041911,2.3588709831237793,0.2,sign_flip,,,,,
RawTrust,3,2,2,False,0.841528058052063,0.7317774520672359,0.5353837013244629,1.0,9.0,0.8204977740317214,0.7789457018942038,2.1761720180511475,0.2,sign_flip,,,,,
RawTrust,3,3,0,False,0.39955806732177734,0.9875118466834177,0.5161532163619995,1.0,9.0,0.5842608196129518,0.5617441864374401,1.6522345542907715,0.2,sign_flip,,,,,
RawTrust,3,4,1,False,0.8691398203372955,0.2400310686565097,0.6620961427688599,1.0,9.0,0.5987750209935186,0.6126990640109284,0.4400630295276642,0.2,sign_flip,,,,,
RawTrust,3,5,0,False,0.818673849105835,0.15029037037598936,0.5423001050949097,1.0,9.0,0.49729338287222746,0.43656981530244104,0.28618478775024414,0.2,sign_flip,,,,,
RawTrust,3,6,2,True,0.4054759219288826,0.39356961720809674,0.20988264679908752,1.0,9.0,0.4526853022966742,0.5592855005898286,3.848006010055542,0.2,sign_flip,,,,,
RawTrust,3,7,2,False,0.7106294333934784,0.9820726167365046,0.4235590994358063,1.0,9.0,0.8232090805677893,0.8250468889336253,1.6063342094421387,0.2,sign_flip,,,,,
RawTrust,3,8,1,False,0.2717084437608719,1.0,0.5161532163619995,1.0,9.0,0.4700129671801732,0.4980550330587776,1.6332626342773438,0.2,sign_flip,,,,,
RawTrust,3,9,0,False,0.8691934943199158,0.46255084484164644,0.8582811951637268,1.0,9.0,0.70543620477209,0.7195134839618039,0.804144024848938,0.2,sign_flip,,,,,
RawTrust,4,2,1,False,0.7697549164295197,0.6703204110679831,0.546829342842102,1.0,7.0,0.7609472679179012,0.774446093400128,3.63905930519104,0.2,sign_flip,,,,,
RawTrust,4,3,0,False,0.4048467129468918,1.0,0.6009005308151245,1.0,7.0,0.5907244707174754,0.5689892575074489,1.7457666397094727,0.2,sign_flip,,,,,
RawTrust,4,4,0,False,0.6371325850486755,0.515938696721294,0.42817559838294983,1.0,7.0,0.6350237388574789,0.618280232722566,0.5178704857826233,0.2,sign_flip,,,,,
RawTrust,4,5,0,False,0.7763583660125732,0.3686072764191276,0.42817559838294983,1.0,7.0,0.6321581347072015,0.4854668951536312,0.2792891263961792,0.2,sign_flip,,,,,
RawTrust,4,6,1,True,0.5274330023676157,0.6367271905146438,0.2786179780960083,1.0,7.0,0.6043481133523655,0.5705511537804628,3.999379873275757,0.2,sign_flip,,,,,
RawTrust,4,7,2,False,0.8367629647254944,0.8996040896656496,0.546829342842102,1.0,7.0,0.8772231623815328,0.8380909572956021,2.1201324462890625,0.2,sign_flip,,,,,
RawTrust,4,8,2,False,0.45595818012952805,0.9291160297313296,0.6009005308151245,1.0,7.0,0.611199313587452,0.5263411031909462,1.525288701057434,0.2,sign_flip,,,,,
RawTrust,5,0,3,True,0.442520409822464,0.3536020490891621,0.413303405046463,1.0,8.0,0.4557042441848501,0.576906156400889,13.424869537353516,0.2,sign_flip,,,,,
RawTrust,5,2,0,False,0.6561512649059296,0.8102238241933808,0.5760867595672607,1.0,8.0,0.7377507440446813,0.7652722560612664,2.665705442428589,0.2,sign_flip,,,,,
RawTrust,5,3,3,False,0.37026965618133545,0.987260549697662,0.32879015803337097,1.0,8.0,0.5602600100825351,0.5668069456512205,1.7248642444610596,0.2,sign_flip,,,,,
RawTrust,5,4,1,False,0.7598022222518921,0.5337142682313055,0.7474970817565918,1.0,8.0,0.7067439222074355,0.6403961550937834,0.519903838634491,0.2,sign_flip,,,,,
RawTrust,5,5,1,False,0.7798191905021667,0.38632160256467957,0.44552290439605713,1.0,8.0,0.6426931668620263,0.5247734630807299,0.27685463428497314,0.2,sign_flip,,,,,
RawTrust,5,6,4,True,0.5194930545985699,0.6818672992697451,0.24127450585365295,1.0,8.0,0.6117696889361939,0.5808557875693956,3.731306791305542,0.2,sign_flip,,,,,
RawTrust,5,8,0,False,0.4745805636048317,0.9872605496976621,0.413303405046463,1.0,8.0,0.6362871048861922,0.5538276036147577,1.8132953643798828,0.2,sign_flip,,,,,
RawTrust,5,9,2,False,0.7686653137207031,0.6589690186054107,0.7474970817565918,1.0,8.0,0.7331804053234043,0.722930214302204,0.7842196822166443,0.2,sign_flip,,,,,
RawTrust,6,0,0,True,0.3230067640542984,0.26177896973476833,0.5390535593032837,1.0,7.0,0.35019677216255474,0.5202288103413055,16.807497024536133,0.2,sign_flip,,,,,
RawTrust,6,1,4,False,0.799995481967926,0.8533161734317468,0.53314608335495,1.0,7.0,0.8071871384550036,0.8276276975168941,1.7010303735733032,0.2,sign_flip,,,,,
RawTrust,6,2,0,False,0.702082484960556,0.6633977404944903,0.53314608335495,1.0,7.0,0.7211434153331708,0.7542400458792424,4.058403491973877,0.2,sign_flip,,,,,
RawTrust,6,5,1,False,0.8028521537780762,0.26399709942099053,0.44123420119285583,1.0,7.0,0.5825747304908054,0.5392237799332488,0.28318923711776733,0.2,sign_flip,,,,,
RawTrust,6,6,0,True,0.5236569195985794,0.6703204846690001,0.21407942473888397,1.0,7.0,0.6113214709768168,0.5884722084212509,3.9945266246795654,0.2,sign_flip,,,,,
RawTrust,6,7,4,False,0.7617157697677612,1.0,0.5274739861488342,1.0,7.0,0.8599029469374757,0.8435439547060706,2.167653799057007,0.2,sign_flip,,,,,
RawTrust,6,8,1,False,0.4074181467294693,0.8231147024822607,0.5390535593032837,1.0,7.0,0.5540046707581625,0.5538718704006089,1.609890341758728,0.2,sign_flip,,,,,
RawTrust,7,0,0,True,0.2785288244485855,0.35283150643473243,0.24821880459785461,1.0,8.0,0.3530320310766288,0.47842961552513635,14.455856323242188,0.2,sign_flip,,,,,
RawTrust,7,1,0,False,0.9169776439666748,0.8824071377885424,0.807686448097229,1.0,8.0,0.8789033326825484,0.8404466063083077,2.1025819778442383,0.2,sign_flip,,,,,
RawTrust,7,2,2,False,0.7911117374897003,0.7868340338496497,0.6287335157394409,1.0,8.0,0.8105348938439556,0.7683137578704207,2.6758577823638916,0.2,sign_flip,,,,,
RawTrust,7,4,3,False,0.9001055359840393,0.5840479316491168,0.7841804027557373,1.0,8.0,0.7970399054549874,0.6795570926840844,0.5215259790420532,0.2,sign_flip,,,,,
RawTrust,7,5,0,False,0.7908674478530884,0.4351993135043824,0.46839770674705505,1.0,8.0,0.6712523587502063,0.5722309246374881,0.2809114158153534,0.2,sign_flip,,,,,
RawTrust,7,6,1,True,0.4043557196855545,0.6456199969306105,0.24821880459785461,1.0,8.0,0.5243511239396468,0.5724419373008499,4.056407928466797,0.2,sign_flip,,,,,
RawTrust,7,8,1,False,0.47193875908851624,0.8824071377885424,0.14353002607822418,1.0,8.0,0.6133253633237403,0.5687352436313917,1.2422646284103394,0.2,sign_flip,,,,,
RawTrust,7,9,3,False,0.9227466583251953,0.6959657283434316,0.807686448097229,1.0,8.0,0.8240765677736694,0.7482168026700704,0.7540721893310547,0.2,sign_flip,,,,,
RawTrust,8,0,4,True,0.28456293046474457,0.3498529752208936,0.3030560612678528,1.0,10.0,0.356310871337665,0.4478999294782685,11.722864151000977,0.2,sign_flip,,,,,
RawTrust,8,1,1,False,0.8390397429466248,0.950020285754882,0.7987921237945557,1.0,10.0,0.8557429953460411,0.844270703567741,2.039492130279541,0.2,sign_flip,,,,,
RawTrust,8,2,0,False,0.7749704718589783,0.6934472071657922,0.6298918128013611,1.0,10.0,0.771590418638297,0.7691329230623898,3.5389058589935303,0.2,sign_flip,,,,,
RawTrust,8,3,0,False,0.3883237838745117,0.950020285754882,0.5314962863922119,1.0,10.0,0.5685277673721578,0.5672371510814548,1.7043488025665283,0.2,sign_flip,,,,,
RawTrust,8,4,1,False,0.7756820023059845,0.49338714625952307,0.7903953790664673,1.0,10.0,0.6981785841525564,0.6842124655512024,0.541279673576355,0.2,sign_flip,,,,,
RawTrust,8,5,0,False,0.7756635248661041,0.3390939298018944,0.48826006054878235,1.0,10.0,0.6162241110381471,0.5832292212376529,0.28073614835739136,0.2,sign_flip,,,,,
RawTrust,8,6,3,True,0.4290720075368881,0.6479649392261914,0.3030560612678528,1.0,10.0,0.5423331966726457,0.5649147521437989,3.9851646423339844,0.2,sign_flip,,,,,
RawTrust,8,7,1,False,0.8018056154251099,0.9205419507790787,0.6298918128013611,1.0,10.0,0.8628084572677415,0.8483600803464884,2.1551976203918457,0.2,sign_flip,,,,,
RawTrust,8,8,0,False,0.4192681610584259,0.9360378286677611,0.5314962863922119,1.0,10.0,0.5849404727043088,0.572786550899621,1.6606773138046265,0.2,sign_flip,,,,,
RawTrust,8,9,3,False,0.8024653792381287,0.6101701886852847,0.7987921237945557,1.0,10.0,0.7336106166772172,0.7445652561718572,0.785129964351654,0.2,sign_flip,,,,,
RawTrust,9,0,2,True,0.2650704085826874,0.1574703296879484,0.25966179370880127,1.0,8.0,0.26969545669995226,0.40334881128368943,14.313353538513184,0.2,sign_flip,,,,,
RawTrust,9,1,2,False,0.7699584364891052,0.9585245349151515,0.7963305711746216,1.0,8.0,0.8184291165963645,0.837810306824897,2.0173239707946777,0.2,sign_flip,,,,,
RawTrust,9,2,2,False,0.7433615773916245,0.647492908118584,0.651380181312561,1.0,8.0,0.738765379104237,0.7615410370728515,3.307096242904663,0.2,sign_flip,,,,,
RawTrust,9,3,2,False,0.4801334831863642,0.7885542650906049,0.4487888813018799,1.0,8.0,0.6041902243193056,0.5764754193909174,1.647900938987732,0.2,sign_flip,,,,,
RawTrust,9,6,0,True,0.502616970334202,0.537013050500742,0.2567286789417267,1.0,8.0,0.5592229932904645,0.5634918124304653,4.014599800109863,0.2,sign_flip,,,,,
RawTrust,9,7,2,False,0.7666873931884766,0.9585245349151514,0.651380181312561,1.0,8.0,0.8520878325848266,0.8492920184060729,2.2024340629577637,0.2,sign_flip,,,,,
RawTrust,9,8,1,False,0.4932626523077488,0.6939532861380006,0.4487888813018799,1.0,8.0,0.5847163194731814,0.5757689930430111,1.4435036182403564,0.2,sign_flip,,,,,
RawTrust,9,9,4,False,0.7350674420595169,0.3861023353305181,0.7963305711746216,1.0,8.0,0.6093776561452394,0.7107683561652027,0.7862488627433777,0.2,sign_flip,,,,,
RawTrust,10,0,0,True,0.3478112518787384,0.2854688669717623,0.3616894781589508,1.0,9.0,0.3743449198275126,0.39609783841964524,14.152005195617676,0.2,sign_flip,,,,,
RawTrust,10,1,3,False,0.8657259047031403,0.86621866824298,0.8273420333862305,1.0,9.0,0.8468189833885513,0.8400624759658105,2.0156314373016357,0.2,sign_flip,,,,,
RawTrust,10,3,4,False,0.4598541706800461,0.9352426661569971,0.37922608852386475,1.0,9.0,0.6210026979277817,0.5876072390251335,1.3926701545715332,0.2,sign_flip,,,,,
RawTrust,10,4,0,False,0.8474268913269043,0.5425195859846419,0.7537965178489685,1.0,9.0,0.7541625975451278,0.7016999985496837,0.535291850566864,0.2,sign_flip,,,,,
RawTrust,10,5,0,False,0.8096449971199036,0.3774208080457294,0.5068845748901367,1.0,9.0,0.6515265698518152,0.6003035583911934,0.28307268023490906,0.2,sign_flip,,,,,
RawTrust,10,6,2,True,0.4708714783191681,0.585158424381494,0.2898365259170532,1.0,9.0,0.5535890443048286,0.5610161203990561,4.013427734375,0.2,sign_flip,,,,,
RawTrust,10,7,6,False,0.672335296869278,0.9178573215888848,0.3451513350009918,1.0,9.0,0.7824707664006698,0.8325867054047222,1.8207796812057495,0.2,sign_flip,,,,,
RawTrust,10,8,0,False,0.35234755277633667,1.0,0.37922608852386475,1.0,9.0,0.5422347021662176,0.5673854203238128,1.5663859844207764,0.2,sign_flip,,,,,
RawTrust,10,9,2,False,0.8534530997276306,0.6703204278147586,0.8273420333862305,1.0,9.0,0.7806015224364015,0.7282266477330024,0.7760486602783203,0.2,sign_flip,,,,,
AgriTrust-ACFL,1,0,0,True,0.5906333178281784,0.17454094334612902,0.5574989318847656,1.0,7.0,0.43217474756157337,0.6328408446454881,6.608978271484375,0.2,sign_flip,True,False,4671.631115172993,1.959047019481659,0.5784469502864392
AgriTrust-ACFL,1,1,0,False,0.7519644796848297,0.7944917751514738,0.48758161067962646,1.0,7.0,0.7636220274126817,0.7395133311736903,1.0378786325454712,0.2,sign_flip,True,False,14958.875662981409,1.959047019481659,0.5784469502864392
AgriTrust-ACFL,1,2,0,False,0.5200694240629673,0.6703205947996332,0.44285765290260315,1.0,7.0,0.6133303634372982,0.7297632976322774,1.2773276567459106,0.2,sign_flip,True,False,8976.818324174645,1.959047019481659,0.5784469502864392
AgriTrust-ACFL,1,4,0,False,0.9002220630645752,0.6063055000885375,0.42103689908981323,1.0,7.0,0.8060906654014293,0.7222339248220047,0.4252658486366272,0.2,sign_flip,True,False,556.1201221129436,1.959047019481659,0.5784469502864392
AgriTrust-ACFL,1,5,0,False,0.7018013596534729,0.4359341008808746,0.35624098777770996,1.0,7.0,0.6288779896158625,0.5679893999051266,0.2842196226119995,0.2,sign_flip,False,False,0.0,1.959047019481659,0.5784469502864392
AgriTrust-ACFL,1,8,0,False,0.4481172561645508,1.0,0.5574989318847656,1.0,7.0,0.6188972216349542,0.5776305504602355,0.7836188077926636,0.2,sign_flip,False,False,0.0,1.959047019481659,0.5784469502864392
AgriTrust-ACFL,1,9,0,False,0.7401864975690842,0.8764728570118353,0.48758161067962646,1.0,7.0,0.782267023739901,0.802332328311071,0.6670514941215515,0.2,sign_flip,True,False,871.3329085458231,1.959047019481659,0.5784469502864392
AgriTrust-ACFL,2,0,0,True,0.6843558251857758,0.2526917794180363,0.4428582191467285,1.0,7.0,0.5236579965906762,0.6055451326317851,6.660984516143799,0.2,sign_flip,True,False,4470.134169087838,2.8159916400909424,0.5696661303240965
AgriTrust-ACFL,2,2,0,False,0.39925552904605865,0.9443321593466584,0.2921597361564636,1.0,7.0,0.5877618857103577,0.6942629446517976,1.2129137516021729,0.2,sign_flip,True,False,8540.128482161763,2.8159916400909424,0.5696661303240965
AgriTrust-ACFL,2,3,1,False,0.530280377715826,0.8253646100846532,0.25790587067604065,1.0,7.0,0.6469145684953035,0.6042211974531229,0.8790194988250732,0.2,sign_flip,True,False,10134.871722133596,2.8159916400909424,0.5696661303240965
AgriTrust-ACFL,2,4,1,False,0.8935475051403046,0.4964205573352238,0.37750348448753357,1.0,7.0,0.7560556507362924,0.7306893563005765,0.45575547218322754,0.2,sign_flip,True,False,358.7492398240828,2.8159916400909424,0.5696661303240965
AgriTrust-ACFL,2,6,1,True,0.7836757004261017,0.3907441186585719,0.4428582191467285,1.0,7.0,0.6490107355830446,0.7112704197652007,3.7928245067596436,0.2,sign_flip,True,False,466.2247722637553,2.8159916400909424,0.5696661303240965
AgriTrust-ACFL,2,7,1,False,0.6014955788850784,1.0,0.2921597361564636,1.0,7.0,0.7551637914665384,0.7671665349364966,1.126396656036377,0.2,sign_flip,True,False,4576.6462616768695,2.8159916400909424,0.5696661303240965
AgriTrust-ACFL,2,9,1,False,0.6719056069850922,0.6703205648629069,0.33889150619506836,1.0,7.0,0.6843844817252631,0.7728453666646191,0.6718153357505798,0.2,sign_flip,True,False,535.1677274224926,2.8159916400909424,0.5696661303240965
AgriTrust-ACFL,3,1,0,False,0.4138912111520767,1.0,0.5190471410751343,1.0,9.0,0.58915627649468,0.7019240675039378,0.8870596885681152,0.2,sign_flip,True,False,14198.520037469652,2.217649221420288,0.5327571794950541
AgriTrust-ACFL,3,2,2,False,0.5004102368839085,0.5901619146109807,0.57232666015625,1.0,9.0,0.5779585935020675,0.6651868568643651,1.2757306098937988,0.2,sign_flip,True,False,3326.7414117230005,2.217649221420288,0.5327571794950541
AgriTrust-ACFL,3,3,0,False,0.6274223327636719,0.7269087541459164,0.8172318935394287,1.0,9.0,0.6830886624082233,0.623938063691898,0.7120480537414551,0.2,sign_flip,True,False,16413.314703479067,2.217649221420288,0.5327571794950541
AgriTrust-ACFL,3,4,1,False,0.8418824374675751,0.5093814703451752,0.7272323369979858,1.0,9.0,0.7373698413767082,0.7323594775696094,0.557312548160553,0.2,sign_flip,True,False,359.56922540415616,2.217649221420288,0.5327571794950541
AgriTrust-ACFL,3,5,0,False,0.856189489364624,0.1790172970240161,0.7272323369979858,1.0,9.0,0.5371607461623703,0.5602822364694375,0.271131694316864,0.2,sign_flip,True,False,258.2901110124107,2.217649221420288,0.5327571794950541
AgriTrust-ACFL,3,6,2,True,0.6294153034687042,0.12194230418768234,0.11473262310028076,1.0,9.0,0.40566820406692394,0.6348698658406315,3.781059503555298,0.2,sign_flip,True,False,265.34615244374817,2.217649221420288,0.5327571794950541
AgriTrust-ACFL,3,7,2,False,0.7796785831451416,0.6703210188921347,0.5113897323608398,1.0,9.0,0.7725058029131534,0.7685013519306608,1.1685518026351929,0.2,sign_flip,True,False,2923.2759610883645,2.217649221420288,0.5327571794950541
AgriTrust-ACFL,3,8,1,False,0.632864698767662,0.7222245675270715,0.8172318935394287,1.0,9.0,0.6786967540068778,0.602897101346896,1.1100202798843384,0.2,sign_flip,True,False,10112.662067389685,2.217649221420288,0.5327571794950541
AgriTrust-ACFL,3,9,0,False,0.41932108998298645,0.7068211133078736,0.57232666015625,1.0,9.0,0.5365242881164908,0.7137650970275871,0.6984311938285828,0.2,sign_flip,True,False,775.1488953719595,2.217649221420288,0.5327571794950541
AgriTrust-ACFL,4,2,1,False,0.5043939910829067,0.8173812875928864,0.4559252858161926,1.0,7.0,0.6400690448988774,0.6589074038729932,1.5680196285247803,0.2,sign_flip,True,False,5168.1164311737075,2.7933308482170105,0.5106999176986557
AgriTrust-ACFL,4,3,0,False,0.6425765454769135,0.6703204449202703,0.6908944845199585,1.0,7.0,0.6754894028030105,0.6368258984696762,0.5704957246780396,0.2,sign_flip,True,False,16752.3420851433,2.7933308482170105,0.5106999176986557
AgriTrust-ACFL,4,4,0,False,0.4949589231982827,0.5658583901558115,0.4559252858161926,1.0,7.0,0.5682108150243812,0.6913223119333023,0.4291519522666931,0.2,sign_flip,True,False,532.3181801886427,2.7933308482170105,0.5106999176986557
AgriTrust-ACFL,4,5,0,False,0.8169426918029785,0.4293214814345753,0.42829805612564087,1.0,7.0,0.6805538426850932,0.5903501380233515,0.26982271671295166,0.2,sign_flip,True,False,272.151413628765,2.7933308482170105,0.5106999176986557
AgriTrust-ACFL,4,6,1,True,0.6348577290773392,0.4860331102432518,0.14076411724090576,1.0,7.0,0.6171360540647288,0.6304364128966559,3.756091594696045,0.2,sign_flip,True,False,413.2395568011258,2.7933308482170105,0.5106999176986557
AgriTrust-ACFL,4,7,2,False,0.7989913821220398,0.8188243382288253,0.42829805612564087,1.0,7.0,0.8314166006318198,0.7842301641059506,1.5633785724639893,0.2,sign_flip,True,False,2983.106250798313,2.7933308482170105,0.5106999176986557
AgriTrust-ACFL,4,8,2,False,0.6230554580688477,1.0,0.6908944845199585,1.0,7.0,0.7418956134502099,0.6376467293727245,1.1173323392868042,0.2,sign_flip,True,False,6819.772989711643,2.7933308482170105,0.5106999176986557
AgriTrust-ACFL,5,0,3,True,0.6003276035189629,0.35365302022257616,0.409704327583313,1.0,8.0,0.5389545054038761,0.5888974758248079,6.495932102203369,0.2,sign_flip,True,False,1126.9799331040504,2.366006523370743,0.5007692046700655
AgriTrust-ACFL,5,2,0,False,0.614324763417244,0.6632407134573987,0.6445443034172058,1.0,8.0,0.6700330653785072,0.6616888192493717,1.9640942811965942,0.2,sign_flip,True,False,8139.434165586522,2.366006523370743,0.5007692046700655
AgriTrust-ACFL,5,3,3,False,0.3396165370941162,0.8442918699860245,0.4718874990940094,1.0,8.0,0.5097611813491515,0.605059719189545,1.2409976720809937,0.2,sign_flip,True,False,4126.249708863279,2.366006523370743,0.5007692046700655
AgriTrust-ACFL,5,4,1,False,0.7324623763561249,0.6774756546622432,0.6745593547821045,1.0,8.0,0.7440192386764414,0.7044965436190871,0.4288161098957062,0.2,sign_flip,True,False,345.8892582774602,2.366006523370743,0.5007692046700655
AgriTrust-ACFL,5,5,1,False,0.6768809407949448,0.5212297515631729,0.10355104506015778,1.0,8.0,0.6504483934818411,0.6053747018879739,0.2604221999645233,0.2,sign_flip,True,False,177.94782196577242,2.366006523370743,0.5007692046700655
AgriTrust-ACFL,5,6,4,True,0.6781927943229675,0.4755210532619942,0.409704327583313,1.0,8.0,0.635776257299085,0.6317713739972631,3.6985628604888916,0.2,sign_flip,True,False,107.35517669246694,2.366006523370743,0.5007692046700655
AgriTrust-ACFL,5,8,0,False,0.45630747452378273,0.7012195763061159,0.4718874990940094,1.0,8.0,0.5619542961106286,0.6187236210572005,0.4578557312488556,0.2,sign_flip,True,False,16276.143575530716,2.366006523370743,0.5007692046700655
AgriTrust-ACFL,5,9,2,False,0.7087321877479553,0.8442918699860245,0.6745593547821045,1.0,8.0,0.7552814408740572,0.7241441829892046,0.6518075466156006,0.2,sign_flip,True,False,319.73474873202576,2.366006523370743,0.5007692046700655
AgriTrust-ACFL,6,0,0,True,0.6483954191207886,0.4544461468596867,0.3478524684906006,1.0,7.0,0.6062084932335362,0.59322523017699,8.934321403503418,0.2,sign_flip,True,False,4379.18864916654,3.952910900115967,0.5104780046846947
AgriTrust-ACFL,6,1,4,False,0.7106117606163025,0.7312180109472285,0.1482788771390915,1.0,7.0,0.722029555479984,0.7069504394979493,0.7951651215553284,0.2,sign_flip,True,False,2363.8060852777644,3.952910900115967,0.5104780046846947
AgriTrust-ACFL,6,2,0,False,0.36999736726284027,0.9484995866997296,0.3851671814918518,1.0,7.0,0.5644121603078023,0.6373696545139793,1.7758153676986694,0.2,sign_flip,True,False,7840.2841201764595,3.952910900115967,0.5104780046846947
AgriTrust-ACFL,6,5,1,False,0.5368612706661224,0.45408129225261423,0.3851671814918518,1.0,7.0,0.5493973411385571,0.5913803617006197,0.27933576703071594,0.2,sign_flip,True,False,173.83423355776424,3.952910900115967,0.5104780046846947
AgriTrust-ACFL,6,6,0,True,0.7274613976478577,0.6703203513157399,0.33155855536460876,1.0,7.0,0.7324691397963805,0.6569458154470424,3.8055570125579834,0.2,sign_flip,True,False,675.3402982795596,3.952910900115967,0.5104780046846947
AgriTrust-ACFL,6,7,4,False,0.635257363319397,1.0,0.04981117695569992,1.0,7.0,0.7781900180694746,0.7827201275968316,1.5811643600463867,0.2,sign_flip,True,False,1210.5051669331592,3.952910900115967,0.5104780046846947
AgriTrust-ACFL,6,8,1,False,0.6710304915904999,0.556471710743494,0.3478524684906006,1.0,7.0,0.648177995078002,0.6260872145624008,0.43654850125312805,0.2,sign_flip,True,False,10501.64018277454,3.952910900115967,0.5104780046846947
AgriTrust-ACFL,7,0,0,True,0.2852427214384079,0.29322288911403455,0.39923036098480225,1.0,8.0,0.3383706596187451,0.5295115875374288,10.555327415466309,0.2,sign_flip,True,False,3908.8545392012993,2.5302641838788986,0.5182184343329386
AgriTrust-ACFL,7,1,0,False,0.9107868671417236,0.8574326136006972,0.7278722524642944,1.0,8.0,0.8681251012718618,0.7472441049414276,1.3064764738082886,0.2,sign_flip,True,False,15115.253754755196,2.5302641838788986,0.5182184343329386
AgriTrust-ACFL,7,2,2,False,0.7689333558082581,0.6899193674711683,0.6516466736793518,1.0,8.0,0.7671040154374258,0.669803244744841,1.9948699474334717,0.2,sign_flip,True,False,3349.8289525787377,2.5302641838788986,0.5182184343329386
AgriTrust-ACFL,7,4,3,False,0.8931887149810791,0.662875318506727,0.7251172065734863,1.0,8.0,0.8243895165007391,0.7344697868395,0.4348466396331787,0.2,sign_flip,True,False,146.61118701213937,2.5302641838788986,0.5182184343329386
AgriTrust-ACFL,7,5,0,False,0.8139641582965851,0.5285852464695406,0.4808565676212311,1.0,8.0,0.7229191766445726,0.624265065436608,0.2798335552215576,0.2,sign_flip,True,False,287.7861951662763,2.5302641838788986,0.5182184343329386
AgriTrust-ACFL,7,6,1,True,0.4266950935125351,0.49287841301743435,0.337801992893219,1.0,8.0,0.49807619148911025,0.6172284094575594,3.839817762374878,0.2,sign_flip,True,False,404.5819517266951,2.5302641838788986,0.5182184343329386
AgriTrust-ACFL,7,8,1,False,0.30808743834495544,0.6778490812683224,0.39923036098480225,1.0,8.0,0.4481916015854241,0.5816133113181566,0.45417749881744385,0.2,sign_flip,True,False,9755.659561335046,2.5302641838788986,0.5182184343329386
AgriTrust-ACFL,7,9,3,False,0.8911166191101074,0.8574326136006972,0.7278722524642944,1.0,8.0,0.8606366626718766,0.7582673029098725,0.7177348732948303,0.2,sign_flip,True,False,213.47872678473522,2.5302641838788986,0.5182184343329386
AgriTrust-ACFL,8,0,4,True,0.3212287873029709,0.26460235334131577,0.3441919982433319,1.0,10.0,0.3502606795622347,0.48469886054363026,8.939613342285156,0.2,sign_flip,False,False,0.0,2.57677786052227,0.519472936718264
AgriTrust-ACFL,8,1,1,False,0.7299876362085342,0.859502003786598,0.7630429267883301,1.0,10.0,0.7692025084928547,0.7527337058292844,1.2826765775680542,0.2,sign_flip,True,False,9708.715868171272,2.57677786052227,0.519472936718264
AgriTrust-ACFL,8,2,0,False,0.7165566235780716,0.665704732514123,0.6350058913230896,1.0,10.0,0.7300426722982021,0.6848631016331812,1.9542821645736694,0.2,sign_flip,True,False,8424.501013189762,2.57677786052227,0.519472936718264
AgriTrust-ACFL,8,3,0,False,0.41859930753707886,0.7940070613089913,0.7039862871170044,1.0,10.0,0.5614506768408308,0.5941574586023665,0.6833882927894592,0.2,sign_flip,True,False,15629.906105993852,2.57677786052227,0.519472936718264
AgriTrust-ACFL,8,4,1,False,0.7056644558906555,0.6749681765436881,0.81489098072052,1.0,10.0,0.728111940668473,0.7328803252967433,0.5228971242904663,0.2,sign_flip,True,False,359.82494792777334,2.57677786052227,0.519472936718264
AgriTrust-ACFL,8,5,0,False,0.5796252936124802,0.46340566386550297,0.3444514870643616,1.0,10.0,0.5765563521484501,0.6123378871145685,0.2813601493835449,0.2,sign_flip,True,False,282.28776595981606,2.57677786052227,0.519472936718264
AgriTrust-ACFL,8,6,3,True,0.517338715493679,0.43821639658967615,0.3288504183292389,1.0,10.0,0.5345544664179321,0.5965599236976526,3.8927054405212402,0.2,sign_flip,True,False,158.98261591336026,2.57677786052227,0.519472936718264
AgriTrust-ACFL,8,7,1,False,0.7738309800624847,0.7964001387211693,0.6350058913230896,1.0,10.0,0.810136270862434,0.7895741634132323,1.45442533493042,0.2,sign_flip,True,False,4710.322307790619,2.57677786052227,0.519472936718264
AgriTrust-ACFL,8,8,0,False,0.37058037519454956,0.6430364094396059,0.7039862871170044,1.0,10.0,0.48832517449461155,0.5582912771122703,0.4827582538127899,0.2,sign_flip,True,False,14686.410335715384,2.57677786052227,0.519472936718264
AgriTrust-ACFL,8,9,3,False,0.7239869982004166,0.859502003786598,0.81489098072052,1.0,10.0,0.7682840806485316,0.7607714973445374,0.778745710849762,0.2,sign_flip,True,False,214.18374497222945,2.57677786052227,0.519472936718264
AgriTrust-ACFL,9,0,2,True,0.3160504847764969,0.34123014118301787,0.3858323097229004,1.0,8.0,0.37466712898796106,0.457190927654713,10.60460376739502,0.2,sign_flip,False,False,0.0,3.38124617934227,0.5187765768613847
AgriTrust-ACFL,9,1,2,False,0.78047776222229,0.9630656713781681,0.767758846282959,1.0,8.0,0.8257301845298368,0.7709828255044225,1.2550562620162964,0.2,sign_flip,True,False,6340.632975930685,3.38124617934227,0.5187765768613847
AgriTrust-ACFL,9,2,2,False,0.711370125412941,0.778253390020869,0.5977909564971924,1.0,8.0,0.762017365449757,0.7041516675873252,2.1817595958709717,0.2,sign_flip,True,False,3521.612744633974,3.38124617934227,0.5187765768613847
AgriTrust-ACFL,9,3,2,False,0.43343880772590637,0.5935854189950638,0.5558387041091919,1.0,8.0,0.5244817436311622,0.5767385298595654,0.4961458146572113,0.2,sign_flip,True,False,6168.346306632074,3.38124617934227,0.5187765768613847
AgriTrust-ACFL,9,6,0,True,0.5080397017300129,0.5796028815275367,0.337882936000824,1.0,8.0,0.5755618580678227,0.5913104072901951,3.8393502235412598,0.2,sign_flip,True,False,607.8670986943206,3.38124617934227,0.5187765768613847
AgriTrust-ACFL,9,7,2,False,0.7269315123558044,0.9630656713781682,0.5977909564971924,1.0,8.0,0.8286697967860792,0.7993480717564441,1.4499406814575195,0.2,sign_flip,True,False,3040.612741718096,3.38124617934227,0.5187765768613847
AgriTrust-ACFL,9,8,1,False,0.3235441744327545,0.5965126696204733,0.5558387041091919,1.0,8.0,0.44310075373160523,0.529493646267104,0.5008485913276672,0.2,sign_flip,True,False,8881.43316590315,3.38124617934227,0.5187765768613847
AgriTrust-ACFL,9,9,4,False,0.7672137320041656,0.7532605015901235,0.767758846282959,1.0,8.0,0.7624009085599932,0.7611788501484014,0.7834678292274475,0.2,sign_flip,True,False,136.64271118670555,3.38124617934227,0.5187765768613847
AgriTrust-ACFL,10,0,0,True,0.4858714286237955,0.19248009645771713,0.4579787254333496,1.0,9.0,0.39973099100919157,0.4428259434933326,8.857680320739746,0.2,sign_flip,False,False,0.0,1.689390242099762,0.5090119731039334
AgriTrust-ACFL,10,1,3,False,0.7573350667953491,0.6703204752775083,0.7107463479042053,1.0,9.0,0.7285112763374867,0.7603649382126886,1.2620419263839722,0.2,sign_flip,True,False,3987.2868180522537,1.689390242099762,0.5090119731039334
AgriTrust-ACFL,10,3,4,False,0.44158536568284035,0.8301728553727881,0.7002803087234497,1.0,9.0,0.5859812915523721,0.5790492202827671,0.5053130388259888,0.2,sign_flip,True,False,2517.910155651792,1.689390242099762,0.5090119731039334
AgriTrust-ACFL,10,4,0,False,0.7597015798091888,0.7899270956733291,0.7107463479042053,1.0,9.0,0.7949025684085353,0.7483858860746914,0.46758222579956055,0.2,sign_flip,True,False,576.2571322775124,1.689390242099762,0.5090119731039334
AgriTrust-ACFL,10,5,0,False,0.7534491717815399,0.560511208665017,0.3528903126716614,1.0,9.0,0.705143160015302,0.6355392053397518,0.27363380789756775,0.2,sign_flip,True,False,292.9835736616256,1.689390242099762,0.5090119731039334
AgriTrust-ACFL,10,6,2,True,0.6372984051704407,0.3288068867662739,0.37459802627563477,1.0,9.0,0.5500218789062825,0.580988275194217,3.8384265899658203,0.2,sign_flip,True,False,242.8261471090421,1.689390242099762,0.5090119731039334
AgriTrust-ACFL,10,7,6,False,0.5942571610212326,0.6617101499157039,0.3528903126716614,1.0,9.0,0.662749774339349,0.7651984974021703,1.2877806425094604,0.2,sign_flip,True,False,481.1375147125436,1.689390242099762,0.5090119731039334
AgriTrust-ACFL,10,8,0,False,0.3603082448244095,0.8097621437031312,0.7002803087234497,1.0,9.0,0.5152656205702313,0.5259366398428859,0.4860461950302124,0.2,sign_flip,True,False,13835.289247706954,1.689390242099762,0.5090119731039334
AgriTrust-ACFL,10,9,2,False,0.713520422577858,1.0,0.6692546606063843,1.0,9.0,0.7975710267050166,0.7702768942875551,0.6757560968399048,0.2,sign_flip,True,False,340.1039392907589,1.689390242099762,0.5090119731039334
RawTrust,1,0,0,True,0.8055307865142822,0.28089580729837815,0.9046610593795776,1.0,7.0,0.5912539826268817,0.7327544822106208,16.05502700805664,0.2,model_replace,,,,,
RawTrust,1,1,0,False,0.8446044325828552,1.0,0.7128185033798218,1.0,7.0,0.8721726069405046,0.8375521104263192,1.5805162191390991,0.2,model_replace,,,,,
RawTrust,1,2,0,False,0.8432656228542328,0.8399262605480872,0.9046610593795776,1.0,7.0,0.8561083548687862,0.8053235326869038,2.1732754707336426,0.2,model_replace,,,,,
RawTrust,1,4,0,False,0.8934335708618164,0.5219602564934227,0.7556198835372925,1.0,7.0,0.7674668194942347,0.5728200582423828,0.48225727677345276,0.2,model_replace,,,,,
RawTrust,1,5,0,False,0.6556451767683029,0.3822162081183511,0.1358092874288559,1.0,7.0,0.582348468812521,0.41859992941151014,0.27302640676498413,0.2,model_replace,,,,,
RawTrust,1,8,0,False,0.20931434631347656,0.9633242242823993,-0.12136932462453842,1.0,7.0,0.4026468516780714,0.4864612335951908,1.6921005249023438,0.2,model_replace,,,,,
RawTrust,1,9,0,False,0.9208666682243347,0.6703204131858514,0.7556198835372925,1.0,7.0,0.8139332542767609,0.7199242638714956,0.7614408135414124,0.2,model_replace,,,,,
RawTrust,2,0,0,True,0.6244417577981949,0.3987003844727309,0.21846649050712585,1.0,7.0,0.5709260841071457,0.692297382684752,8.6314115524292,0.2,model_replace,,,,,
RawTrust,2,2,0,False,0.6800534129142761,0.8584007420028567,0.21201243996620178,1.0,7.0,0.7655642742182078,0.7953837180697299,1.1930296421051025,0.2,model_replace,,,,,
RawTrust,2,3,1,False,0.3847997710108757,0.9867976975078506,0.21846649050712585,1.0,7.0,0.5721668644748774,0.5595528635589299,1.620637059211731,0.2,model_replace,,,,,
RawTrust,2,4,1,False,0.7612214088439941,0.5237856477699291,0.7561544179916382,1.0,7.0,0.7034953896774919,0.6054888911011601,0.47940388321876526,0.2,model_replace,,,,,
RawTrust,2,6,1,True,0.7727596759796143,0.4809943667995376,0.23829427361488342,1.0,7.0,0.6854496860293313,0.6059587984127116,6.10488224029541,0.2,model_replace,,,,,
RawTrust,2,7,1,False,0.7183292806148529,1.0,0.1654268503189087,1.0,7.0,0.8326093426806782,0.8248531921328919,1.5813688039779663,0.2,model_replace,,,,,
RawTrust,2,9,1,False,0.7238451391458511,0.6703204092336762,0.7561544179916382,1.0,7.0,0.7129936985766313,0.7181916225477795,0.7558212876319885,0.2,model_replace,,,,,
RawTrust,3,1,0,False,0.7808626890182495,0.8539103871872237,0.7812803387641907,1.0,9.0,0.7966780557918366,0.8273335967676985,2.195539712905884,0.2,model_replace,,,,,
RawTrust,3,2,2,False,0.5544075444340706,0.8601033552544922,0.4235590994358063,1.0,9.0,0.6846162205261002,0.7676918436838224,2.1761720180511475,0.2,model_replace,,,,,
RawTrust,3,3,0,False,0.6402136087417603,1.0,0.57697594165802,1.0,9.0,0.7600703969641917,0.6096822469102453,1.8090169429779053,0.2,model_replace,,,,,
RawTrust,3,4,1,False,0.7804031074047089,0.3795277730790949,0.5940564870834351,1.0,9.0,0.6474893714240763,0.6159890111818891,0.5514841675758362,0.2,model_replace,,,,,
RawTrust,3,5,0,False,0.7961553335189819,0.22625325143326705,0.5940564870834351,1.0,9.0,0.5536681901073883,0.4523669945854797,0.29246944189071655,0.2,model_replace,,,,,
RawTrust,3,6,2,True,0.3896556496620178,0.3682914532952462,0.3600400984287262,1.0,9.0,0.4341513603460875,0.5630069388960556,6.156810760498047,0.2,model_replace,,,,,
RawTrust,3,7,2,False,0.6400506496429443,0.9076355480068822,0.4235590994358063,1.0,9.0,0.7590225070761926,0.808395520868717,1.6063342094421387,0.2,model_replace,,,,,
RawTrust,3,8,1,False,0.5210903100669384,0.6703205927236592,0.46466559171676636,1.0,9.0,0.5964032927731528,0.5139467483896814,2.9542407989501953,0.2,model_replace,,,,,
RawTrust,3,9,0,False,0.7850865721702576,0.4954914910736066,0.7812803387641907,1.0,9.0,0.6809439364150219,0.7088797010145901,0.7647367119789124,0.2,model_replace,,,,,
RawTrust,4,2,1,False,0.5374315790832043,0.8497462518612598,0.38192644715309143,1.0,7.0,0.6705644057421754,0.7434099841984105,2.2436275482177734,0.2,model_replace,,,,,
RawTrust,4,3,0,False,0.6003907322883606,1.0,0.5938606262207031,1.0,7.0,0.7336920463943054,0.6406846967812603,1.8455842733383179,0.2,model_replace,,,,,
RawTrust,4,4,0,False,0.6055398732423782,0.33132485474929263,0.38192644715309143,1.0,7.0,0.540678183002347,0.5971613041370036,0.4905496835708618,0.2,model_replace,,,,,
RawTrust,4,5,0,False,0.7870446741580963,0.20419993556707333,0.21925051510334015,1.0,7.0,0.533505217204968,0.47265155024035177,0.2745060622692108,0.2,model_replace,,,,,
RawTrust,4,6,1,True,0.5843698531389236,0.43406813575587555,0.14467179775238037,1.0,7.0,0.5699736779908727,0.5647486236697599,5.022036075592041,0.2,model_replace,,,,,
RawTrust,4,7,2,False,0.7156567275524139,0.9747581174744794,0.32890480756759644,1.0,7.0,0.8245556876381827,0.8124355625610834,1.789846420288086,0.2,model_replace,,,,,
RawTrust,4,8,2,False,0.6463504284620285,0.6703206048730564,0.5938606262207031,1.0,7.0,0.6714216005052074,0.5533154614185629,2.9819910526275635,0.2,model_replace,,,,,
RawTrust,5,0,3,True,0.4710821285843849,0.5826643253084116,0.2647123634815216,1.0,8.0,0.5478907868639726,0.6561957337295572,8.712565422058105,0.2,model_replace,,,,,
RawTrust,5,2,0,False,0.6243047267198563,0.9548587808348504,0.39269953966140747,1.0,8.0,0.754094644068306,0.7460811491658844,2.403463125228882,0.2,model_replace,,,,,
RawTrust,5,3,3,False,0.43917930871248245,0.8799796908210916,0.5299314260482788,1.0,8.0,0.5945247594934592,0.62914471245931,2.9737701416015625,0.2,model_replace,,,,,
RawTrust,5,4,1,False,0.7711954712867737,0.5693322973747146,0.5935692191123962,1.0,8.0,0.7264978542500221,0.6294954416652583,0.4905824661254883,0.2,model_replace,,,,,
RawTrust,5,5,1,False,0.6805651485919952,0.4517101885944127,0.3556557893753052,1.0,8.0,0.6249692262073083,0.5107309692320909,0.26832935214042664,0.2,model_replace,,,,,
RawTrust,5,6,4,True,0.6125476360321045,0.6735709825442304,0.3085736930370331,1.0,8.0,0.6673460199546987,0.5903979727409946,5.970089912414551,0.2,model_replace,,,,,
RawTrust,5,8,0,False,0.46207667514681816,0.9548587808348503,0.5299314260482788,1.0,8.0,0.6207655182366516,0.5701779756230851,1.8889925479888916,0.2,model_replace,,,,,
RawTrust,5,9,2,False,0.7533569037914276,0.6670853116282162,0.5935692191123962,1.0,8.0,0.7277809488740079,0.7136050129794446,0.7415342330932617,0.2,model_replace,,,,,
RawTrust,6,0,0,True,0.7449434101581573,0.055182552430450026,0.8947924375534058,1.0,7.0,0.3475951147642514,0.5790455789882307,20.546672821044922,0.2,model_replace,,,,,
RawTrust,6,1,4,False,0.5611801296472549,1.0,0.25204211473464966,1.0,7.0,0.6965452791108353,0.7946365173534826,1.9910739660263062,0.2,model_replace,,,,,
RawTrust,6,2,0,False,0.7811398804187775,0.6703208780709454,0.8947924375534058,1.0,7.0,0.7671170571791877,0.7513401261692103,2.748152732849121,0.2,model_replace,,,,,
RawTrust,6,5,1,False,0.7944771349430084,0.08772439872796269,0.305923193693161,1.0,7.0,0.41620109712259074,0.4870985012047159,0.2803002595901489,0.2,model_replace,,,,,
RawTrust,6,6,0,True,0.715525209903717,0.2554761591067866,0.2962818443775177,1.0,7.0,0.5434479648186885,0.578660470760418,5.977909088134766,0.2,model_replace,,,,,
RawTrust,6,7,4,False,0.5020957342348993,0.8817370099418415,0.14449632167816162,1.0,7.0,0.6584118369009007,0.7739296311460377,1.7990796566009521,0.2,model_replace,,,,,
RawTrust,6,8,1,False,0.3684781640768051,0.8393196187972487,0.25204211473464966,1.0,7.0,0.5273000278067103,0.5594584886689914,1.7290210723876953,0.2,model_replace,,,,,
RawTrust,7,0,0,True,0.5000457307323813,0.5187937180597704,0.2410537153482437,1.0,8.0,0.5467881372967061,0.5709812185653496,8.786157608032227,0.2,model_replace,,,,,
RawTrust,7,1,0,False,0.6348720788955688,0.9482504493376234,0.19858810305595398,1.0,8.0,0.7336643874693981,0.7793934848824615,1.8995931148529053,0.2,model_replace,,,,,
RawTrust,7,2,2,False,0.7269504964351654,0.8647973823830907,0.6140046715736389,1.0,8.0,0.7959356188580169,0.762488999341412,2.4002599716186523,0.2,model_replace,,,,,
RawTrust,7,4,3,False,0.8403298854827881,0.6200718188855326,0.759073793888092,1.0,8.0,0.7813832977562367,0.6674674056880029,0.49316057562828064,0.2,model_replace,,,,,
RawTrust,7,5,0,False,0.470091562718153,0.5051386435523101,0.37280428409576416,1.0,8.0,0.5272855359565448,0.4971452598926731,0.2930237650871277,0.2,model_replace,,,,,
RawTrust,7,6,1,True,0.6658946424722672,0.595429831926871,0.3331526815891266,1.0,8.0,0.6733352479860661,0.6023291650668301,6.192304611206055,0.2,model_replace,,,,,
RawTrust,7,8,1,False,0.3873199075460434,0.9482504493376234,0.37280428409576416,1.0,8.0,0.5621709935600173,0.5601366148917479,1.4502999782562256,0.2,model_replace,,,,,
RawTrust,7,9,3,False,0.8340214788913727,0.7246407663102309,0.759073793888092,1.0,8.0,0.7890057219402301,0.732455190219641,0.7325820326805115,0.2,model_replace,,,,,
RawTrust,8,0,4,True,0.4979610894806683,0.2131791859942418,0.7104750871658325,1.0,10.0,0.41777864571149487,0.5326805753518858,15.346330642700195,0.2,model_replace,,,,,
RawTrust,8,1,1,False,0.657990038394928,0.9851930556210202,0.27502188086509705,1.0,10.0,0.7568679656847583,0.7737621050830357,1.8661401271820068,0.2,model_replace,,,,,
RawTrust,8,2,0,False,0.5843085944652557,0.9176966056181836,0.7104750871658325,1.0,10.0,0.7185201603728796,0.7514967895992789,2.0576467514038086,0.2,model_replace,,,,,
RawTrust,8,3,0,False,0.6906304657459259,0.981893041446336,0.8052031993865967,1.0,10.0,0.7880967376837226,0.6688827187654132,1.8747787475585938,0.2,model_replace,,,,,
RawTrust,8,4,1,False,0.8306795954704285,0.4051104164211219,0.5996289849281311,1.0,10.0,0.6833522083381004,0.6714386063505272,0.5270525813102722,0.2,model_replace,,,,,
RawTrust,8,5,0,False,0.793337494134903,0.2648727908591648,0.5996289849281311,1.0,10.0,0.5793425444989032,0.5176945810442306,0.29365766048431396,0.2,model_replace,,,,,
RawTrust,8,6,3,True,0.35803017020225525,0.4089075866620445,0.3684106469154358,1.0,10.0,0.42761455639921603,0.5586505128999266,6.260682582855225,0.2,model_replace,,,,,
RawTrust,8,7,1,False,0.731735110282898,0.8348617300781845,0.430513858795166,1.0,10.0,0.7967871550812947,0.779644012129852,1.4260324239730835,0.2,model_replace,,,,,
RawTrust,8,8,0,False,0.647962898015976,0.9851930556210202,0.8052031993865967,1.0,10.0,0.7546787035304746,0.6087721370514296,1.7910536527633667,0.2,model_replace,,,,,
RawTrust,8,9,3,False,0.5039514265954494,0.5382084251677228,0.4488632082939148,1.0,10.0,0.5470093698851777,0.6860937351360252,0.779258668422699,0.2,model_replace,,,,,
RawTrust,9,0,2,True,0.6770007312297821,0.20940531293373227,0.31697413325309753,1.0,8.0,0.4920232868239406,0.5225162532198996,8.968367576599121,0.2,model_replace,,,,,
RawTrust,9,1,2,False,0.74675552546978,0.9624174303678363,0.47245052456855774,1.0,8.0,0.8057499457023987,0.7817590652378764,1.8414639234542847,0.2,model_replace,,,,,
RawTrust,9,2,2,False,0.7025047838687897,0.7309826246975264,0.25370657444000244,1.0,8.0,0.7426859245375476,0.7492940733338461,1.2782890796661377,0.2,model_replace,,,,,
RawTrust,9,3,2,False,0.7518352270126343,0.6146929006115258,0.5664452314376831,1.0,8.0,0.7175299777935411,0.6810445335224451,2.932705879211426,0.2,model_replace,,,,,
RawTrust,9,6,0,True,0.5765080153942108,0.3139786969342788,0.31697413325309753,1.0,8.0,0.5133601268247694,0.5473279163811373,5.889997959136963,0.2,model_replace,,,,,
RawTrust,9,7,2,False,0.690581738948822,0.8235781401164468,0.3143300414085388,1.0,8.0,0.7686755359571911,0.7769018930866868,1.4467566013336182,0.2,model_replace,,,,,
RawTrust,9,8,1,False,0.6293140053749084,0.9624174303678363,0.5664452314376831,1.0,8.0,0.7374612886688832,0.640944424955793,1.7006916999816895,0.2,model_replace,,,,,
RawTrust,9,9,4,False,0.4763011522591114,0.4554326553669361,0.17942099273204803,1.0,8.0,0.5043801568345472,0.6406653405606557,0.7822337746620178,0.2,model_replace,,,,,
RawTrust,10,0,0,True,0.5738621205091476,0.2935311705787597,0.3277417719364166,1.0,9.0,0.4971709544399305,0.5161799285249072,17.757043838500977,0.2,model_replace,,,,,
RawTrust,10,1,3,False,0.6699062585830688,0.9475768924262542,0.3542628884315491,1.0,9.0,0.755501192414311,0.775194597031985,1.8104325532913208,0.2,model_replace,,,,,
RawTrust,10,3,4,False,0.5991873666644096,1.0,0.5765317678451538,1.0,9.0,0.7328828831990757,0.6940041209416028,1.6301259994506836,0.2,model_replace,,,,,
RawTrust,10,4,0,False,0.8158310949802399,0.55367246397229,0.7055621147155762,1.0,9.0,0.7430878289211976,0.6893509119931948,0.5152409672737122,0.2,model_replace,,,,,
RawTrust,10,5,0,False,0.7950745820999146,0.4034790513269991,0.35875898599624634,1.0,9.0,0.6581016122272597,0.5527963388399879,0.2781357765197754,0.2,model_replace,,,,,
RawTrust,10,6,2,True,0.46314945444464684,0.5362299833641215,0.1759391725063324,1.0,9.0,0.5343934184871038,0.5440942919076289,5.489292621612549,0.2,model_replace,,,,,
RawTrust,10,7,6,False,0.6699983179569244,0.925718077174885,0.3277417719364166,1.0,9.0,0.7829742540686448,0.7784199833321763,1.4025325775146484,0.2,model_replace,,,,,
RawTrust,10,8,0,False,0.48315128311514854,0.9565582615702117,0.5765317678451538,1.0,9.0,0.6365203151983588,0.6398383975164345,1.7774622440338135,0.2,model_replace,,,,,
RawTrust,10,9,2,False,0.8465465903282166,0.6703203900961027,0.7055621147155762,1.0,9.0,0.7771208286894676,0.6747792125928587,0.7477797269821167,0.2,model_replace,,,,,
AgriTrust-ACFL,1,0,0,True,0.7118768990039825,0.11879349808744823,0.8040083050727844,1.0,7.0,0.42670312112036357,0.6314729380351856,10.574362754821777,0.2,model_replace,True,False,4661.5332285757395,1.959047019481659,0.5691639251338593
AgriTrust-ACFL,1,1,0,False,0.7289343178272247,0.7944917751514738,0.48758161067962646,1.0,7.0,0.7506690950435144,0.7362750980813986,1.0378786325454712,0.2,model_replace,True,False,14893.37268399053,1.959047019481659,0.5691639251338593
AgriTrust-ACFL,1,2,0,False,0.780993789434433,0.6703205947996332,0.8040083050727844,1.0,7.0,0.767038048997485,0.7681902190223242,1.2773276567459106,0.2,model_replace,True,False,9449.50788419361,1.959047019481659,0.5691639251338593
AgriTrust-ACFL,1,4,0,False,0.8083064556121826,0.6063055000885375,0.42103689908981323,1.0,7.0,0.7597284834461148,0.710643379333176,0.4252658486366272,0.2,model_replace,True,False,547.1954020865455,1.959047019481659,0.5691639251338593
AgriTrust-ACFL,1,5,0,False,0.615738719701767,0.4359341008808746,0.35624098777770996,1.0,7.0,0.585216601042315,0.5570740527617397,0.2842196226119995,0.2,model_replace,False,False,0.0,1.959047019481659,0.5691639251338593
AgriTrust-ACFL,1,8,0,False,0.26630014181137085,1.0,0.1644008606672287,1.0,7.0,0.4648441655651416,0.5391172864427822,0.7836188077926636,0.2,model_replace,False,False,0.0,1.959047019481659,0.5691639251338593
AgriTrust-ACFL,1,9,0,False,0.8390293717384338,0.8764728570118353,0.48758161067962646,1.0,7.0,0.8380980425128525,0.8162900830043089,0.6670514941215515,0.2,model_replace,True,False,886.4910301426795,1.959047019481659,0.5691639251338593
AgriTrust-ACFL,2,0,0,True,0.7880897521972656,0.034243370182847746,0.4775477647781372,1.0,7.0,0.31070976148533985,0.5512821438977241,8.488933563232422,0.2,model_replace,True,False,4069.5647862529995,2.197548747062683,0.5354453261373834
AgriTrust-ACFL,2,2,0,False,0.8223945796489716,0.9139722572911286,0.4775477647781372,1.0,7.0,0.8660640374749017,0.7926586736354685,0.827452540397644,0.2,model_replace,True,False,9750.494344389897,2.197548747062683,0.5354453261373834
AgriTrust-ACFL,2,3,1,False,0.4668208621442318,1.0,0.035390764474868774,1.0,7.0,0.638863039278917,0.6022083151490263,0.8790194988250732,0.2,model_replace,True,False,10101.108749186335,2.197548747062683,0.5354453261373834
AgriTrust-ACFL,2,4,1,False,0.5678989887237549,0.37630060213094885,0.33889150619506836,1.0,7.0,0.542242691383037,0.6685432073456412,0.45575547218322754,0.2,model_replace,True,False,328.2371165759017,2.197548747062683,0.5354453261373834
AgriTrust-ACFL,2,6,1,True,0.737483337521553,0.05642568267602017,0.4674816131591797,1.0,7.0,0.3512496497438347,0.6368301483053982,6.0685200691223145,0.2,model_replace,True,False,417.4305336110986,2.197548747062683,0.5354453261373834
AgriTrust-ACFL,2,7,1,False,0.7874129414558411,0.6914446852626599,0.2978377342224121,1.0,7.0,0.7839745255254618,0.7743692184512274,1.126396656036377,0.2,model_replace,True,False,4619.614943287132,2.197548747062683,0.5354453261373834
AgriTrust-ACFL,2,9,1,False,0.5276242569088936,0.6703210434452596,0.33889150619506836,1.0,7.0,0.5991827681238417,0.7620132542841922,0.6718153357505798,0.2,model_replace,True,False,527.6668776848066,2.197548747062683,0.5354453261373834
AgriTrust-ACFL,3,1,0,False,0.5790159851312637,0.8023638960708467,0.7054970264434814,1.0,9.0,0.6633371406324157,0.7180406087191529,1.3409209251403809,0.2,model_replace,True,False,14524.525433171024,2.921379506587982,0.5260384878846297
AgriTrust-ACFL,3,2,2,False,0.4046125262975693,0.8689793176166413,0.3118835985660553,1.0,9.0,0.5774979272757539,0.7388684870455398,1.2757306098937988,0.2,model_replace,True,False,3695.2389667745947,2.921379506587982,0.5260384878846297
AgriTrust-ACFL,3,3,0,False,0.6905605494976044,0.8048177658834028,0.8523152470588684,1.0,9.0,0.7424126426804099,0.6372593970318722,1.02028489112854,0.2,model_replace,True,False,16763.74569832043,2.921379506587982,0.5260384878846297
AgriTrust-ACFL,3,4,1,False,0.8093869686126709,0.30977729707469304,0.5439053773880005,1.0,9.0,0.6215626660317815,0.6567980720171762,0.561851441860199,0.2,model_replace,True,False,322.47056429977346,2.921379506587982,0.5260384878846297
AgriTrust-ACFL,3,5,0,False,0.8089458346366882,0.10733067635056734,0.5439053773880005,1.0,9.0,0.44657579771652645,0.5294494890004364,0.289720356464386,0.2,model_replace,True,False,244.0762144292012,2.921379506587982,0.5260384878846297
AgriTrust-ACFL,3,6,2,True,0.4170225188136101,0.07198149660942779,0.3118835985660553,1.0,9.0,0.27616149613404173,0.5466629852625591,6.049692153930664,0.2,model_replace,True,False,228.4797682604862,2.921379506587982,0.5260384878846297
AgriTrust-ACFL,3,7,2,False,0.7105228900909424,1.0,0.3458453416824341,1.0,9.0,0.8276205333831775,0.787682047184215,1.1685518026351929,0.2,model_replace,True,False,2996.236750566241,2.921379506587982,0.5260384878846297
AgriTrust-ACFL,3,8,1,False,0.6711105108261108,0.6703211187763388,0.8523152470588684,1.0,9.0,0.6854483079025382,0.5757000418077212,1.5003690719604492,0.2,model_replace,True,False,9656.473653592515,2.921379506587982,0.5260384878846297
AgriTrust-ACFL,3,9,0,False,0.54982940107584,0.4880726283539346,0.7054970264434814,1.0,9.0,0.5572711470911889,0.7108277274859414,0.7464351654052734,0.2,model_replace,True,False,771.9589120497324,2.921379506587982,0.5260384878846297
AgriTrust-ACFL,4,2,1,False,0.5145340552553535,1.0,0.48297739028930664,1.0,7.0,0.6874699796143319,0.7260188601877378,1.0164475440979004,0.2,model_replace,True,False,5694.502715591727,2.541118860244751,0.5109053080980398
AgriTrust-ACFL,4,3,0,False,0.6446242481470108,0.6703205409315163,0.635708212852478,1.0,7.0,0.6766725067537048,0.6471126744623303,0.5912761092185974,0.2,model_replace,True,False,17022.94601440606,2.541118860244751,0.5109053080980398
AgriTrust-ACFL,4,4,0,False,0.5250008329749107,0.5477187787220904,0.48297739028930664,1.0,7.0,0.581218482034768,0.6379031745215742,0.44974860548973083,0.2,model_replace,True,False,491.1854443816121,2.541118860244751,0.5109053080980398
AgriTrust-ACFL,4,5,0,False,0.7868174016475677,0.37479184971132706,0.2880479097366333,1.0,7.0,0.6400148437187376,0.5570908276800117,0.26902809739112854,0.2,model_replace,True,False,256.8188715604854,2.541118860244751,0.5109053080980398
AgriTrust-ACFL,4,6,1,True,0.6289196163415909,0.29171377678690363,0.2092990279197693,1.0,7.0,0.5267730472222282,0.5416905007524764,5.3924150466918945,0.2,model_replace,True,False,355.06823190275884,2.541118860244751,0.5109053080980398
AgriTrust-ACFL,4,7,2,False,0.7254110276699066,0.7331119844821594,0.33371132612228394,1.0,7.0,0.7626683020497301,0.7814286109005938,1.5477733612060547,0.2,model_replace,True,False,2972.449518551382,2.541118860244751,0.5109053080980398
AgriTrust-ACFL,4,8,2,False,0.5749991238117218,0.7453559760152618,0.635708212852478,1.0,7.0,0.6499488617978442,0.5942622468052519,1.513436198234558,0.2,model_replace,True,False,6355.766340328645,2.541118860244751,0.5109053080980398
AgriTrust-ACFL,5,0,3,True,0.5728781521320343,0.3761591313702723,0.4430195093154907,1.0,8.0,0.5350705506417642,0.5472292455837342,8.517520904541016,0.2,model_replace,True,False,1047.2389573698983,2.8962989151477814,0.47651047466372587
AgriTrust-ACFL,5,2,0,False,0.7174650877714157,0.7593163640743433,0.44357553124427795,1.0,8.0,0.7599643546931156,0.7345052338140823,1.9179221391677856,0.2,model_replace,True,False,9035.148881147026,2.8962989151477814,0.47651047466372587
AgriTrust-ACFL,5,3,3,False,0.3260553181171417,0.8258357828336237,0.4641469717025757,1.0,8.0,0.49516899063820274,0.6091267535062984,1.6047968864440918,0.2,model_replace,True,False,4153.985151553001,2.8962989151477814,0.47651047466372587
AgriTrust-ACFL,5,4,1,False,0.7192433476448059,0.6633904115107047,0.6305004358291626,1.0,8.0,0.7319756049291759,0.6614212821234746,0.44742730259895325,0.2,model_replace,True,False,324.7404387640448,2.8962989151477814,0.47651047466372587
AgriTrust-ACFL,5,5,1,False,0.6706608682870865,0.5132817779211607,0.12503322958946228,1.0,8.0,0.6441777422115108,0.5788625563128865,0.25956347584724426,0.2,model_replace,True,False,170.15466750125148,2.8962989151477814,0.47651047466372587
AgriTrust-ACFL,5,6,4,True,0.689550369977951,0.4465667545857286,0.4430195093154907,1.0,8.0,0.6296313596283869,0.563675715471454,5.917698860168457,0.2,model_replace,True,False,95.78386821931697,2.8962989151477814,0.47651047466372587
AgriTrust-ACFL,5,8,0,False,0.4330645576119423,0.6773227042622528,0.4641469717025757,1.0,8.0,0.5403756349785598,0.5807905938485789,0.4676074683666229,0.2,model_replace,True,False,15278.277361780716,2.8962989151477814,0.47651047466372587
AgriTrust-ACFL,5,9,2,False,0.6341992616653442,0.8258357828336237,0.6305004358291626,1.0,8.0,0.7058104858742644,0.7095734170830221,0.7122422456741333,0.2,model_replace,True,False,313.3012507004385,2.8962989151477814,0.47651047466372587
AgriTrust-ACFL,6,0,0,True,0.8327732086181641,0.5136183303572389,0.8739621639251709,1.0,7.0,0.721684183462855,0.5908429800535144,12.874242782592773,0.2,model_replace,True,False,4361.602878755043,3.9200541377067566,0.4901294126288373
AgriTrust-ACFL,6,1,4,False,0.4086609333753586,0.8541596117786148,0.25361865758895874,1.0,7.0,0.5580261143993843,0.6780369851392107,0.9528332352638245,0.2,model_replace,True,False,2267.1291535707496,3.9200541377067566,0.4901294126288373
AgriTrust-ACFL,6,2,0,False,0.8379635512828827,0.9988573537522593,0.8739621639251709,1.0,7.0,0.8986712163246899,0.7755467294417342,1.5736968517303467,0.2,model_replace,True,False,9540.000318862772,3.9200541377067566,0.4901294126288373
AgriTrust-ACFL,6,5,1,False,0.7453749775886536,0.5781420356356339,0.3662218451499939,1.0,7.0,0.707520191472812,0.6110269651028679,0.2775788903236389,0.2,model_replace,True,False,179.6092853951672,3.9200541377067566,0.4901294126288373
AgriTrust-ACFL,6,6,0,True,0.7834714949131012,0.6524958378058204,0.3073417544364929,1.0,7.0,0.7568245653344078,0.6119629279371924,6.0434136390686035,0.2,model_replace,True,False,629.0978899194338,3.9200541377067566,0.4901294126288373
AgriTrust-ACFL,6,7,4,False,0.5056254407390952,1.0,0.12945809960365295,1.0,7.0,0.6863872713254587,0.7576682760068101,1.5680216550827026,0.2,model_replace,True,False,1171.761566606857,3.9200541377067566,0.4901294126288373
AgriTrust-ACFL,6,8,1,False,0.4056583046913147,0.6703202581637393,0.25361865758895874,1.0,7.0,0.5196680580045683,0.5655099598875762,0.44300442934036255,0.2,model_replace,True,False,9485.550863174005,3.9200541377067566,0.4901294126288373
AgriTrust-ACFL,7,0,0,True,0.6392904072999954,0.3623897900633771,0.3481605648994446,1.0,8.0,0.5620204424661802,0.5836373456566809,6.044872283935547,0.2,model_replace,True,False,4308.410885637619,2.44660384953022,0.5164255642339624
AgriTrust-ACFL,7,1,0,False,0.627014234662056,0.8630204624583436,0.2835986614227295,1.0,8.0,0.7083566811454364,0.6856169091407671,1.2361514568328857,0.2,model_replace,True,False,13868.658838099438,2.44660384953022,0.5164255642339624
AgriTrust-ACFL,7,2,2,False,0.7991105914115906,0.6721068272876555,0.6402295827865601,1.0,8.0,0.7773941166634974,0.7760085762471751,1.9529383182525635,0.2,model_replace,True,False,3880.98447799019,2.44660384953022,0.5164255642339624
AgriTrust-ACFL,7,4,3,False,0.8631423115730286,0.6685387458752288,0.7469487190246582,1.0,8.0,0.8110869781012361,0.698837706117915,0.4520319700241089,0.2,model_replace,True,False,139.4984891940526,2.44660384953022,0.5164255642339624
AgriTrust-ACFL,7,5,0,False,0.4192297160625458,0.527448211682914,0.19364845752716064,1.0,8.0,0.5015623272268157,0.5836608056338548,0.2929959297180176,0.2,model_replace,True,False,269.06763139720704,2.44660384953022,0.5164255642339624
AgriTrust-ACFL,7,6,1,True,0.6693117618560791,0.35872811001755656,0.35965263843536377,1.0,8.0,0.5800085698865104,0.6039743384245219,6.158214092254639,0.2,model_replace,True,False,395.8941501856364,2.44660384953022,0.5164255642339624
AgriTrust-ACFL,7,8,1,False,0.30483806133270264,0.720483504647044,0.19364845752716064,1.0,8.0,0.45381451589519856,0.5375860988894818,0.5183375477790833,0.2,model_replace,True,False,9017.171484239136,2.44660384953022,0.5164255642339624
AgriTrust-ACFL,7,9,3,False,0.8746604025363922,0.8630204624583436,0.7469487190246582,1.0,8.0,0.8535203468084658,0.7455601495143831,0.7211316227912903,0.2,model_replace,True,False,209.9012193312062,2.44660384953022,0.5164255642339624
AgriTrust-ACFL,8,0,4,True,0.5360152199864388,0.015129760581649195,0.7063376903533936,1.0,10.0,0.19672626959199468,0.4869095766405093,13.655983924865723,0.2,model_replace,False,False,0.0,2.658343017101288,0.5258149709383992
AgriTrust-ACFL,8,1,1,False,0.6460958123207092,0.7536207932137403,0.41519272327423096,1.0,10.0,0.6914364456483855,0.6870717932676718,1.2632691860198975,0.2,model_replace,True,False,8861.812311861035,2.658343017101288,0.5258149709383992
AgriTrust-ACFL,8,2,0,False,0.5966453179717064,0.9964552043832847,0.7063376903533936,1.0,10.0,0.745001648872239,0.768256844403441,1.0656384229660034,0.2,model_replace,True,False,9450.327443006729,2.658343017101288,0.5258149709383992
AgriTrust-ACFL,8,3,0,False,0.585882768034935,0.9975228872920212,0.8821445107460022,1.0,10.0,0.7233489935535731,0.6376823135181171,1.0617308616638184,0.2,model_replace,True,False,16774.87093940759,2.658343017101288,0.5258149709383992
AgriTrust-ACFL,8,4,1,False,0.750129759311676,0.3252902582690881,0.43473732471466064,1.0,10.0,0.6049095838139305,0.6753556755419188,0.5365349054336548,0.2,model_replace,True,False,331.58185913396215,2.658343017101288,0.5258149709383992
AgriTrust-ACFL,8,5,0,False,0.7345556318759918,0.12130547454297985,0.5565483570098877,1.0,10.0,0.4393392765344941,0.5475804233590147,0.29421716928482056,0.2,model_replace,True,False,252.43457516850577,2.658343017101288,0.5258149709383992
AgriTrust-ACFL,8,6,3,True,0.41279731690883636,0.05483053048226699,0.3052957057952881,1.0,10.0,0.2530877628134359,0.5162526945217504,6.233382225036621,0.2,model_replace,False,False,0.0,2.658343017101288,0.5258149709383992
AgriTrust-ACFL,8,7,1,False,0.7665397226810455,0.9975228872920212,0.5565483570098877,1.0,10.0,0.862252064961185,0.7838142232454038,1.064943552017212,0.2,model_replace,True,False,4675.96052656569,2.658343017101288,0.5258149709383992
AgriTrust-ACFL,8,8,0,False,0.5328767821192741,0.793936277348129,0.8821445107460022,1.0,10.0,0.6352337271949748,0.5619980059658551,0.923911988735199,0.2,model_replace,True,False,14783.919544937786,2.658343017101288,0.5258149709383992
AgriTrust-ACFL,8,9,3,False,0.5221394430845976,0.5962288243212583,0.4680505394935608,1.0,10.0,0.5751780588722184,0.7029646268538419,0.7760255336761475,0.2,model_replace,True,False,197.90909213620895,2.658343017101288,0.5258149709383992
AgriTrust-ACFL,9,0,2,True,0.6104030311107635,0.0913039510808393,0.31723079085350037,1.0,8.0,0.36232756014539536,0.4557640725167308,5.833152770996094,0.2,model_replace,False,False,0.0,2.859383672475815,0.5271517061779163
AgriTrust-ACFL,9,1,2,False,0.6734009087085724,0.8992427502685039,0.2563713788986206,1.0,8.0,0.7458589644075138,0.7017685860526324,1.2264232635498047,0.2,model_replace,True,False,5771.40876683776,2.859383672475815,0.5271517061779163
AgriTrust-ACFL,9,2,2,False,0.6606858670711517,0.6155677833883514,0.3089108467102051,1.0,8.0,0.6819554329331996,0.7466814915358806,0.8194630146026611,0.2,model_replace,True,False,3734.3134694046043,2.859383672475815,0.5271517061779163
AgriTrust-ACFL,9,3,2,False,0.5442635081708431,0.7382407029339334,0.8828537464141846,1.0,8.0,0.6346431360393288,0.63692251914842,1.4029875993728638,0.2,model_replace,True,False,6812.027400972494,2.859383672475815,0.5271517061779163
AgriTrust-ACFL,9,6,0,True,0.593527190387249,0.08503237464105455,0.31723079085350037,1.0,8.0,0.35251432446087294,0.475318102006531,6.123132705688477,0.2,model_replace,False,False,0.0,2.859383672475815,0.5271517061779163
AgriTrust-ACFL,9,7,2,False,0.6217759773135185,0.8992427502685039,0.27878355979919434,1.0,8.0,0.744946469799721,0.7740972848839831,1.0610836744308472,0.2,model_replace,True,False,2944.5621387134433,2.859383672475815,0.5271517061779163
AgriTrust-ACFL,9,8,1,False,0.5039959596469998,0.7299444421346544,0.8828537464141846,1.0,8.0,0.600723937046104,0.5716794887359173,0.9204282164573669,0.2,model_replace,True,False,9589.035123123012,2.859383672475815,0.5271517061779163
AgriTrust-ACFL,9,9,4,False,0.5907740220427513,0.5749221124727637,0.3089108467102051,1.0,8.0,0.6089201038960189,0.6794534961143861,0.7821739315986633,0.2,model_replace,True,False,121.97181755149221,2.859383672475815,0.5271517061779163
AgriTrust-ACFL,10,0,0,True,0.683294951915741,0.1198136398875706,0.3617807924747467,1.0,9.0,0.4182651866349539,0.4463893510462866,13.451251983642578,0.2,model_replace,False,False,0.0,1.6322410106658936,0.5022810302328957
AgriTrust-ACFL,10,1,3,False,0.5927437096834183,0.6421266484002821,0.36588358879089355,1.0,9.0,0.6285012257604679,0.6834517459795912,1.2278623580932617,0.2,model_replace,True,False,3583.960806931571,1.6322410106658936,0.5022810302328957
AgriTrust-ACFL,10,3,4,False,0.42879557609558105,0.9362925119971656,0.7226206660270691,1.0,9.0,0.5977729380944475,0.6271351238849269,0.5944033265113831,0.2,model_replace,True,False,2727.0046173703417,1.6322410106658936,0.5022810302328957
AgriTrust-ACFL,10,4,0,False,0.7427038848400116,0.8080917153864909,0.38005340099334717,1.0,9.0,0.7904437312571422,0.7041276894707246,0.4818328320980072,0.2,model_replace,True,False,542.1783208924579,1.6322410106658936,0.5022810302328957
AgriTrust-ACFL,10,5,0,False,0.784477025270462,0.5435760576495283,0.277792751789093,1.0,9.0,0.714363984533273,0.5892763136525793,0.2737557888031006,0.2,model_replace,True,False,271.65638059383906,1.6322410106658936,0.5022810302328957
AgriTrust-ACFL,10,6,2,True,0.5509832724928856,0.2123562309130828,0.27002131938934326,1.0,9.0,0.4453021240499531,0.46781410751738656,5.947760105133057,0.2,model_replace,False,False,0.0,1.6322410106658936,0.5022810302328957
AgriTrust-ACFL,10,7,6,False,0.7195238620042801,0.670320516153058,0.3617807924747467,1.0,9.0,0.7391335755277388,0.765356357544922,1.1548899412155151,0.2,model_replace,True,False,481.23677318862997,1.6322410106658936,0.5022810302328957
AgriTrust-ACFL,10,8,0,False,0.36630985140800476,0.8515136394458789,0.7226206660270691,1.0,9.0,0.5278704213562343,0.5607272218909966,0.5191674828529358,0.2,model_replace,True,False,14750.490299064555,1.6322410106658936,0.5022810302328957
AgriTrust-ACFL,10,9,2,False,0.7596893310546875,1.0,0.38005340099334717,1.0,9.0,0.8255543299081401,0.7159787045628246,0.6528964042663574,0.2,model_replace,True,False,316.1294070690461,1.6322410106658936,0.5022810302328957
RawTrust,1,0,0,True,0.7817873358726501,0.6703208310020985,0.8196964263916016,1.0,7.0,0.755003361136564,0.7736918268380414,2.2240495681762695,0.2,gaussian,,,,,
RawTrust,1,1,0,False,0.8518438935279846,1.0,0.7128185033798218,1.0,7.0,0.8762763776512233,0.8385780531039989,1.5805162191390991,0.2,gaussian,,,,,
RawTrust,1,2,0,False,0.8352018892765045,0.6886963692359653,0.8196964263916016,1.0,7.0,0.8023606382237621,0.7918866035256478,2.1732754707336426,0.2,gaussian,,,,,
RawTrust,1,4,0,False,0.8992158472537994,0.2490631978441244,0.7556198835372925,1.0,7.0,0.616882105304505,0.5351738796949504,0.48225727677345276,0.2,gaussian,,,,,
RawTrust,1,5,0,False,0.6570797562599182,0.12793162698221633,0.1358092874288559,1.0,7.0,0.4198611143725575,0.3779780908015193,0.27302640676498413,0.2,gaussian,,,,,
RawTrust,1,8,0,False,0.2142653465270996,0.9232208559039915,-0.12136932462453842,1.0,7.0,0.4026876989968624,0.4864714454248885,1.6921005249023438,0.2,gaussian,,,,,
RawTrust,1,9,0,False,0.9191218614578247,0.42519907577812865,0.7556198835372925,1.0,7.0,0.7092980091789213,0.6937654525970356,0.7614408135414124,0.2,gaussian,,,,,
RawTrust,2,0,0,True,0.8215014934539795,0.2203938588130729,0.6379562616348267,1.0,7.0,0.5557247848800856,0.7192000663485524,1.9872095584869385,0.2,gaussian,,,,,
RawTrust,2,2,0,False,0.8916624784469604,0.7994287536732717,0.6379562616348267,1.0,7.0,0.8698015346439381,0.8113653363052202,1.6357555389404297,0.2,gaussian,,,,,
RawTrust,2,3,1,False,0.24995538592338562,0.8501134713095057,-0.1430806964635849,1.0,7.0,0.4315613731332098,0.5244014907235129,1.620637059211731,0.2,gaussian,,,,,
RawTrust,2,4,1,False,0.7762427926063538,0.0003702572926301781,0.7561544179916382,1.0,7.0,0.08067405492816761,0.42154892350325474,0.47940388321876526,0.2,gaussian,,,,,
RawTrust,2,6,1,True,0.6749034821987152,0.6703244837514523,0.19870328903198242,1.0,7.0,0.7028741623880702,0.6103149175023963,1.4886524677276611,0.2,gaussian,,,,,
RawTrust,2,7,1,False,0.7924605011940002,1.0,0.46825578808784485,1.0,7.0,0.8788221818319859,0.8364064019207188,1.5813688039779663,0.2,gaussian,,,,,
RawTrust,2,9,1,False,0.8108729124069214,0.007541326685929153,0.7561544179916382,1.0,7.0,0.19749413686898978,0.5696976236650242,0.7558212876319885,0.2,gaussian,,,,,
RawTrust,3,1,0,False,0.7014745771884918,0.870016838072212,0.6670198440551758,1.0,9.0,0.7552799545302462,0.8177535284605607,1.7024365663528442,0.2,gaussian,,,,,
RawTrust,3,2,2,False,0.5980925261974335,0.48308300334808746,0.4235590994358063,1.0,9.0,0.6003508135625009,0.7586117056195403,2.1761720180511475,0.2,gaussian,,,,,
RawTrust,3,3,0,False,0.4688003212213516,0.6703216523690199,0.8143081068992615,1.0,9.0,0.5679412879022913,0.5352864400182075,1.8981375694274902,0.2,gaussian,,,,,
RawTrust,3,4,1,False,0.7552726864814758,0.04189239727449073,0.37450093030929565,1.0,9.0,0.32830823269942466,0.3982387508022972,0.42741987109184265,0.2,gaussian,,,,,
RawTrust,3,5,0,False,0.7686820030212402,0.014774711525911598,0.37450093030929565,1.0,9.0,0.23951831314111377,0.3433631463864179,0.27668049931526184,0.2,gaussian,,,,,
RawTrust,3,6,2,True,0.5940388441085815,0.8809357400784692,0.18534556031227112,1.0,9.0,0.7111980705292552,0.635535705759111,1.5235657691955566,0.2,gaussian,,,,,
RawTrust,3,7,2,False,0.7011068761348724,1.0,0.4235590994358063,1.0,9.0,0.8215701299245315,0.832697333921672,1.6063342094421387,0.2,gaussian,,,,,
RawTrust,3,8,1,False,0.43714039772748947,0.7980759286224561,0.8143081068992615,1.0,9.0,0.570568639846962,0.5074957440304069,1.764870047569275,0.2,gaussian,,,,,
RawTrust,3,9,0,False,0.697800800204277,0.16732389001726775,0.6670198440551758,1.0,9.0,0.4608032517131617,0.5424740306770586,0.7617766261100769,0.2,gaussian,,,,,
RawTrust,4,2,1,False,0.5805257633328438,0.7471507191440669,0.4943564832210541,1.0,7.0,0.6731320346875481,0.7372417878865423,1.6851119995117188,0.2,gaussian,,,,,
RawTrust,4,3,0,False,0.5259300526231527,0.6059142400546301,0.8027198314666748,1.0,7.0,0.5869604829177569,0.5482049507430948,1.8097577095031738,0.2,gaussian,,,,,
RawTrust,4,4,0,False,0.6096611768007278,0.034869830438001806,0.4943564832210541,1.0,7.0,0.2761962504050691,0.3677281257029902,0.4865233600139618,0.2,gaussian,,,,,
RawTrust,4,5,0,False,0.7816216945648193,0.006381311831521904,0.23489230871200562,1.0,7.0,0.1879072134150089,0.3044991631435656,0.27284330129623413,0.2,gaussian,,,,,
RawTrust,4,6,1,True,0.678867757320404,0.9263721817766234,0.20816579461097717,1.0,7.0,0.7770100538050319,0.6709042927705912,1.486627459526062,0.2,gaussian,,,,,
RawTrust,4,7,2,False,0.7304168045520782,1.0,0.23489230871200562,1.0,7.0,0.840286202583955,0.8345945510872428,1.5258586406707764,0.2,gaussian,,,,,
RawTrust,4,8,2,False,0.5045906910672784,0.6703220142178656,0.8027198314666748,1.0,7.0,0.5859421484127473,0.527107345125992,1.748551607131958,0.2,gaussian,,,,,
RawTrust,5,0,3,True,0.7185216248035431,0.7993084188794047,0.6105618476867676,1.0,8.0,0.7598389519583066,0.729359787750991,1.8109753131866455,0.2,gaussian,,,,,
RawTrust,5,2,0,False,0.7945074141025543,0.5737768238216732,0.6105618476867676,1.0,8.0,0.739014135028806,0.7376848746721082,2.3725593090057373,0.2,gaussian,,,,,
RawTrust,5,3,3,False,0.24709314107894897,0.7831094746483179,0.544355571269989,1.0,8.0,0.4184034389024616,0.5157545727829366,1.8414394855499268,0.2,gaussian,,,,,
RawTrust,5,4,1,False,0.8130082488059998,0.24928436829642303,0.7923489212989807,1.0,8.0,0.5837741607822413,0.42173963447280294,0.48650529980659485,0.2,gaussian,,,,,
RawTrust,5,5,1,False,0.714635819196701,0.12066298840052919,0.19614623486995697,1.0,8.0,0.4320571349190141,0.33638865608742774,0.26936075091362,0.2,gaussian,,,,,
RawTrust,5,6,4,True,0.6782042980194092,0.7993084188794047,0.2136395126581192,1.0,8.0,0.742970804614399,0.6889209207315432,1.2571306228637695,0.2,gaussian,,,,,
RawTrust,5,8,0,False,0.35593855381011963,0.7917884402220741,0.544355571269989,1.0,8.0,0.5083842998726191,0.5224265838126487,1.824976921081543,0.2,gaussian,,,,,
RawTrust,5,9,2,False,0.8153994679450989,0.40476506874896934,0.7923489212989807,1.0,8.0,0.6543505704218594,0.5704431656132588,0.7221120595932007,0.2,gaussian,,,,,
RawTrust,6,0,0,True,0.8175134360790253,0.2088850321178761,0.7826005220413208,1.0,7.0,0.5453931940982493,0.6833681393378055,2.442354202270508,0.2,gaussian,,,,,
RawTrust,6,1,4,False,0.6485103964805603,0.6703224258427191,0.2425166219472885,1.0,7.0,0.6689328742517634,0.7805483649083613,1.403834581375122,0.2,gaussian,,,,,
RawTrust,6,2,0,False,0.8428865671157837,0.27720623040794573,0.7826005220413208,1.0,7.0,0.6137477157641584,0.7067005849451207,2.2552390098571777,0.2,gaussian,,,,,
RawTrust,6,5,1,False,0.8169360160827637,0.0022342448058133403,0.40861326456069946,1.0,7.0,0.14052868421841738,0.28742366312017514,0.28156277537345886,0.2,gaussian,,,,,
RawTrust,6,6,0,True,0.7076480239629745,0.8063869278304348,0.1726190447807312,1.0,7.0,0.7625559148523946,0.7073296692617561,1.478845238685608,0.2,gaussian,,,,,
RawTrust,6,7,4,False,0.6359674483537674,1.0,0.14251863956451416,1.0,7.0,0.7786683174474462,0.8206129926772937,1.5712549686431885,0.2,gaussian,,,,,
RawTrust,6,8,1,False,0.2932038754224777,0.8775718479152363,-0.03901829570531845,1.0,7.0,0.47128244072851655,0.5096405480416157,1.6301300525665283,0.2,gaussian,,,,,
RawTrust,7,0,0,True,0.7642345428466797,0.731038376847766,0.7091251015663147,1.0,8.0,0.7652829561303377,0.7038468435359385,1.733147144317627,0.2,gaussian,,,,,
RawTrust,7,1,0,False,0.7645913362503052,0.92518246381266,0.5827389359474182,1.0,8.0,0.806672903407538,0.7870794995331555,1.3477424383163452,0.2,gaussian,,,,,
RawTrust,7,2,2,False,0.845355749130249,0.546987920988462,0.7091251015663147,1.0,8.0,0.753773771070517,0.7184688814764698,2.362358570098877,0.2,gaussian,,,,,
RawTrust,7,4,3,False,0.8680580258369446,0.4171443582832422,0.7741304636001587,1.0,8.0,0.7062717888128756,0.4928726730578211,0.4875970482826233,0.2,gaussian,,,,,
RawTrust,7,5,0,False,0.4546666219830513,0.23612900704735235,0.06893535703420639,1.0,8.0,0.4120959263877566,0.3185917289370705,0.26555413007736206,0.2,gaussian,,,,,
RawTrust,7,6,1,True,0.6775421500205994,0.92518246381266,0.2635186016559601,1.0,8.0,0.7758760192948039,0.7244662567700181,1.141505479812622,0.2,gaussian,,,,,
RawTrust,7,8,1,False,0.26017293334007263,0.8234942224863725,0.06893535703420639,1.0,8.0,0.4329576772207786,0.49046983033640645,1.526178240776062,0.2,gaussian,,,,,
RawTrust,7,9,3,False,0.8965117037296295,0.614645988361141,0.7741304636001587,1.0,8.0,0.781428308011045,0.6231894512127054,0.7376042008399963,0.2,gaussian,,,,,
RawTrust,8,0,4,True,0.7269477546215057,0.46984262306373176,0.7409213781356812,1.0,10.0,0.6520453567856217,0.6908964718483593,2.1800920963287354,0.2,gaussian,,,,,
RawTrust,8,1,1,False,0.6685025691986084,0.9986985879887388,0.4890112280845642,1.0,10.0,0.7666199581246995,0.7819646141810415,1.3533391952514648,0.2,gaussian,,,,,
RawTrust,8,2,0,False,0.7646151185035706,0.7134930124297145,0.7409213781356812,1.0,10.0,0.7724786257686301,0.73197131754951,1.675506830215454,0.2,gaussian,,,,,
RawTrust,8,3,0,False,0.3604573458433151,0.6356989369580611,0.8206189274787903,1.0,10.0,0.4837491356976022,0.507753213511603,1.8019373416900635,0.2,gaussian,,,,,
RawTrust,8,4,1,False,0.7585405111312866,0.164859612914393,0.4890112280845642,1.0,10.0,0.49637139097597677,0.49374735253736,0.434955894947052,0.2,gaussian,,,,,
RawTrust,8,5,0,False,0.5813269466161728,0.08538348055252062,0.4127429127693176,1.0,10.0,0.34766881347977946,0.3258610000727477,0.2873375117778778,0.2,gaussian,,,,,
RawTrust,8,6,3,True,0.620872899889946,0.9831324251664565,0.223433256149292,1.0,10.0,0.7530854026073452,0.7316210432293498,1.3400088548660278,0.2,gaussian,,,,,
RawTrust,8,7,1,False,0.7185819298028946,0.9986985879887388,0.3574460744857788,1.0,10.0,0.8324451124487241,0.8235710226201512,1.3555620908737183,0.2,gaussian,,,,,
RawTrust,8,8,0,False,0.3284594416618347,0.7068289156218631,0.8206189274787903,1.0,10.0,0.47012394363851956,0.48538335866193477,1.685443639755249,0.2,gaussian,,,,,
RawTrust,8,9,3,False,0.6951533108949661,0.4191916435054094,0.48376134037971497,1.0,10.0,0.6057089028294752,0.6188193141168978,0.7831317782402039,0.2,gaussian,,,,,
RawTrust,9,0,2,True,0.7493315637111664,0.47325539858486776,0.6553486585617065,1.0,8.0,0.6644536797019914,0.6842857738117674,1.9709736108779907,0.2,gaussian,,,,,
RawTrust,9,1,2,False,0.6453093588352203,0.5764294679275821,0.4774726629257202,1.0,8.0,0.6375868167796132,0.7458701648306844,1.3023450374603271,0.2,gaussian,,,,,
RawTrust,9,2,2,False,0.7597644329071045,0.7553298602638229,0.6553486585617065,1.0,8.0,0.7830516216050835,0.7447413935634033,1.697911024093628,0.2,gaussian,,,,,
RawTrust,9,3,2,False,0.33884984254837036,0.673726878144059,0.8453592658042908,1.0,8.0,0.47579984131174763,0.49976487046163914,1.7609747648239136,0.2,gaussian,,,,,
RawTrust,9,6,0,True,0.7058166265487671,0.7821919023230655,0.18900150060653687,1.0,8.0,0.7545424320505759,0.7373513904346564,1.4355298280715942,0.2,gaussian,,,,,
RawTrust,9,7,2,False,0.6833622455596924,0.6669346229097841,0.229797825217247,1.0,8.0,0.7173751611445909,0.7970220572512612,1.3643609285354614,0.2,gaussian,,,,,
RawTrust,9,8,1,False,0.33545082807540894,0.7821919023230655,0.8453592658042908,1.0,8.0,0.4902786570516928,0.4866071832593743,1.6790896654129028,0.2,gaussian,,,,,
RawTrust,9,9,4,False,0.7185767740011215,0.11741842179326674,0.5390329360961914,1.0,8.0,0.42109197300155166,0.5693874788380613,0.7839859127998352,0.2,gaussian,,,,,
RawTrust,10,0,0,True,0.678330808877945,0.46308908255607106,0.36844491958618164,1.0,9.0,0.6249676452693691,0.6694562416761678,2.0377044677734375,0.2,gaussian,,,,,
RawTrust,10,1,3,False,0.7482011616230011,1.0,0.5689891576766968,1.0,9.0,0.8159305688670839,0.7633852658397843,1.3259336948394775,0.2,gaussian,,,,,
RawTrust,10,3,4,False,0.3992176204919815,0.682717552091803,0.6830179691314697,1.0,9.0,0.5227725540126738,0.5055167913493979,1.6407603025436401,0.2,gaussian,,,,,
RawTrust,10,4,0,False,0.8150854408740997,0.15155163608216418,0.6895025968551636,1.0,9.0,0.503516891154931,0.49618973719175274,0.46251633763313293,0.2,gaussian,,,,,
RawTrust,10,5,0,False,0.7206336408853531,0.05920142344867524,0.32360708713531494,1.0,9.0,0.3505621038235795,0.33203627601045566,0.27369198203086853,0.2,gaussian,,,,,
RawTrust,10,6,2,True,0.6250984817743301,0.96751360381413,0.18953454494476318,1.0,9.0,0.7522772090560821,0.7410828450900128,1.3017148971557617,0.2,gaussian,,,,,
RawTrust,10,7,6,False,0.7068672478199005,0.8750565357030804,0.36030298471450806,1.0,9.0,0.7928845823238947,0.7959876885194196,1.4284863471984863,0.2,gaussian,,,,,
RawTrust,10,8,0,False,0.3305196762084961,0.6703212469395718,0.6830179691314697,1.0,9.0,0.4642977044147882,0.48102981354822777,1.6576284170150757,0.2,gaussian,,,,,
RawTrust,10,9,2,False,0.8069021105766296,0.2745645064755871,0.6895025968551636,1.0,9.0,0.5790827539926053,0.5718112976266974,0.6444426774978638,0.2,gaussian,,,,,
AgriTrust-ACFL,1,0,0,True,0.7017173171043396,0.6044119177189923,0.7385567426681519,1.0,7.0,0.6896908046913149,0.6972198589279235,1.4494678974151611,0.2,gaussian,True,False,5146.8769986059315,1.959047019481659,0.5696937976289296
AgriTrust-ACFL,1,1,0,False,0.7346200942993164,0.7944917751514738,0.48758161067962646,1.0,7.0,0.7538838850338097,0.7370787955789724,1.0378786325454712,0.2,gaussian,True,False,14909.629876971454,1.959047019481659,0.5696937976289296
AgriTrust-ACFL,1,2,0,False,0.7699837684631348,0.6703205947996332,0.7385567426681519,1.0,7.0,0.7610717505887831,0.7666986444201487,1.2773276567459106,0.2,gaussian,True,False,9431.160025012248,1.959047019481659,0.5696937976289296
AgriTrust-ACFL,1,4,0,False,0.8134329319000244,0.6063055000885375,0.42103689908981323,1.0,7.0,0.7623748239036471,0.7113049644475591,0.4252658486366272,0.2,gaussian,True,False,547.7048226246205,1.959047019481659,0.5696937976289296
AgriTrust-ACFL,1,5,0,False,0.6213138327002525,0.4359341008808746,0.35624098777770996,1.0,7.0,0.5881250050589009,0.5578011537658862,0.2842196226119995,0.2,gaussian,False,False,0.0,1.959047019481659,0.5696937976289296
AgriTrust-ACFL,1,8,0,False,0.27503514289855957,1.0,0.1644008606672287,1.0,7.0,0.47316936629898715,0.5411985866262436,0.7836188077926636,0.2,gaussian,False,False,0.0,1.959047019481659,0.5696937976289296
AgriTrust-ACFL,1,9,0,False,0.835113912820816,0.8764728570118353,0.48758161067962646,1.0,7.0,0.8359446667427262,0.8157517390617774,0.6670514941215515,0.2,gaussian,True,False,885.9063886210903,1.959047019481659,0.5696937976289296
AgriTrust-ACFL,2,0,0,True,0.7518011331558228,0.5434694363092448,0.44174304604530334,1.0,7.0,0.693864227107551,0.6963809509728304,1.2828385829925537,0.2,gaussian,True,False,5140.684180081434,2.197548747062683,0.5897116087918033
AgriTrust-ACFL,2,2,0,False,0.8069217801094055,0.9573463999045876,0.44174304604530334,1.0,7.0,0.8690684683660362,0.7922911004066205,0.8555839657783508,0.2,gaussian,True,False,9745.972826101839,2.197548747062683,0.5897116087918033
AgriTrust-ACFL,2,3,1,False,0.4584868624806404,1.0,0.0342048779129982,1.0,7.0,0.6325646451252107,0.6006337166105997,0.8790194988250732,0.2,gaussian,True,False,10074.697305383834,2.197548747062683,0.5897116087918033
AgriTrust-ACFL,2,4,1,False,0.6127664372324944,0.3466109966527624,0.33889150619506836,1.0,7.0,0.5516315093639278,0.6713866006766512,0.45575547218322754,0.2,gaussian,True,False,329.6331478540706,2.197548747062683,0.5897116087918033
AgriTrust-ACFL,2,6,1,True,0.6966358125209808,0.7821755566468768,0.3019901514053345,1.0,7.0,0.7491238026948885,0.7362986865431616,1.0236291885375977,0.2,gaussian,True,False,482.63034411723316,2.197548747062683,0.5897116087918033
AgriTrust-ACFL,2,7,1,False,0.7832113802433014,0.6703211273158737,0.2612040042877197,1.0,7.0,0.7744290451875231,0.7719828483667427,1.126396656036377,0.2,gaussian,True,False,4605.378697011037,2.197548747062683,0.5897116087918033
AgriTrust-ACFL,2,9,1,False,0.5585620477795601,0.6481496072739846,0.33889150619506836,1.0,7.0,0.6120511330115296,0.7648265875492154,0.6718153357505798,0.2,gaussian,True,False,529.6150101765913,2.197548747062683,0.5897116087918033
AgriTrust-ACFL,3,1,0,False,0.5575224161148071,0.8968234917308325,0.6496003866195679,1.0,9.0,0.6717373127154571,0.7207434248630935,1.197839617729187,0.2,gaussian,True,False,14579.197998130656,2.88093239068985,0.5493857438028176
AgriTrust-ACFL,3,2,2,False,0.40174929052591324,0.7511242601895511,0.2704922556877136,1.0,9.0,0.5506362788604979,0.7318773950200899,1.2757306098937988,0.2,gaussian,True,False,3660.2750237648593,2.88093239068985,0.5493857438028176
AgriTrust-ACFL,3,3,0,False,0.6799432188272476,0.6703219323995931,0.8720118999481201,1.0,9.0,0.6968191971191826,0.6246800867377454,0.9996839761734009,0.2,gaussian,True,False,16432.834361723133,2.88093239068985,0.5493857438028176
AgriTrust-ACFL,3,4,1,False,0.8110684156417847,0.13202357244197763,0.5871235728263855,1.0,9.0,0.48179378565394015,0.6239883969209735,0.5611976385116577,0.2,gaussian,True,False,306.3618774848584,2.88093239068985,0.5493857438028176
AgriTrust-ACFL,3,5,0,False,0.8261465728282928,0.019508174582934197,0.5871235728263855,1.0,9.0,0.2708748770898636,0.48606958459688054,0.28445929288864136,0.2,gaussian,False,False,0.0,2.88093239068985,0.5493857438028176
AgriTrust-ACFL,3,6,2,True,0.4874548316001892,1.0,0.20390766859054565,1.0,9.0,0.6626329763734701,0.7178822590007387,1.15237295627594,0.2,gaussian,True,False,300.04148185746374,2.88093239068985,0.5493857438028176
AgriTrust-ACFL,3,7,2,False,0.7151367664337158,0.961525372872734,0.3570355176925659,1.0,9.0,0.8208533024268002,0.7842004618817571,1.1685518026351929,0.2,gaussian,True,False,2982.9932675254045,2.88093239068985,0.5493857438028176
AgriTrust-ACFL,3,8,1,False,0.6701798737049103,0.5340932578649337,0.8720118999481201,1.0,9.0,0.6397989220269904,0.5658486704764303,1.4400731325149536,0.2,gaussian,True,False,9491.232206998806,2.88093239068985,0.5493857438028176
AgriTrust-ACFL,3,9,0,False,0.5135190431028605,0.26987665494811514,0.6496003866195679,1.0,9.0,0.4493156487827889,0.6859488528576088,0.7235310673713684,0.2,gaussian,True,False,744.9404542033631,2.88093239068985,0.5493857438028176
AgriTrust-ACFL,4,2,1,False,0.4905788954347372,0.946294455112997,0.4633004665374756,1.0,7.0,0.6586788701343972,0.7135777637986667,1.015265941619873,0.2,gaussian,True,False,5596.921425273478,2.378031760454178,0.5131657098636075
AgriTrust-ACFL,4,3,0,False,0.6658919006586075,0.6703206138386918,0.6478939056396484,1.0,7.0,0.6888615549684979,0.6407254537954336,0.5931921601295471,0.2,gaussian,True,False,16854.923787542673,2.378031760454178,0.5131657098636075
AgriTrust-ACFL,4,4,0,False,0.49809076567180455,0.518692393384146,0.4633004665374756,1.0,7.0,0.555490663735447,0.6068639636245918,0.4382422864437103,0.2,gaussian,True,False,467.2852519909357,2.378031760454178,0.5131657098636075
AgriTrust-ACFL,4,5,0,False,0.792229175567627,0.34118404706175864,0.35109245777130127,1.0,7.0,0.6245783151028376,0.5206967672233698,0.2672680914402008,0.2,gaussian,True,False,240.04120968997347,2.378031760454178,0.5131657098636075
AgriTrust-ACFL,4,6,1,True,0.6167406737804413,1.0,0.19104519486427307,1.0,7.0,0.7541635898722748,0.7269525917186227,0.9512127041816711,0.2,gaussian,True,False,476.5041496206808,2.378031760454178,0.5131657098636075
AgriTrust-ACFL,4,7,2,False,0.7663053274154663,0.6657003104573486,0.35109245777130127,1.0,7.0,0.7636035856201623,0.7790512428163584,1.537821888923645,0.2,gaussian,True,False,2963.4063295526316,2.378031760454178,0.5131657098636075
AgriTrust-ACFL,4,8,2,False,0.601783037185669,0.6981004319428934,0.6478939056396484,1.0,7.0,0.6534621775406994,0.5877520472424975,1.4539198875427246,0.2,gaussian,True,False,6286.1383141967135,2.378031760454178,0.5131657098636075
AgriTrust-ACFL,5,0,3,True,0.6085193306207657,0.7347421014247244,0.36222946643829346,1.0,8.0,0.6761712628771313,0.6913285289489056,1.1701686382293701,0.2,gaussian,True,False,1323.0034280865875,1.946132555603981,0.5322849194390451
AgriTrust-ACFL,5,2,0,False,0.72214275598526,0.5081683127172363,0.45697182416915894,1.0,8.0,0.676115553122575,0.7042122111296437,1.921736240386963,0.2,gaussian,True,False,8662.514409105748,1.946132555603981,0.5322849194390451
AgriTrust-ACFL,5,3,3,False,0.32547174394130707,0.5972873261845271,0.4694456458091736,1.0,8.0,0.4488615678850692,0.5927594823178425,1.5462331771850586,0.2,gaussian,True,False,4042.36732965153,1.946132555603981,0.5322849194390451
AgriTrust-ACFL,5,4,1,False,0.7229162454605103,0.6539260171019589,0.6489481925964355,1.0,8.0,0.730871634559888,0.6378658813584159,0.43645423650741577,0.2,gaussian,True,False,313.17535704313326,1.946132555603981,0.5322849194390451
AgriTrust-ACFL,5,5,1,False,0.6755396127700806,0.44173307692581154,0.06208716332912445,1.0,8.0,0.6182701176058901,0.5450901048189999,0.2574625313282013,0.2,gaussian,True,False,160.22737095740953,1.946132555603981,0.5322849194390451
AgriTrust-ACFL,5,6,4,True,0.682826429605484,0.9150022091583372,0.36222946643829346,1.0,8.0,0.7766162197219799,0.739368498719462,0.8710500001907349,0.2,gaussian,True,False,125.63886096747352,1.946132555603981,0.5322849194390451
AgriTrust-ACFL,5,8,0,False,0.4331235885620117,0.6871260972710044,0.4694456458091736,1.0,8.0,0.5427509081835262,0.5765017624777546,0.46652689576148987,0.2,gaussian,True,False,15165.455363739813,1.946132555603981,0.5322849194390451
AgriTrust-ACFL,5,9,2,False,0.647942915558815,0.9150022091583372,0.6489481925964355,1.0,8.0,0.7364914297449247,0.6985844970794377,0.68585604429245,0.2,gaussian,True,False,308.449261747522,1.946132555603981,0.5322849194390451
AgriTrust-ACFL,6,0,0,True,0.7990371584892273,0.5982393011058147,0.8012480139732361,1.0,7.0,0.7384815377327922,0.7031167811448773,1.7894643545150757,0.2,gaussian,True,False,5190.408078411484,2.644059956073761,0.5631357705174367
AgriTrust-ACFL,6,1,4,False,0.45338161289691925,0.8719426932559063,0.2401333600282669,1.0,7.0,0.5944900987890774,0.6891800933445894,0.9192094802856445,0.2,gaussian,True,False,2304.38798461906,2.644059956073761,0.5631357705174367
AgriTrust-ACFL,6,2,0,False,0.8035949468612671,0.6703207008984601,0.8012480139732361,1.0,7.0,0.7791681966126025,0.7229512075003834,1.5927555561065674,0.2,gaussian,True,False,8893.022803462216,2.644059956073761,0.5631357705174367
AgriTrust-ACFL,6,5,1,False,0.7272176444530487,0.2707576775274722,0.3688197731971741,1.0,7.0,0.5559196015347165,0.5477974789979291,0.27766335010528564,0.2,gaussian,False,False,0.0,2.644059956073761,0.5631357705174367
AgriTrust-ACFL,6,6,0,True,0.7480646669864655,1.0,0.2254907488822937,1.0,7.0,0.8386401774183259,0.764186418394178,1.0576239824295044,0.2,gaussian,True,False,785.583638109215,2.644059956073761,0.5631357705174367
AgriTrust-ACFL,6,7,4,False,0.5453567802906036,0.6830964285472373,0.12018963694572449,1.0,7.0,0.6382374962669477,0.7438478061790057,1.5622704029083252,0.2,gaussian,True,False,1150.3877069779167,2.644059956073761,0.5631357705174367
AgriTrust-ACFL,6,8,1,False,0.43371953070163727,0.4262145529245276,0.2401333600282669,1.0,7.0,0.4706591828681959,0.550041117575365,0.4417913556098938,0.2,gaussian,False,False,0.0,2.644059956073761,0.5631357705174367
AgriTrust-ACFL,7,0,0,True,0.5250568445771933,0.8689708272843761,0.11685338616371155,1.0,8.0,0.655662523056412,0.691253216622761,0.9459571838378906,0.2,gaussian,True,False,5102.8312451092215,2.038090005517006,0.5464659275809307
AgriTrust-ACFL,7,1,0,False,0.571480855345726,0.6770803734368428,0.19174566864967346,1.0,8.0,0.6258728192490178,0.6733532748206965,1.2478431463241577,0.2,gaussian,True,False,13620.590043073049,2.038090005517006,0.5464659275809307
AgriTrust-ACFL,7,2,2,False,0.7422992885112762,0.45156873105418466,0.643712043762207,1.0,8.0,0.6625392358951031,0.7078482145990634,1.9562875032424927,0.2,gaussian,True,False,3540.099965025399,2.038090005517006,0.5464659275809307
AgriTrust-ACFL,7,4,3,False,0.8120277225971222,0.578841965153269,0.7365065813064575,1.0,8.0,0.7511317234148436,0.6661823418725228,0.44116342067718506,0.2,gaussian,True,False,132.97998863743686,2.038090005517006,0.5464659275809307
AgriTrust-ACFL,7,5,0,False,0.4551635570824146,0.4023986564278359,0.18969444930553436,1.0,8.0,0.4838507306975515,0.5318107919228348,0.2946603298187256,0.2,gaussian,False,False,0.0,2.038090005517006,0.5464659275809307
AgriTrust-ACFL,7,6,1,True,0.6579911410808563,0.8975555711080673,0.3088345527648926,1.0,8.0,0.7565690412135782,0.762282074099028,0.9125753045082092,0.2,gaussian,True,False,499.6619801999958,2.038090005517006,0.5464659275809307
AgriTrust-ACFL,7,8,1,False,0.3482277989387512,0.6636284129992122,0.19174566864967346,1.0,8.0,0.4763821695360384,0.5316263805655334,0.5134479999542236,0.2,gaussian,False,False,0.0,2.038090005517006,0.5464659275809307
AgriTrust-ACFL,7,9,3,False,0.8136126399040222,0.8975555711080673,0.7365065813064575,1.0,8.0,0.8299348020541156,0.7314220733231073,0.7178966999053955,0.2,gaussian,True,False,205.9208571384586,2.038090005517006,0.5464659275809307
AgriTrust-ACFL,8,0,4,True,0.4421239383518696,0.46647686775338,0.423817902803421,1.0,10.0,0.49495255832108376,0.6421780520473416,1.9194281101226807,0.2,gaussian,True,False,783.6090297988126,3.032054156064987,0.5228468413964564
AgriTrust-ACFL,8,1,1,False,0.6059945002198219,0.9318575948585761,0.33683478832244873,1.0,10.0,0.7113866920417414,0.6828616291259577,1.2644232511520386,0.2,gaussian,True,False,8807.509857893954,3.032054156064987,0.5228468413964564
AgriTrust-ACFL,8,2,0,False,0.531901590526104,0.6070273985056804,0.423817902803421,1.0,10.0,0.6027617244922583,0.6815765920723622,0.8966653347015381,0.2,gaussian,True,False,8384.073659082127,3.032054156064987,0.5228468413964564
AgriTrust-ACFL,8,3,0,False,0.7429075092077255,0.7402144532414553,0.9261355400085449,1.0,10.0,0.7536965059747709,0.6329937382320745,1.4528127908706665,0.2,gaussian,True,False,16651.53327793295,3.032054156064987,0.5228468413964564
AgriTrust-ACFL,8,4,1,False,0.796527087688446,0.2669281133610251,0.5274295806884766,1.0,10.0,0.5891999862073569,0.6469367529562313,0.5462519526481628,0.2,gaussian,True,False,317.62891622282865,3.032054156064987,0.5228468413964564
AgriTrust-ACFL,8,5,0,False,0.8131968975067139,0.09622944856350052,0.5966218709945679,1.0,10.0,0.4334333958298703,0.5072164428995937,0.2951986789703369,0.2,gaussian,False,False,0.0,3.032054156064987,0.5228468413964564
AgriTrust-ACFL,8,6,3,True,0.43354202061891556,0.931857594858576,0.1953241229057312,1.0,10.0,0.608248658377656,0.723773720168685,1.1612200736999512,0.2,gaussian,True,False,192.8849639254014,3.032054156064987,0.5228468413964564
AgriTrust-ACFL,8,7,1,False,0.8363150358200073,0.9208652996092809,0.5966218709945679,1.0,10.0,0.883131949273771,0.778668841952697,1.2735064029693604,0.2,gaussian,True,False,4645.264987871321,3.032054156064987,0.5228468413964564
AgriTrust-ACFL,8,8,0,False,0.7012145817279816,0.8556429243695334,0.9261355400085449,1.0,10.0,0.7555425034972272,0.5876054112984568,1.3312082290649414,0.2,gaussian,True,False,15457.547949617205,3.032054156064987,0.5228468413964564
AgriTrust-ACFL,8,9,3,False,0.36253130435943604,0.47826817052042964,0.41339242458343506,1.0,10.0,0.44049128524828746,0.6586893763044023,0.7765597701072693,0.2,gaussian,True,False,185.4440628792466,3.032054156064987,0.5228468413964564
AgriTrust-ACFL,9,0,2,True,0.6284750699996948,0.9813348584938982,0.10731180012226105,1.0,8.0,0.7507043306887868,0.6693096217077029,1.2721689939498901,0.2,gaussian,True,False,2008.7971124423348,3.1759464740753174,0.5130974709074849
AgriTrust-ACFL,9,1,2,False,0.7353772968053818,0.8468920296808637,0.46168121695518494,1.0,8.0,0.7689040170245731,0.7043722261006116,1.2546837329864502,0.2,gaussian,True,False,5792.821339724671,3.1759464740753174,0.5130974709074849
AgriTrust-ACFL,9,2,2,False,0.6209356039762497,0.0017531035150732779,0.08612135052680969,1.0,8.0,0.11357790334605612,0.5395769198907856,0.7902588248252869,0.2,gaussian,True,False,2698.5393137084134,3.1759464740753174,0.5130974709074849
AgriTrust-ACFL,9,3,2,False,0.7994466722011566,0.01151929129477962,0.8766632676124573,1.0,8.0,0.22508008729064552,0.5310153254967173,1.7739371061325073,0.2,gaussian,True,False,5679.326509692838,3.1759464740753174,0.5130974709074849
AgriTrust-ACFL,9,6,0,True,0.5312927849590778,0.9813348584938982,0.12947195768356323,1.0,8.0,0.6908566766732107,0.7155444592948164,1.2685881853103638,0.2,gaussian,True,False,735.5797041550712,3.1759464740753174,0.5130974709074849
AgriTrust-ACFL,9,7,2,False,0.69960817694664,0.8640912034241394,0.38058221340179443,1.0,8.0,0.785418947434299,0.7803563683230975,1.2843343019485474,0.2,gaussian,True,False,2968.370851749592,3.1759464740753174,0.5130974709074849
AgriTrust-ACFL,9,8,1,False,0.7616188526153564,0.5305764638967878,0.8766632676124573,1.0,8.0,0.6850672984495121,0.6119708830862206,1.332053303718567,0.2,gaussian,True,False,10264.860656830646,3.1759464740753174,0.5130974709074849
AgriTrust-ACFL,9,9,4,False,0.38859033584594727,0.0015335738961503005,0.12947195768356323,1.0,8.0,0.0817199052436483,0.5144470085392138,0.7823899388313293,0.2,gaussian,True,False,92.35074515665202,3.1759464740753174,0.5130974709074849
AgriTrust-ACFL,10,0,0,True,0.566348060965538,0.3110822384016262,0.34674280881881714,1.0,9.0,0.5022544203396477,0.6275458213656891,1.7671177387237549,0.2,gaussian,True,False,4632.543253321517,1.5631292760372162,0.5026099634179378
AgriTrust-ACFL,10,1,3,False,0.5163260065019131,0.46363180290883926,0.21959075331687927,1.0,9.0,0.5283275552034781,0.6603610583763282,1.2390100955963135,0.2,gaussian,True,False,3462.8752732973257,1.5631292760372162,0.5026099634179378
AgriTrust-ACFL,10,3,4,False,0.5827400535345078,0.9256332227750361,0.7424077987670898,1.0,9.0,0.70520921829899,0.5745637986972855,0.5837060213088989,0.2,gaussian,True,False,2498.405961246783,1.5631292760372162,0.5026099634179378
AgriTrust-ACFL,10,4,0,False,0.6134846806526184,0.7166703413159635,0.21567761898040771,1.0,9.0,0.6863916752300208,0.6568004835246787,0.4648645222187042,0.2,gaussian,True,False,505.7363723140026,1.5631292760372162,0.5026099634179378
AgriTrust-ACFL,10,5,0,False,0.8156044185161591,0.39164563718616574,0.4394683241844177,1.0,9.0,0.6614607523033217,0.5457775202505257,0.2715405225753784,0.2,gaussian,True,False,251.60343683549237,1.5631292760372162,0.5026099634179378
AgriTrust-ACFL,10,6,2,True,0.5632861703634262,0.6703207994224205,0.2669922113418579,1.0,9.0,0.6363483813341082,0.6957454398046393,0.892521321773529,0.2,gaussian,True,False,290.78931835581415,1.5631292760372162,0.5026099634179378
AgriTrust-ACFL,10,7,6,False,0.7021254897117615,0.4946168759373463,0.34674280881881714,1.0,9.0,0.6656901063866548,0.7516898028389868,1.1697064638137817,0.2,gaussian,True,False,472.64358829840825,1.5631292760372162,0.5026099634179378
AgriTrust-ACFL,10,8,0,False,0.4811251275241375,0.8943011526094323,0.7424077987670898,1.0,9.0,0.6223578535717159,0.6145676257075945,0.5660932064056396,0.2,gaussian,True,False,16166.81596186398,1.5631292760372162,0.5026099634179378
AgriTrust-ACFL,10,9,2,False,0.8057913184165955,1.0,0.4394683241844177,1.0,9.0,0.8527432016222042,0.5990210568099613,0.6252517104148865,0.2,gaussian,True,False,264.48855294772255,1.5631292760372162,0.5026099634179378
RawTrust,1,0,0,True,0.8055307269096375,0.44170178443051683,0.9046608209609985,1.0,7.0,0.6772503380873596,0.7542535710757403,7.025872707366943,0.2,collusive_scale,,,,,
RawTrust,1,1,0,False,0.8446044325828552,1.0,0.7128185033798218,1.0,7.0,0.8721726069405046,0.8375521104263192,1.5805162191390991,0.2,collusive_scale,,,,,
RawTrust,1,2,0,False,0.8432656526565552,0.8399262605480872,0.9046608209609985,1.0,7.0,0.8561083715096985,0.8053235368471319,2.1732754707336426,0.2,collusive_scale,,,,,
RawTrust,1,4,0,False,0.8934335708618164,0.5219602564934227,0.7556198835372925,1.0,7.0,0.7674668194942347,0.5728200582423828,0.48225727677345276,0.2,collusive_scale,,,,,
RawTrust,1,5,0,False,0.6556451916694641,0.3822162081183511,0.1358092874288559,1.0,7.0,0.5823484760919425,0.4185999312313655,0.27302640676498413,0.2,collusive_scale,,,,,
RawTrust,1,8,0,False,0.20931434631347656,0.9633242242823993,-0.12136932462453842,1.0,7.0,0.4026468516780714,0.4864612335951908,1.6921005249023438,0.2,collusive_scale,,,,,
RawTrust,1,9,0,False,0.9208666980266571,0.6703204131858514,0.7556198835372925,1.0,7.0,0.8139332687646407,0.7199242674934655,0.7614408135414124,0.2,collusive_scale,,,,,
RawTrust,2,0,0,True,0.7784883379936218,0.33455249803870857,1.000000238418579,0.05,6.0,0.05,0.5781901783068052,7.2886247634887695,0.2,collusive_scale,,,,,
RawTrust,2,2,0,False,0.8255186378955841,0.9166884655095692,0.49287736415863037,1.0,6.0,0.8686449222620778,0.8211538832008685,1.2147709131240845,0.2,collusive_scale,,,,,
RawTrust,2,3,1,False,0.29717403650283813,0.9019753957422055,-0.21698933839797974,1.0,6.0,0.483158366539062,0.537300739074976,1.620637059211731,0.2,collusive_scale,,,,,
RawTrust,2,4,1,False,0.774275541305542,0.49642819853370795,0.7561544179916382,1.0,6.0,0.6987689693491342,0.6043072860190707,0.47940388321876526,0.2,collusive_scale,,,,,
RawTrust,2,6,1,True,0.7784883379936218,0.33455249803870857,1.000000238418579,0.05,6.0,0.05,0.4470963769053788,7.2886247634887695,0.2,collusive_scale,,,,,
RawTrust,2,7,1,False,0.7962549924850464,0.9166884655095692,0.35469305515289307,1.0,6.0,0.8584372194194569,0.8313101613175866,1.5813688039779663,0.2,collusive_scale,,,,,
RawTrust,2,9,1,False,0.7807100415229797,0.6703204882180132,0.7561544179916382,1.0,6.0,0.7432757496117232,0.7257621380230299,0.7558212876319885,0.2,collusive_scale,,,,,
RawTrust,3,1,0,False,0.7458015978336334,0.8039349713408184,0.7507895827293396,1.0,9.0,0.7628729094222835,0.8188823101753102,2.2121145725250244,0.2,collusive_scale,,,,,
RawTrust,3,2,2,False,0.4697268679738045,0.8297859365256407,0.4235590994358063,1.0,9.0,0.6182736842254306,0.7704338334570089,2.1761720180511475,0.2,collusive_scale,,,,,
RawTrust,3,3,0,False,0.6556985080242157,1.0,0.700605571269989,1.0,9.0,0.7701271420219679,0.595507339811724,1.9758347272872925,0.2,collusive_scale,,,,,
RawTrust,3,4,1,False,0.7917968034744263,0.07370375870676305,0.5627727508544922,1.0,9.0,0.3991798226464516,0.5530254201759159,0.5123550295829773,0.2,collusive_scale,,,,,
RawTrust,3,5,0,False,0.8023631572723389,0.02516948065630028,0.5627727508544922,1.0,9.0,0.28773231752380474,0.3858830278044753,0.29380154609680176,0.2,collusive_scale,,,,,
RawTrust,3,6,2,True,0.362555593252182,0.037928645980600924,0.3600400388240814,1.0,9.0,0.2109868427424668,0.3880689933646508,10.746508598327637,0.2,collusive_scale,,,,,
RawTrust,3,7,2,False,0.6332011520862579,0.6703213411082055,0.4235590994358063,1.0,9.0,0.6889634191230293,0.7957234757689473,1.6063342094421387,0.2,collusive_scale,,,,,
RawTrust,3,8,1,False,0.5545698739588261,0.8839730814979854,0.700605571269989,1.0,9.0,0.6705957213314393,0.5324948555292529,2.1060729026794434,0.2,collusive_scale,,,,,
RawTrust,3,9,0,False,0.7566643953323364,0.15714835434177185,0.7507895827293396,1.0,9.0,0.47280886424851165,0.6625238195794003,0.7581691145896912,0.2,collusive_scale,,,,,
RawTrust,4,2,1,False,0.5231460928916931,0.9934933104382156,0.43139737844467163,1.0,7.0,0.6924175966628635,0.7509297742584725,1.5220410823822021,0.2,collusive_scale,,,,,
RawTrust,4,3,0,False,0.6346047222614288,0.80454722779939,0.7503436803817749,1.0,7.0,0.7086265170777531,0.6237871341282313,1.817452311515808,0.2,collusive_scale,,,,,
RawTrust,4,4,0,False,0.5627908930182457,0.23512599018805708,0.43139737844467163,1.0,7.0,0.46855999411883686,0.5319090636616461,0.48620378971099854,0.2,collusive_scale,,,,,
RawTrust,4,5,0,False,0.7812139987945557,0.11476964890633123,0.21263684332370758,1.0,7.0,0.44698603449889257,0.4011587794780796,0.27553027868270874,0.2,collusive_scale,,,,,
RawTrust,4,6,1,True,0.6763462424278259,0.10441179235750861,0.11474557965993881,1.0,7.0,0.4028348141799666,0.3917604485684797,9.155916213989258,0.2,collusive_scale,,,,,
RawTrust,4,7,2,False,0.7172163128852844,1.0,0.21263684332370758,1.0,7.0,0.8318995778778092,0.8047675012961627,1.5299293994903564,0.2,collusive_scale,,,,,
RawTrust,4,8,2,False,0.6099771037697792,0.670320892530506,0.7503436803817749,1.0,7.0,0.6503698287663521,0.5619635988385276,2.100072145462036,0.2,collusive_scale,,,,,
RawTrust,5,0,3,True,0.465611781924963,0.6033532407513663,0.9999995231628418,0.05,7.0,0.05,0.44614263373010393,7.816401958465576,0.2,collusive_scale,,,,,
RawTrust,5,2,0,False,0.6476982086896896,0.9145079937730615,0.4051579236984253,1.0,7.0,0.7596039322189516,0.7530983137485923,2.4029159545898438,0.2,collusive_scale,,,,,
RawTrust,5,3,3,False,0.381284661591053,0.9539703683671258,0.5445327758789062,1.0,7.0,0.5635373713636325,0.6087246934370816,2.131577730178833,0.2,collusive_scale,,,,,
RawTrust,5,4,1,False,0.7956786751747131,0.6222774508110954,0.5366863012313843,1.0,7.0,0.759075711272844,0.5887007255644456,0.48567816615104675,0.2,collusive_scale,,,,,
RawTrust,5,5,1,False,0.7884505987167358,0.5047578055965773,0.33766597509384155,1.0,7.0,0.700604964212243,0.47602032566162045,0.2682453989982605,0.2,collusive_scale,,,,,
RawTrust,5,6,4,True,0.4656117856502533,0.6033532277738008,0.9999995231628418,0.05,7.0,0.05,0.30632033642635975,7.816402435302734,0.2,collusive_scale,,,,,
RawTrust,5,8,0,False,0.4842698108404875,1.0,0.5445327758789062,1.0,7.0,0.6458790286900659,0.5829424563014122,1.8649078607559204,0.2,collusive_scale,,,,,
RawTrust,5,9,2,False,0.8224131464958191,0.7220722531099245,0.5366863012313843,1.0,7.0,0.7821131101368289,0.6924211422187575,0.7405586242675781,0.2,collusive_scale,,,,,
RawTrust,6,0,0,True,0.7860841751098633,0.1171824668713984,1.0000007152557373,0.05,6.0,0.05,0.34710697529757795,9.348870277404785,0.2,collusive_scale,,,,,
RawTrust,6,1,4,False,0.5874718129634857,0.9150055270466241,0.13661524653434753,1.0,6.0,0.6955255369277754,0.7880431168634265,1.4859535694122314,0.2,collusive_scale,,,,,
RawTrust,6,2,0,False,0.805104523897171,0.67032085982684,0.8600112199783325,1.0,6.0,0.7799729419997237,0.7598169708113751,2.2226526737213135,0.2,collusive_scale,,,,,
RawTrust,6,5,1,False,0.768869161605835,0.12121195141842964,0.3651876449584961,1.0,6.0,0.4504066617089564,0.46961690967345443,0.2811228930950165,0.2,collusive_scale,,,,,
RawTrust,6,6,0,True,0.7860841751098633,0.1171824668713984,1.0000007152557373,0.05,6.0,0.05,0.2422402523197698,9.348870277404785,0.2,collusive_scale,,,,,
RawTrust,6,7,4,False,0.5788255333900452,0.9692509835467656,0.018711213022470474,1.0,6.0,0.7324794012627016,0.7866954762877973,1.5581457614898682,0.2,collusive_scale,,,,,
RawTrust,6,8,1,False,0.3313876986503601,0.9692509835467656,0.13661524653434753,1.0,6.0,0.5193606018148621,0.5670469926797747,1.6404123306274414,0.2,collusive_scale,,,,,
RawTrust,7,0,0,True,0.6878999769687653,0.4898564353995265,1.000001072883606,0.05,7.0,0.05,0.27283023147318347,6.418884754180908,0.2,collusive_scale,,,,,
RawTrust,7,1,0,False,0.7530587911605835,1.0,0.4996182322502136,1.0,7.0,0.8188398722650644,0.795742305713836,1.4037193059921265,0.2,collusive_scale,,,,,
RawTrust,7,2,2,False,0.8193669319152832,0.7787670435650808,0.6535816788673401,1.0,7.0,0.8237802526406672,0.7758077912686981,2.391064167022705,0.2,collusive_scale,,,,,
RawTrust,7,4,3,False,0.9081588685512543,0.608455806135577,0.7606892585754395,1.0,7.0,0.8108524778530624,0.6442386636365998,0.48715829849243164,0.2,collusive_scale,,,,,
RawTrust,7,5,0,False,0.4210324361920357,0.47104022633286435,0.31467780470848083,1.0,7.0,0.4859742783133655,0.4737062518334322,0.2824011743068695,0.2,collusive_scale,,,,,
RawTrust,7,6,1,True,0.6878999769687653,0.4898564353995265,1.000001072883606,0.05,7.0,0.05,0.19418018923982738,6.418884754180908,0.2,collusive_scale,,,,,
RawTrust,7,8,1,False,0.309011846780777,0.9680907214523857,0.31467780470848083,1.0,7.0,0.4995905951823013,0.5501828933054063,1.5041122436523438,0.2,collusive_scale,,,,,
RawTrust,7,9,3,False,0.9173651337623596,0.7384749746407812,0.7606892585754395,1.0,7.0,0.8361704309547748,0.7283584644027619,0.735909640789032,0.2,collusive_scale,,,,,
RawTrust,8,0,4,True,0.4847950078547001,0.18996323166873538,1.0000001192092896,0.05,9.0,0.05,0.21712267360488763,8.216004371643066,0.2,collusive_scale,,,,,
RawTrust,8,1,1,False,0.6699303686618805,1.0,0.3894104063510895,1.0,9.0,0.7678199856594689,0.7887617257002442,1.4441745281219482,0.2,collusive_scale,,,,,
RawTrust,8,2,0,False,0.6166274696588516,0.9151419394775935,0.7486152648925781,1.0,9.0,0.7394947322425405,0.7667295265121588,1.584641456604004,0.2,collusive_scale,,,,,
RawTrust,8,3,0,False,0.5663742572069168,0.8054726327681553,0.8198994398117065,1.0,9.0,0.6658820180688299,0.6230140245950186,1.8111711740493774,0.2,collusive_scale,,,,,
RawTrust,8,4,1,False,0.8400975465774536,0.3256455002166585,0.3894104063510895,1.0,9.0,0.6440046440234655,0.6441801587333162,0.44626566767692566,0.2,collusive_scale,,,,,
RawTrust,8,5,0,False,0.7673300206661224,0.21686117009977052,0.46357089281082153,1.0,9.0,0.5356943581488948,0.4892032784122978,0.29159408807754517,0.2,collusive_scale,,,,,
RawTrust,8,6,3,True,0.48479500599205494,0.18996323166873538,1.0000001192092896,0.05,9.0,0.05,0.15813514192987055,8.216004371643066,0.2,collusive_scale,,,,,
RawTrust,8,7,1,False,0.6911567598581314,0.9007450410016715,0.41245466470718384,1.0,9.0,0.7899707088328786,0.7875142844240676,1.2944936752319336,0.2,collusive_scale,,,,,
RawTrust,8,8,0,False,0.5175935085862875,0.8490207064467375,0.8198994398117065,1.0,9.0,0.6378557161242597,0.5721010990101196,1.7140493392944336,0.2,collusive_scale,,,,,
RawTrust,8,9,3,False,0.5363645665347576,0.557846169284645,0.548760175704956,1.0,9.0,0.5722070770983231,0.6893206175766522,0.7839489579200745,0.2,collusive_scale,,,,,
RawTrust,9,0,2,True,0.6942430287599564,0.054380402573563316,1.0,0.05,7.0,0.05,0.17534200520366572,8.212167739868164,0.2,collusive_scale,,,,,
RawTrust,9,1,2,False,0.6732206642627716,0.9516224595825988,0.3129696846008301,1.0,7.0,0.7585235907272592,0.781202191956998,1.3479892015457153,0.2,collusive_scale,,,,,
RawTrust,9,2,2,False,0.713792085647583,1.0,0.6598175168037415,1.0,7.0,0.823076913365771,0.7808163732255617,1.389399766921997,0.2,collusive_scale,,,,,
RawTrust,9,3,2,False,0.4380686283111572,0.6100770544845451,0.8620924949645996,1.0,7.0,0.5319106839663721,0.600238189437857,1.8783869743347168,0.2,collusive_scale,,,,,
RawTrust,9,6,0,True,0.6942430287599564,0.054380402573563316,1.0,0.05,7.0,0.05,0.13110135644740292,8.212167739868164,0.2,collusive_scale,,,,,
RawTrust,9,7,2,False,0.6407036185264587,0.9186337781281356,0.10146543383598328,1.0,7.0,0.762197441926222,0.7811850737996061,1.319279432296753,0.2,collusive_scale,,,,,
RawTrust,9,8,1,False,0.42058898508548737,0.7365142379118018,0.8620924949645996,1.0,7.0,0.5452922203699585,0.5653988793500794,1.6744532585144043,0.2,collusive_scale,,,,,
RawTrust,9,9,4,False,0.6909146904945374,0.39236425901729455,0.482383131980896,1.0,7.0,0.5918151946965734,0.6649442618566325,0.7850499749183655,0.2,collusive_scale,,,,,
RawTrust,10,0,0,True,0.574225515127182,0.3749194342368051,1.0000004768371582,0.05,8.0,0.05,0.1440065039027493,8.158909797668457,0.2,collusive_scale,,,,,
RawTrust,10,1,3,False,0.7403041124343872,0.9925169395308915,0.4762442708015442,1.0,8.0,0.8093568816192866,0.7882408643725701,1.359818458557129,0.2,collusive_scale,,,,,
RawTrust,10,3,4,False,0.4703508075326681,0.9093816012481097,0.5874916315078735,1.0,8.0,0.6234921829947121,0.6060516878270708,1.6374428272247314,0.2,collusive_scale,,,,,
RawTrust,10,4,0,False,0.7965856194496155,0.5571829239933865,0.6276744604110718,1.0,8.0,0.7347867633230739,0.6668318098807556,0.477544367313385,0.2,collusive_scale,,,,,
RawTrust,10,5,0,False,0.7732513546943665,0.4108291704219369,0.3037091791629791,1.0,8.0,0.6516240280516806,0.5298084658221435,0.27488648891448975,0.2,collusive_scale,,,,,
RawTrust,10,6,2,True,0.574225515127182,0.3749194342368051,1.0000004768371582,0.05,8.0,0.05,0.11082601733555218,8.158909797668457,0.2,collusive_scale,,,,,
RawTrust,10,7,6,False,0.6916624009609222,0.9925169395308916,0.37196415662765503,1.0,8.0,0.8136291265201244,0.7892960869797356,1.3973524570465088,0.2,collusive_scale,,,,,
RawTrust,10,8,0,False,0.3677792102098465,0.8980005218800958,0.5874916315078735,1.0,8.0,0.5375378365083519,0.5584336186396475,1.67525053024292,0.2,collusive_scale,,,,,
RawTrust,10,9,2,False,0.8330623507499695,0.6703204158669047,0.6276744604110718,1.0,8.0,0.7702881339147236,0.6912802298711552,0.667620837688446,0.2,collusive_scale,,,,,
AgriTrust-ACFL,1,0,0,True,0.7118768095970154,0.2457187235020124,0.8040080070495605,1.0,7.0,0.530663800892304,0.6574631079781708,4.352013111114502,0.2,collusive_scale,True,False,4853.392663094856,1.959047019481659,0.5691639282186154
AgriTrust-ACFL,1,1,0,False,0.7289343476295471,0.7944917751514738,0.48758161067962646,1.0,7.0,0.7506691119235335,0.7362751023014033,1.0378786325454712,0.2,collusive_scale,True,False,14893.372769352785,1.959047019481659,0.5691639282186154
AgriTrust-ACFL,1,2,0,False,0.780993789434433,0.6703205947996332,0.8040080070495605,1.0,7.0,0.767038048997485,0.7681902190223242,1.2773276567459106,0.2,collusive_scale,True,False,9449.50788419361,1.959047019481659,0.5691639282186154
AgriTrust-ACFL,1,4,0,False,0.808306485414505,0.6063055000885375,0.42103689908981323,1.0,7.0,0.7597284988523014,0.7106433831847228,0.4252658486366272,0.2,collusive_scale,True,False,547.1954050522365,1.959047019481659,0.5691639282186154
AgriTrust-ACFL,1,5,0,False,0.6157387271523476,0.4359341008808746,0.35624098777770996,1.0,7.0,0.5852166049370058,0.5570740537354124,0.2842196226119995,0.2,collusive_scale,False,False,0.0,1.959047019481659,0.5691639282186154
AgriTrust-ACFL,1,8,0,False,0.26630015671253204,1.0,0.1644008606672287,1.0,7.0,0.4648441798711601,0.5391172900192869,0.7836188077926636,0.2,collusive_scale,False,False,0.0,1.959047019481659,0.5691639282186154
AgriTrust-ACFL,1,9,0,False,0.8390293717384338,0.8764728570118353,0.48758161067962646,1.0,7.0,0.8380980425128525,0.8162900830043089,0.6670514941215515,0.2,collusive_scale,True,False,886.4910301426795,1.959047019481659,0.5691639282186154
AgriTrust-ACFL,2,0,0,True,0.6692101955413818,0.08085766885294017,0.9999997615814209,0.05,6.0,0.05,0.505597330983628,4.947983741760254,0.2,collusive_scale,False,False,0.0,2.197548747062683,0.5473999778534702
AgriTrust-ACFL,2,2,0,False,0.7510231733322144,0.9554128451457643,0.47061142325401306,1.0,6.0,0.8349157008580386,0.7848715894812528,0.8246640563011169,0.2,collusive_scale,True,False,9654.70542220889,2.197548747062683,0.5473999778534702
AgriTrust-ACFL,2,3,1,False,0.4681657738983631,0.9554128451457643,0.0342048779129982,1.0,6.0,0.6311785892228166,0.6002872026350011,0.8790194988250732,0.2,collusive_scale,True,False,10068.885071871635,2.197548747062683,0.5473999778534702
AgriTrust-ACFL,2,4,1,False,0.6558372676372528,0.40937633418962727,0.33889150619506836,1.0,6.0,0.601947757533545,0.6834694767719283,0.45575547218322754,0.2,collusive_scale,True,False,335.5655219562686,2.197548747062683,0.5473999778534702
AgriTrust-ACFL,2,6,1,True,0.6692101955413818,0.08085766885294017,0.9999997615814209,0.05,6.0,0.05,0.5615177358694394,4.947983741760254,0.2,collusive_scale,True,False,368.0646224739815,2.197548747062683,0.5473999778534702
AgriTrust-ACFL,2,7,1,False,0.782098799943924,0.6703210040181213,0.2663549780845642,1.0,6.0,0.7738237513950835,0.7718315249186328,1.126396656036377,0.2,collusive_scale,True,False,4604.475954436175,2.197548747062683,0.5473999778534702
AgriTrust-ACFL,2,9,1,False,0.5780100151896477,0.7127852935815467,0.33889150619506836,1.0,6.0,0.6417234559018561,0.7726484262286958,0.6718153357505798,0.2,collusive_scale,True,False,535.0313532264674,2.197548747062683,0.5473999778534702
AgriTrust-ACFL,3,1,0,False,0.5198446530848742,1.0,0.609954833984375,1.0,9.0,0.667841751015611,0.7191667644799552,1.1516854763031006,0.2,collusive_scale,True,False,14547.305311900534,2.8792136907577515,0.5411590334066806
AgriTrust-ACFL,3,2,2,False,0.46501628309488297,0.8753735964946084,0.3852021098136902,1.0,9.0,0.6248006761763615,0.7448538611550299,1.2757306098937988,0.2,collusive_scale,True,False,3725.1730998820317,2.8792136907577515,0.5411590334066806
AgriTrust-ACFL,3,3,0,False,0.6118469908833504,0.6703209182662317,0.8255907297134399,1.0,9.0,0.6575268768510381,0.6145971211890104,0.8468957543373108,0.2,collusive_scale,True,False,16167.591869998108,2.8792136907577515,0.5411590334066806
AgriTrust-ACFL,3,4,1,False,0.7762546539306641,0.3928292957642754,0.5084128379821777,1.0,9.0,0.6523003484695388,0.6756771946963309,0.5616610646247864,0.2,collusive_scale,True,False,331.73971657534906,2.8792136907577515,0.5411590334066806
AgriTrust-ACFL,3,5,0,False,0.7788596451282501,0.15598161427535465,0.5084128379821777,1.0,9.0,0.48926811432881756,0.5401225688837636,0.27618518471717834,0.2,collusive_scale,False,False,0.0,2.8792136907577515,0.5411590334066806
AgriTrust-ACFL,3,6,2,True,0.48766924627125263,0.11686047915015678,0.3118833899497986,1.0,9.0,0.34807945310352795,0.5081581651779615,5.9957475662231445,0.2,collusive_scale,False,False,0.0,2.8792136907577515,0.5411590334066806
AgriTrust-ACFL,3,7,2,False,0.7411449253559113,0.9812598501141144,0.34443554282188416,1.0,9.0,0.8422582079633738,0.7894381956798181,1.1685518026351929,0.2,collusive_scale,True,False,3002.9169036569297,2.8792136907577515,0.5411590334066806
AgriTrust-ACFL,3,8,1,False,0.6183632761240005,0.7062765050102986,0.8255907297134399,1.0,9.0,0.6656249194411633,0.570744197374756,1.504522681236267,0.2,collusive_scale,True,False,9573.347063835874,2.8792136907577515,0.5411590334066806
AgriTrust-ACFL,3,9,0,False,0.4860101193189621,0.5557734120884783,0.609954833984375,1.0,9.0,0.5414022995246826,0.7148368945526925,0.7333047986030579,0.2,collusive_scale,True,False,776.3128674842241,2.8792136907577515,0.5411590334066806
AgriTrust-ACFL,4,2,1,False,0.5157076567411423,1.0,0.47377830743789673,1.0,7.0,0.6883319657109376,0.7307233872940069,1.17349374294281,0.2,collusive_scale,True,False,5731.402504083856,2.933734357357025,0.503037227860081
AgriTrust-ACFL,4,3,0,False,0.6305831968784332,0.6703204372678654,0.6393933296203613,1.0,7.0,0.668525807292359,0.6280792927148475,0.5913447141647339,0.2,collusive_scale,True,False,16522.25387415678,2.933734357357025,0.503037227860081
AgriTrust-ACFL,4,4,0,False,0.5217840597033501,0.5608906105035698,0.47377830743789673,1.0,7.0,0.5834014789320007,0.6526082657552483,0.4357321262359619,0.2,collusive_scale,True,False,502.5083646315412,2.933734357357025,0.503037227860081
AgriTrust-ACFL,4,5,0,False,0.7917786836624146,0.42336945793755587,0.33400580286979675,1.0,7.0,0.6661473115860905,0.5716287545593454,0.2691028416156769,0.2,collusive_scale,True,False,263.5208558518582,2.933734357357025,0.503037227860081
AgriTrust-ACFL,4,6,1,True,0.6115218847990036,0.4150415202826247,0.3348485827445984,1.0,7.0,0.5765848169988986,0.5252648281331959,5.294513702392578,0.2,collusive_scale,True,False,344.30150343578407,2.933734357357025,0.503037227860081
AgriTrust-ACFL,4,7,2,False,0.745070293545723,0.8516481633248266,0.33400580286979675,1.0,7.0,0.8095615388293725,0.7944690314672067,1.5451472997665405,0.2,collusive_scale,True,False,3022.0535275347015,2.933734357357025,0.503037227860081
AgriTrust-ACFL,4,8,2,False,0.5649366974830627,0.8606607838548636,0.6393933296203613,1.0,7.0,0.6720515742593415,0.5960710415959024,1.5175281763076782,0.2,collusive_scale,True,False,6375.111801206873,2.933734357357025,0.503037227860081
AgriTrust-ACFL,5,0,3,True,0.5864186584949493,0.4913574944993455,0.9999998807907104,0.05,7.0,0.05,0.39169799823772106,3.4986753463745117,0.2,collusive_scale,False,False,0.0,2.8756842017173767,0.48084555289944525
AgriTrust-ACFL,5,2,0,False,0.7415248453617096,0.6432428610856997,0.46089041233062744,1.0,7.0,0.7363047480412823,0.7321187274808257,1.8929423093795776,0.2,collusive_scale,True,False,9005.792466741637,2.8756842017173767,0.48084555289944525
AgriTrust-ACFL,5,3,3,False,0.29354704916477203,0.6908512026284394,0.4797341227531433,1.0,7.0,0.44300968734884066,0.5818118913733458,1.608497142791748,0.2,collusive_scale,True,False,3967.7094198372874,2.8756842017173767,0.48084555289944525
AgriTrust-ACFL,5,4,1,False,0.7865738868713379,0.8157357481870838,0.7273856401443481,1.0,7.0,0.8180987282791312,0.693980881386219,0.43493738770484924,0.2,collusive_scale,True,False,340.7263449275409,2.8756842017173767,0.48084555289944525
AgriTrust-ACFL,5,5,1,False,0.7233756184577942,0.6503996178491819,0.0796683207154274,1.0,7.0,0.7209855140735983,0.6089679444379086,0.2594754695892334,0.2,collusive_scale,True,False,179.00404331688188,2.8756842017173767,0.48084555289944525
AgriTrust-ACFL,5,6,4,True,0.5864186584949493,0.4913574944993455,0.9999998807907104,0.05,7.0,0.05,0.40644862109989693,3.4986753463745117,0.2,collusive_scale,False,False,0.0,2.8756842017173767,0.48084555289944525
AgriTrust-ACFL,5,8,0,False,0.43440158665180206,0.8472243250424312,0.4797341227531433,1.0,7.0,0.5788858207991191,0.5917747363967065,0.47417473793029785,0.2,collusive_scale,True,False,15567.226215651763,2.8756842017173767,0.48084555289944525
AgriTrust-ACFL,5,9,2,False,0.7540502846240997,1.0,0.7273856401443481,1.0,7.0,0.8221783074391108,0.7416722477742971,0.6920502185821533,0.2,collusive_scale,True,False,327.47399669047246,2.8756842017173767,0.48084555289944525
AgriTrust-ACFL,6,0,0,True,0.7903887629508972,0.5394079230187442,0.9999998211860657,0.05,6.0,0.05,0.3062734986782908,5.744624137878418,0.2,collusive_scale,False,False,0.0,3.9108026027679443,0.503721912500088
AgriTrust-ACFL,6,1,4,False,0.45626023039221764,0.9066543974694001,0.2593713402748108,1.0,6.0,0.6035907373494728,0.6902727576973345,0.9574372172355652,0.2,collusive_scale,True,False,2308.04148916744,3.9108026027679443,0.503721912500088
AgriTrust-ACFL,6,2,0,False,0.7931228280067444,0.8891236501574082,0.8501794338226318,1.0,6.0,0.8419801752047881,0.7595840894118163,1.6427338123321533,0.2,collusive_scale,True,False,9343.643883854753,3.9108026027679443,0.503721912500088
AgriTrust-ACFL,6,5,1,False,0.7276543080806732,0.5526400941726395,0.3555561602115631,1.0,6.0,0.6888328557889384,0.6289341722756661,0.27703824639320374,0.2,collusive_scale,True,False,184.87304766331525,3.9108026027679443,0.503721912500088
AgriTrust-ACFL,6,6,0,True,0.7903887629508972,0.5394079230187442,0.9999998211860657,0.05,6.0,0.05,0.3173364658249227,5.744624137878418,0.2,collusive_scale,False,False,0.0,3.9108026027679443,0.503721912500088
AgriTrust-ACFL,6,7,4,False,0.5521896220743656,0.9066543974694001,0.13542142510414124,1.0,6.0,0.6995912682662572,0.7707495906669692,1.5643210411071777,0.2,collusive_scale,True,False,1191.9922958651157,3.9108026027679443,0.503721912500088
AgriTrust-ACFL,6,8,1,False,0.4087634012103081,0.670320313629955,0.2593713402748108,1.0,6.0,0.5218520959043127,0.5742940762736081,0.4493221044540405,0.2,collusive_scale,True,False,9632.890766408087,3.9108026027679443,0.503721912500088
AgriTrust-ACFL,7,0,0,True,0.7524161338806152,0.40746187827633024,0.9999999403953552,0.05,7.0,0.05,0.2422051240087181,3.6356663703918457,0.2,collusive_scale,True,True,893.9791127161785,2.1873632818460464,0.5297172632333443
AgriTrust-ACFL,7,1,0,False,0.7558426856994629,0.8178641000969102,0.4732283353805542,1.0,7.0,0.7724755069635421,0.7108234450138864,1.0321720838546753,0.2,collusive_scale,True,False,14378.536645740895,2.1873632818460464,0.5297172632333443
AgriTrust-ACFL,7,2,2,False,0.8481995463371277,0.5784545042660587,0.7411945462226868,1.0,7.0,0.767945945047628,0.7616745533207692,1.9300496578216553,0.2,collusive_scale,True,False,3809.2969706773615,2.1873632818460464,0.5297172632333443
AgriTrust-ACFL,7,4,3,False,0.9030787348747253,0.762694910685531,0.7336118221282959,1.0,7.0,0.8650445493157576,0.7367467983686037,0.43989086151123047,0.2,collusive_scale,True,False,147.06571267010924,2.1873632818460464,0.5297172632333443
AgriTrust-ACFL,7,5,0,False,0.48387386836111546,0.5891339447823946,0.07815917581319809,1.0,7.0,0.5610340704784167,0.6119591468263537,0.27586546540260315,0.2,collusive_scale,True,False,282.11316668694906,2.1873632818460464,0.5297172632333443
AgriTrust-ACFL,7,6,1,True,0.7524161338806152,0.40746186349036345,0.9999999403953552,0.05,7.0,0.05,0.25050234936869203,3.635666608810425,0.2,collusive_scale,False,False,0.0,2.1873632818460464,0.5297172632333443
AgriTrust-ACFL,7,8,1,False,0.2872728705406189,0.8134164973984851,0.07815917581319809,1.0,7.0,0.4555216744495312,0.5446009758175889,0.49417024850845337,0.2,collusive_scale,True,False,9134.835144687651,2.1873632818460464,0.5297172632333443
AgriTrust-ACFL,7,9,3,False,0.9187452793121338,1.0,0.7336118221282959,1.0,7.0,0.9165436668801002,0.7853901025507479,0.7177185416221619,0.2,collusive_scale,True,False,221.11474209483987,2.1873632818460464,0.5297172632333443
AgriTrust-ACFL,8,0,4,True,0.6777253150939941,0.11334405209449053,1.0000003576278687,0.05,9.0,0.05,0.1941538430065386,4.949431896209717,0.2,collusive_scale,False,False,0.0,2.3832736164331436,0.5194215450652494
AgriTrust-ACFL,8,1,1,False,0.6358380317687988,0.7818959181199019,0.5244615077972412,1.0,9.0,0.6929922147824908,0.7063656374560374,1.0636751651763916,0.2,collusive_scale,True,False,9110.66320000247,2.3832736164331436,0.5194215450652494
AgriTrust-ACFL,8,2,0,False,0.7326616495847702,0.5746673981816858,0.7877644896507263,1.0,9.0,0.7071276841420989,0.7480378360261016,1.3591773509979248,0.2,collusive_scale,True,False,9201.613420957076,2.3832736164331436,0.5194215450652494
AgriTrust-ACFL,8,3,0,False,0.43868890404701233,1.0,0.8467190265655518,1.0,9.0,0.6173924007199222,0.5907070187099899,0.8744655251502991,0.2,collusive_scale,True,False,15539.138834184994,2.3832736164331436,0.5194215450652494
AgriTrust-ACFL,8,4,1,False,0.7445786744356155,0.46916969010923126,0.5244615077972412,1.0,9.0,0.6724096558320114,0.7206625127344556,0.47872012853622437,0.2,collusive_scale,True,False,353.8263235722397,2.3832736164331436,0.5194215450652494
AgriTrust-ACFL,8,5,0,False,0.6275444030761719,0.2518916699229363,0.4412854313850403,1.0,9.0,0.5016385734250832,0.5843790034760361,0.29176732897758484,0.2,collusive_scale,True,False,269.39872060245267,2.3832736164331436,0.5194215450652494
AgriTrust-ACFL,8,6,3,True,0.677725300192833,0.11334405209449053,1.0000003576278687,0.05,9.0,0.05,0.20037676202651905,4.949431896209717,0.2,collusive_scale,True,True,26.700102143779173,2.3832736164331436,0.5194215450652494
AgriTrust-ACFL,8,7,1,False,0.7201881408691406,0.8120065009213522,0.3426567316055298,1.0,9.0,0.7832969753081331,0.7738864368272602,1.0321533679962158,0.2,collusive_scale,True,False,4616.734837581375,2.3832736164331436,0.5194215450652494
AgriTrust-ACFL,8,8,0,False,0.3785535916686058,0.7958927379889359,0.8467190265655518,1.0,9.0,0.5267196641768197,0.5401306479073966,0.729140043258667,0.2,collusive_scale,True,False,14208.676823851976,2.3832736164331436,0.5194215450652494
AgriTrust-ACFL,8,9,3,False,0.6427474617958069,0.8597508390772649,0.48561716079711914,1.0,9.0,0.7196640867306618,0.7689585985957264,0.7753456830978394,0.2,collusive_scale,True,False,216.48869989307914,2.3832736164331436,0.5194215450652494
AgriTrust-ACFL,9,0,2,True,0.7840279340744019,0.0488922552349186,1.0000004768371582,0.05,7.0,0.05,0.15811538225490396,5.661981582641602,0.2,collusive_scale,False,False,0.0,2.5917577743530273,0.5130226339355313
AgriTrust-ACFL,9,1,2,False,0.6841386407613754,1.0,0.41003140807151794,1.0,7.0,0.7767340833750154,0.723957748935782,1.0276703834533691,0.2,collusive_scale,True,False,5953.894463316336,2.5917577743530273,0.5130226339355313
AgriTrust-ACFL,9,2,2,False,0.7937489151954651,0.7460673292771336,0.7075611352920532,1.0,7.0,0.7991625169651255,0.7608190062608575,1.2127916812896729,0.2,collusive_scale,True,False,3805.018197270288,2.5917577743530273,0.5130226339355313
AgriTrust-ACFL,9,3,2,False,0.30089446902275085,0.7292563408953129,0.8501833081245422,1.0,7.0,0.45642245121733843,0.557135876836827,0.8596569299697876,0.2,collusive_scale,True,False,5958.691591171254,2.5917577743530273,0.5130226339355313
AgriTrust-ACFL,9,6,0,True,0.7840279340744019,0.0488922552349186,1.0000004768371582,0.05,7.0,0.05,0.16278257151988929,5.661981582641602,0.2,collusive_scale,False,False,0.0,2.5917577743530273,0.5130226339355313
AgriTrust-ACFL,9,7,2,False,0.65788334608078,0.9696493662660993,0.14033658802509308,1.0,7.0,0.7860128079635904,0.7769180296113427,1.0457358360290527,0.2,collusive_scale,True,False,2955.291872933353,2.5917577743530273,0.5130226339355313
AgriTrust-ACFL,9,8,1,False,0.286166176199913,0.5454017277423341,0.8501833081245422,1.0,7.0,0.4031884974518768,0.5058951102935166,0.7294426560401917,0.2,collusive_scale,False,False,0.0,2.5917577743530273,0.5130226339355313
AgriTrust-ACFL,9,9,4,False,0.7623156011104584,0.6161489839973983,0.5464484095573425,1.0,7.0,0.715279387336211,0.7555387957808475,0.7815205454826355,0.2,collusive_scale,True,False,135.63023912462353,2.5917577743530273,0.5130226339355313
AgriTrust-ACFL,10,0,0,True,0.5811850726604462,0.22146343233900545,0.9999999403953552,0.05,8.0,0.05,0.13108653669117798,3.715254545211792,0.2,collusive_scale,False,False,0.0,1.844996064901352,0.48280759086259284
AgriTrust-ACFL,10,1,3,False,0.5950805172324181,0.6770722686947238,0.30967479944229126,1.0,8.0,0.6399562085830731,0.7029573638476048,1.0504834651947021,0.2,collusive_scale,True,False,3686.246550387748,1.844996064901352,0.48280759086259284
AgriTrust-ACFL,10,3,4,False,0.48317310959100723,0.8458840057096241,0.7295230627059937,1.0,8.0,0.6191913519884482,0.5726497456247324,0.5594763159751892,0.2,collusive_scale,True,False,2490.082983681103,1.844996064901352,0.48280759086259284
AgriTrust-ACFL,10,4,0,False,0.7890393137931824,0.6703206390523478,0.5506511330604553,1.0,8.0,0.7726328364266942,0.7336550936575152,0.430114209651947,0.2,collusive_scale,True,False,564.9144221162867,1.844996064901352,0.48280759086259284
AgriTrust-ACFL,10,5,0,False,0.745720773935318,0.45388544055554597,0.28692206740379333,1.0,8.0,0.6581473509804909,0.6028210903521498,0.2768046259880066,0.2,collusive_scale,True,False,277.90052265234107,1.844996064901352,0.48280759086259284
AgriTrust-ACFL,10,6,2,True,0.5811850726604462,0.22146343233900545,0.9999999403953552,0.05,8.0,0.05,0.13458692863991698,3.715254545211792,0.2,collusive_scale,False,False,0.0,1.844996064901352,0.48280759086259284
AgriTrust-ACFL,10,7,6,False,0.7384088933467865,0.6167938401671851,0.42918065190315247,1.0,8.0,0.7312546321376074,0.7655021802429088,1.1672476530075073,0.2,collusive_scale,True,False,481.32846282306633,1.844996064901352,0.48280759086259284
AgriTrust-ACFL,10,8,0,False,0.35957083106040955,0.9253069739397208,0.7295230627059937,1.0,8.0,0.5356983587921247,0.5133459224181687,0.7379984259605408,0.2,collusive_scale,True,False,13504.077835132346,1.844996064901352,0.48280759086259284
AgriTrust-ACFL,10,9,2,False,0.7585717439651489,0.9253069739397208,0.5506511330604553,1.0,8.0,0.8058974082006395,0.7681284488857955,0.6192091703414917,0.2,collusive_scale,True,False,339.1553262012212,1.844996064901352,0.48280759086259284
RawTrust,1,0,0,True,0.900140255689621,1.0,0.743446946144104,1.0,7.0,0.9198900570773136,0.8149135008232288,0.8039881587028503,0.2,adaptive_slow_drift,,,,,
RawTrust,1,1,0,False,0.8777863085269928,0.6703204427198735,0.7128185033798218,1.0,7.0,0.7901174928693377,0.8170383319085275,1.5805162191390991,0.2,adaptive_slow_drift,,,,,
RawTrust,1,2,0,False,0.813024252653122,0.5551744743786994,0.743446946144104,1.0,7.0,0.7410742824660288,0.7765650145862144,2.1732754707336426,0.2,adaptive_slow_drift,,,,,
RawTrust,1,4,0,False,0.9052704870700836,0.7389947970393685,0.7556198835372925,1.0,7.0,0.8580342898863532,0.5954619258404125,0.48225727677345276,0.2,adaptive_slow_drift,,,,,
RawTrust,1,5,0,False,0.650755986571312,0.5277485723864135,0.19746282696723938,1.0,7.0,0.6388964042712862,0.43273691327620145,0.27302640676498413,0.2,adaptive_slow_drift,,,,,
RawTrust,1,8,0,False,0.23746490478515625,0.6437979421839738,-0.12136932462453842,1.0,7.0,0.3824350421862307,0.48140828122223056,1.6921005249023438,0.2,adaptive_slow_drift,,,,,
RawTrust,1,9,0,False,0.917084664106369,0.9683356649477078,0.7556198835372925,1.0,7.0,0.9068361196717096,0.7431499802202327,0.7614408135414124,0.2,adaptive_slow_drift,,,,,
RawTrust,2,0,0,True,0.9594729542732239,0.6929703635638237,1.000000238418579,0.05,6.0,0.05,0.6236851256174215,0.9202089905738831,0.2,adaptive_slow_drift,,,,,
RawTrust,2,2,0,False,0.8506489098072052,0.564755462951348,0.6903586387634277,1.0,6.0,0.7636542871634874,0.7733373327305326,1.839158535003662,0.2,adaptive_slow_drift,,,,,
RawTrust,2,3,1,False,0.2963941991329193,0.6703209541685627,-0.21698933839797974,1.0,6.0,0.44135524871834725,0.5268499596197973,1.620637059211731,0.2,adaptive_slow_drift,,,,,
RawTrust,2,4,1,False,0.7219406962394714,0.2864593684268089,0.7561544179916382,1.0,6.0,0.5701365427445828,0.589130580066455,0.47940388321876526,0.2,adaptive_slow_drift,,,,,
RawTrust,2,6,1,True,0.9594729542732239,0.6929703635638237,1.000000238418579,0.05,6.0,0.05,0.4470963769053788,0.9202089905738831,0.2,adaptive_slow_drift,,,,,
RawTrust,2,7,1,False,0.8318808376789093,0.6929703635638237,0.6166061758995056,1.0,6.0,0.8085582844119601,0.8188404275657124,1.5813688039779663,0.2,adaptive_slow_drift,,,,,
RawTrust,2,9,1,False,0.7537738382816315,0.5307936233340493,0.7561544179916382,1.0,6.0,0.6797608317043742,0.727302693091268,0.7558212876319885,0.2,adaptive_slow_drift,,,,,
RawTrust,3,1,0,False,0.6866001039743423,0.9328367469052354,0.6782123446464539,1.0,9.0,0.762205214711807,0.8033300526093474,1.6933801174163818,0.2,adaptive_slow_drift,,,,,
RawTrust,3,2,2,False,0.6524365544319153,0.6703209291585328,0.472128689289093,1.0,9.0,0.6947952817322693,0.7537018199809669,2.1761720180511475,0.2,adaptive_slow_drift,,,,,
RawTrust,3,3,0,False,0.41270244866609573,0.8066301506105481,0.7846869230270386,1.0,9.0,0.5597290310504398,0.535069727477458,1.8909201622009277,0.2,adaptive_slow_drift,,,,,
RawTrust,3,4,1,False,0.7469688951969147,0.17020842287797228,0.3944505453109741,1.0,9.0,0.49692955770761826,0.5660803244767458,0.4189133644104004,0.2,adaptive_slow_drift,,,,,
RawTrust,3,5,0,False,0.7913981974124908,0.09844513126415028,0.2849499583244324,1.0,9.0,0.42993013100073213,0.4320352177073341,0.27646228671073914,0.2,adaptive_slow_drift,,,,,
RawTrust,3,6,2,True,0.8073011636734009,0.5069277401911031,0.34727877378463745,1.0,9.0,0.713284064836982,0.5136432988882795,0.9591352939605713,0.2,adaptive_slow_drift,,,,,
RawTrust,3,7,2,False,0.7362589836120605,1.0,0.4235590994358063,1.0,9.0,0.8439761039898805,0.8251243466717544,1.6063342094421387,0.2,adaptive_slow_drift,,,,,
RawTrust,3,8,1,False,0.37863878905773163,0.9102962727416836,0.7846869230270386,1.0,9.0,0.5484433201947823,0.4981670409653685,1.7251131534576416,0.2,adaptive_slow_drift,,,,,
RawTrust,3,9,0,False,0.6978729665279388,0.37860944036448074,0.6782123446464539,1.0,9.0,0.5887491357190621,0.6926643037482166,0.76854407787323,0.2,adaptive_slow_drift,,,,,
RawTrust,4,2,1,False,0.5914106667041779,0.670321736935592,0.4859376549720764,1.0,7.0,0.6582638337370991,0.7298423234199999,1.8290735483169556,0.2,adaptive_slow_drift,,,,,
RawTrust,4,3,0,False,0.4971844544634223,0.6902092440911965,0.8039367198944092,1.0,7.0,0.591771439743018,0.549245155543848,1.8079962730407715,0.2,adaptive_slow_drift,,,,,
RawTrust,4,4,0,False,0.5857896059751511,0.05414239942349778,0.4859376549720764,1.0,7.0,0.30832113356115065,0.501640526747847,0.4912506341934204,0.2,adaptive_slow_drift,,,,,
RawTrust,4,5,0,False,0.7768552303314209,0.012207876048284183,0.23555253446102142,1.0,7.0,0.22751048391401926,0.3809040342590054,0.27217897772789,0.2,adaptive_slow_drift,,,,,
RawTrust,4,6,1,True,0.8342407941818237,0.4281163010245485,0.35313695669174194,1.0,7.0,0.6903795973661463,0.5578273735077462,1.1150786876678467,0.2,adaptive_slow_drift,,,,,
RawTrust,4,7,2,False,0.7687314450740814,1.0,0.35313695669174194,1.0,7.0,0.8642499677329738,0.8349057519370593,1.5608634948730469,0.2,adaptive_slow_drift,,,,,
RawTrust,4,8,2,False,0.4786878228187561,0.802104051482549,0.8039367198944092,1.0,7.0,0.6006910171257904,0.5237980350054741,1.7034547328948975,0.2,adaptive_slow_drift,,,,,
RawTrust,5,0,3,True,0.768562376499176,0.9999999573522985,0.9999998211860657,0.05,7.0,0.05,0.48026384421306617,1.4141483306884766,0.2,adaptive_slow_drift,,,,,
RawTrust,5,2,0,False,0.7609930336475372,0.5824340245625391,0.5607337951660156,1.0,7.0,0.7249521890731728,0.7286197898332931,2.4126925468444824,0.2,adaptive_slow_drift,,,,,
RawTrust,5,3,3,False,0.2544819414615631,0.7774032711313026,0.5164556503295898,1.0,7.0,0.42430716404780683,0.5180106576698377,1.813716173171997,0.2,adaptive_slow_drift,,,,,
RawTrust,5,4,1,False,0.8283572196960449,0.34329375291319625,0.8002694845199585,1.0,7.0,0.6492375269555473,0.538539776799772,0.4915784001350403,0.2,adaptive_slow_drift,,,,,
RawTrust,5,5,1,False,0.7669884562492371,0.18710949053636097,0.22294968366622925,1.0,7.0,0.5123714581031399,0.413770890220039,0.2698398232460022,0.2,adaptive_slow_drift,,,,,
RawTrust,5,6,4,True,0.768562376499176,0.9999999573522986,0.9999998211860657,0.05,7.0,0.05,0.4308705301308097,1.414148211479187,0.2,adaptive_slow_drift,,,,,
RawTrust,5,8,0,False,0.39490552246570587,0.7714691354970445,0.5164556503295898,1.0,7.0,0.5340967634365235,0.5263727171132364,1.8275034427642822,0.2,adaptive_slow_drift,,,,,
RawTrust,5,9,2,False,0.8288463950157166,0.5147752296444973,0.8002694845199585,1.0,7.0,0.70964617447595,0.69690977143015,0.7336453795433044,0.2,adaptive_slow_drift,,,,,
RawTrust,6,0,0,True,0.9513217210769653,0.6703215943430526,1.0,0.05,6.0,0.05,0.3726978831597996,1.9264813661575317,0.2,adaptive_slow_drift,,,,,
RawTrust,6,1,4,False,0.634529635310173,0.6842384954971699,0.28504496812820435,1.0,6.0,0.6650493881563138,0.768759886496089,1.3747107982635498,0.2,adaptive_slow_drift,,,,,
RawTrust,6,2,0,False,0.7303753346204758,0.372517076920802,0.4394742250442505,1.0,6.0,0.6198265565265236,0.7014214815066008,2.484410047531128,0.2,adaptive_slow_drift,,,,,
RawTrust,6,5,1,False,0.7133793234825134,0.01759636486230785,0.4013633728027344,1.0,6.0,0.24225653510531844,0.3708923014413589,0.2817951440811157,0.2,adaptive_slow_drift,,,,,
RawTrust,6,6,0,True,0.9513217210769653,0.6703215943430526,1.0,0.05,6.0,0.05,0.3356528975981073,1.9264813661575317,0.2,adaptive_slow_drift,,,,,
RawTrust,6,7,4,False,0.6756786704063416,0.9838230596790528,0.27100807428359985,1.0,6.0,0.8011162313936153,0.8264583718011983,1.6087543964385986,0.2,adaptive_slow_drift,,,,,
RawTrust,6,8,1,False,0.3748711943626404,0.9838230596790527,-0.10662466287612915,1.0,6.0,0.5582945050119557,0.5343531640879162,1.631633996963501,0.2,adaptive_slow_drift,,,,,
RawTrust,7,0,0,True,0.7719069719314575,0.8008155954756446,1.0000001192092896,0.05,7.0,0.05,0.29202341236984974,1.7088862657546997,0.2,adaptive_slow_drift,,,,,
RawTrust,7,1,0,False,0.8425928950309753,1.0,0.6432106494903564,1.0,7.0,0.8710295368793779,0.7943272990919111,1.3812003135681152,0.2,adaptive_slow_drift,,,,,
RawTrust,7,2,2,False,0.8149161040782928,0.5610903487652579,0.6566777229309082,1.0,7.0,0.744385499215233,0.7121624859337589,2.4031949043273926,0.2,adaptive_slow_drift,,,,,
RawTrust,7,4,3,False,0.9052605628967285,0.3410992247338104,0.7770462036132812,1.0,7.0,0.680414924352207,0.5740085636878808,0.49267393350601196,0.2,adaptive_slow_drift,,,,,
RawTrust,7,5,0,False,0.5467658080160618,0.18062638720145413,0.028344154357910156,1.0,7.0,0.4208694760330141,0.38338659508927264,0.26787975430488586,0.2,adaptive_slow_drift,,,,,
RawTrust,7,6,1,True,0.7719069719314575,0.8008155954756446,1.0000001192092896,0.05,7.0,0.05,0.2642396731985805,1.7088862657546997,0.2,adaptive_slow_drift,,,,,
RawTrust,7,8,1,False,0.30032455921173096,0.9132955689072688,-0.03495755046606064,1.0,7.0,0.4832940933115714,0.52158839639383,1.5066334009170532,0.2,adaptive_slow_drift,,,,,
RawTrust,7,9,3,False,0.9198026061058044,0.5223712013904273,0.7770462036132812,1.0,7.0,0.7547822214583956,0.7113778839372115,0.7412452697753906,0.2,adaptive_slow_drift,,,,,
RawTrust,8,0,4,True,0.8079474568367004,0.6614134229299576,0.9999999403953552,0.05,9.0,0.05,0.23151755927738732,1.9608181715011597,0.2,adaptive_slow_drift,,,,,
RawTrust,8,1,1,False,0.6580884158611298,0.9626521370577169,0.5910217761993408,1.0,9.0,0.7516925490950611,0.7836686115926986,1.3769832849502563,0.2,adaptive_slow_drift,,,,,
RawTrust,8,2,0,False,0.7360315322875977,0.6793483414243976,0.47245484590530396,1.0,9.0,0.7454126466404627,0.7204750261104349,1.9201692342758179,0.2,adaptive_slow_drift,,,,,
RawTrust,8,3,0,False,0.4051305204629898,0.7397844979584172,0.8021783828735352,1.0,9.0,0.5398634419551351,0.5234738537411621,1.7962194681167603,0.2,adaptive_slow_drift,,,,,
RawTrust,8,4,1,False,0.7274466753005981,0.22630122096975225,0.6526329517364502,1.0,9.0,0.5334341797856257,0.563864967712317,0.44320666790008545,0.2,adaptive_slow_drift,,,,,
RawTrust,8,5,0,False,0.6239840984344482,0.12824723304659913,0.40516579151153564,1.0,9.0,0.4083966467822908,0.38963910801252716,0.28411465883255005,0.2,adaptive_slow_drift,,,,,
RawTrust,8,6,3,True,0.8079474568367004,0.6614134229299576,0.9999999403953552,0.05,9.0,0.05,0.21067975489893537,1.9608181715011597,0.2,adaptive_slow_drift,,,,,
RawTrust,8,7,1,False,0.7775100469589233,1.0,0.3904229402542114,1.0,9.0,0.8696642586217385,0.8372598435063333,1.4186385869979858,0.2,adaptive_slow_drift,,,,,
RawTrust,8,8,0,False,0.3751935288310051,0.8297608943803135,0.8021783828735352,1.0,9.0,0.5307370927445302,0.523875570481505,1.6418359279632568,0.2,adaptive_slow_drift,,,,,
RawTrust,8,9,3,False,0.6582624614238739,0.46856798848270653,0.6526329517364502,1.0,9.0,0.6077810124807274,0.6854786660730904,0.7835996150970459,0.2,adaptive_slow_drift,,,,,
RawTrust,9,0,2,True,0.8482048213481903,0.4634111658200558,1.0000001192092896,0.05,7.0,0.05,0.18613816945804051,2.3615071773529053,0.2,adaptive_slow_drift,,,,,
RawTrust,9,1,2,False,0.6827320605516434,0.6224999560093906,0.5725746154785156,1.0,7.0,0.6730116118907291,0.7560043616672062,1.3323304653167725,0.2,adaptive_slow_drift,,,,,
RawTrust,9,2,2,False,0.7098773121833801,0.7282514834149755,0.5466105937957764,1.0,7.0,0.7461243198666456,0.7268873495494875,1.9177953004837036,0.2,adaptive_slow_drift,,,,,
RawTrust,9,3,2,False,0.38424523174762726,0.8841171981523529,0.8103488683700562,1.0,7.0,0.5531752510480704,0.5308992030678892,1.7539689540863037,0.2,adaptive_slow_drift,,,,,
RawTrust,9,6,0,True,0.8482048213481903,0.4634111658200558,1.0000001192092896,0.05,7.0,0.05,0.17050981617420152,2.3615071773529053,0.2,adaptive_slow_drift,,,,,
RawTrust,9,7,2,False,0.727086678147316,0.7218167834582201,0.33327826857566833,1.0,7.0,0.7600878885388869,0.8179668547644717,1.4263010025024414,0.2,adaptive_slow_drift,,,,,
RawTrust,9,8,1,False,0.38738101720809937,1.0,0.8103488683700562,1.0,7.0,0.5712539288179289,0.535720160065611,1.6572729349136353,0.2,adaptive_slow_drift,,,,,
RawTrust,9,9,4,False,0.697696328163147,0.19683940036147696,0.5725746154785156,1.0,7.0,0.48377786671842266,0.6350534662344235,0.7841336727142334,0.2,adaptive_slow_drift,,,,,
RawTrust,10,0,0,True,0.8582931160926819,0.6703207882398514,0.9999998807907104,0.05,8.0,0.05,0.1521036270935304,2.0122392177581787,0.2,adaptive_slow_drift,,,,,
RawTrust,10,1,3,False,0.7326387912034988,0.9632869425446776,0.6109206080436707,1.0,8.0,0.7975524411199563,0.7663913815303937,1.3555517196655273,0.2,adaptive_slow_drift,,,,,
RawTrust,10,3,4,False,0.4047932028770447,0.8381951462914868,0.625849723815918,1.0,8.0,0.5602178352110568,0.5382288611036811,1.6444392204284668,0.2,adaptive_slow_drift,,,,,
RawTrust,10,4,0,False,0.757948637008667,0.3162060663523483,0.6699325442314148,1.0,8.0,0.6032218537356421,0.5737041892181483,0.49566254019737244,0.2,adaptive_slow_drift,,,,,
RawTrust,10,5,0,False,0.7289350628852844,0.16429941387053607,0.3415375351905823,1.0,8.0,0.479172621613478,0.41202248641276484,0.274403840303421,0.2,adaptive_slow_drift,,,,,
RawTrust,10,6,2,True,0.8582931160926819,0.6703207882398514,0.9999998807907104,0.05,8.0,0.05,0.14038236213065114,2.0122392177581787,0.2,adaptive_slow_drift,,,,,
RawTrust,10,7,6,False,0.6803130507469177,0.9632869425446776,0.3415375351905823,1.0,8.0,0.7990608626925962,0.8132403567465029,1.4503010511398315,0.2,adaptive_slow_drift,,,,,
RawTrust,10,8,0,False,0.3524627834558487,0.8310324364315641,0.625849723815918,1.0,8.0,0.5130395013589147,0.5300499953889369,1.6572346687316895,0.2,adaptive_slow_drift,,,,,
RawTrust,10,9,2,False,0.738831177353859,0.43750764262117753,0.6699325442314148,1.0,8.0,0.634441239896163,0.6349004096498583,0.664574921131134,0.2,adaptive_slow_drift,,,,,
AgriTrust-ACFL,1,0,0,True,0.8802255690097809,0.7453780805059479,0.709750771522522,1.0,7.0,0.8319648870149448,0.7327883795088309,0.48207417130470276,0.2,adaptive_slow_drift,True,False,5409.44381753419,1.6676287353038788,0.5868671527984826
AgriTrust-ACFL,1,1,0,False,0.7726117372512817,0.6703206525672322,0.48758161067962646,1.0,7.0,0.7365573916884517,0.7327471722426329,1.0378786325454712,0.2,adaptive_slow_drift,True,False,14822.009800123977,1.6676287353038788,0.5868671527984826
AgriTrust-ACFL,1,2,0,False,0.7537227272987366,0.5555283415280643,0.709750771522522,1.0,7.0,0.7109748230232136,0.7541744125287564,1.2773276567459106,0.2,adaptive_slow_drift,True,False,9277.099448516232,1.6676287353038788,0.5868671527984826
AgriTrust-ACFL,1,4,0,False,0.8295754790306091,0.6654342188048662,0.42103689908981323,1.0,7.0,0.792476546857743,0.718830395186083,0.4252658486366272,0.2,adaptive_slow_drift,True,False,553.499404293284,1.6676287353038788,0.5868671527984826
AgriTrust-ACFL,1,5,0,False,0.6034313887357712,0.46211766926452974,0.35624098777770996,1.0,7.0,0.5889703673694974,0.5580124943435353,0.2842196226119995,0.2,adaptive_slow_drift,False,False,0.0,1.6676287353038788,0.5868671527984826
AgriTrust-ACFL,1,8,0,False,0.281895250082016,0.8643917931794273,0.1644008606672287,1.0,7.0,0.45910769613912256,0.5376831690862776,0.7836188077926636,0.2,adaptive_slow_drift,False,False,0.0,1.6676287353038788,0.5868671527984826
AgriTrust-ACFL,1,9,0,False,0.8503655791282654,1.0,0.5765974521636963,1.0,7.0,0.8783729732935756,0.8263588156994898,0.6670514941215515,0.2,adaptive_slow_drift,True,False,897.4256738496459,1.6676287353038788,0.5868671527984826
AgriTrust-ACFL,2,0,0,True,0.9372519254684448,0.6703208915655432,1.0000001192092896,0.05,6.0,0.05,0.5620912846316232,0.5596343874931335,0.2,adaptive_slow_drift,True,False,4149.3578631506425,1.6795383393764496,0.5605951000350917
AgriTrust-ACFL,2,2,0,False,0.7563829720020294,0.7627231041989946,0.5693787336349487,1.0,6.0,0.7834188177841009,0.7614855138425926,0.9525363445281982,0.2,adaptive_slow_drift,True,False,9367.033305777732,1.6795383393764496,0.5605951000350917
AgriTrust-ACFL,2,3,1,False,0.4268186017870903,0.8440491464692333,0.0342048779129982,1.0,6.0,0.5779886085189647,0.5869897074590382,0.8790194988250732,0.2,adaptive_slow_drift,True,False,9845.840252520473,1.6795383393764496,0.5605951000350917
AgriTrust-ACFL,2,4,1,False,0.6513012051582336,0.5173711454146955,0.33889150619506836,1.0,6.0,0.6432870767964026,0.6999445655886629,0.45575547218322754,0.2,adaptive_slow_drift,True,False,343.65435688738324,1.6795383393764496,0.5605951000350917
AgriTrust-ACFL,2,6,1,True,0.9372519254684448,0.6703208915655432,1.0000001192092896,0.05,6.0,0.05,0.5615177358694394,0.5596343874931335,0.2,adaptive_slow_drift,True,False,368.0646224739815,1.6795383393764496,0.5605951000350917
AgriTrust-ACFL,2,7,1,False,0.7843819856643677,0.6173421980600247,0.5192697644233704,1.0,6.0,0.7561558070271126,0.76741453882664,1.126396656036377,0.2,adaptive_slow_drift,True,False,4578.1257658327695,1.6795383393764496,0.5605951000350917
AgriTrust-ACFL,2,9,1,False,0.6010895520448685,0.8440491464692333,0.33889150619506836,1.0,6.0,0.6897992433478385,0.792218922611577,0.6718153357505798,0.2,adaptive_slow_drift,True,False,548.5832208128091,1.6795383393764496,0.5605951000350917
AgriTrust-ACFL,3,1,0,False,0.5081704761832952,0.8288231862801396,0.5835448503494263,1.0,9.0,0.6234287843598231,0.7054175752719304,1.0957733392715454,0.2,adaptive_slow_drift,True,False,14269.186712600607,2.3838359117507935,0.561225586871317
AgriTrust-ACFL,3,2,2,False,0.43345852941274643,0.6749774551740133,0.3508865237236023,1.0,9.0,0.5560116663720092,0.7101170519749467,1.2757306098937988,0.2,adaptive_slow_drift,True,False,3551.4469048768497,2.3838359117507935,0.561225586871317
AgriTrust-ACFL,3,3,0,False,0.6196853294968605,1.0,0.8694595098495483,1.0,9.0,0.7465678614935394,0.6268842459676636,0.9535343647003174,0.2,adaptive_slow_drift,True,False,16490.816974425357,2.3838359117507935,0.561225586871317
AgriTrust-ACFL,3,4,1,False,0.7900598645210266,0.4883370138306734,0.5731619596481323,1.0,9.0,0.7030934039189546,0.7007317751712359,0.5608059167861938,0.2,adaptive_slow_drift,True,False,344.0408560705109,2.3838359117507935,0.561225586871317
AgriTrust-ACFL,3,5,0,False,0.8368224203586578,0.19033589416242694,0.5731619596481323,1.0,9.0,0.5402899101452876,0.5535818482939734,0.27910885214805603,0.2,adaptive_slow_drift,False,False,0.0,2.3838359117507935,0.561225586871317
AgriTrust-ACFL,3,6,2,True,0.7546350061893463,0.5750561600280513,0.24848854541778564,1.0,9.0,0.7138016301930338,0.599588709450338,0.6329739689826965,0.2,adaptive_slow_drift,True,False,250.6002657579237,2.3838359117507935,0.561225586871317
AgriTrust-ACFL,3,7,2,False,0.731119692325592,0.7598908943417579,0.3871149718761444,1.0,9.0,0.7742520314615378,0.7691239119853646,1.1685518026351929,0.2,adaptive_slow_drift,True,False,2925.644095949386,2.3838359117507935,0.561225586871317
AgriTrust-ACFL,3,8,1,False,0.6398893594741821,0.6327453205752552,0.8694595098495483,1.0,9.0,0.6562653684668375,0.5673287189314176,1.3382569551467896,0.2,adaptive_slow_drift,True,False,9516.057720067638,2.3838359117507935,0.561225586871317
AgriTrust-ACFL,3,9,0,False,0.45770689472556114,0.6703209511813903,0.5835448503494263,1.0,9.0,0.5541199452455597,0.7326941782700727,0.7090669274330139,0.2,adaptive_slow_drift,True,False,795.7058776012989,2.3838359117507935,0.561225586871317
AgriTrust-ACFL,4,2,1,False,0.4910847693681717,0.7890366776914723,0.4560489356517792,1.0,7.0,0.6240813191700442,0.6886081187737211,1.0861514806747437,0.2,adaptive_slow_drift,True,False,5401.072916096808,1.9750425219535828,0.5333000089361477
AgriTrust-ACFL,4,3,0,False,0.6119252666831017,0.8053895848626429,0.6612491011619568,1.0,7.0,0.6948019635983035,0.6438636753753235,0.590679407119751,0.2,adaptive_slow_drift,True,False,16937.47784442326,1.9750425219535828,0.5333000089361477
AgriTrust-ACFL,4,4,0,False,0.4961995391640812,0.6425400661129678,0.4560489356517792,1.0,7.0,0.5911057594202819,0.6733252712334974,0.43605658411979675,0.2,adaptive_slow_drift,True,False,518.460458849793,1.9750425219535828,0.5333000089361477
AgriTrust-ACFL,4,5,0,False,0.8153887987136841,0.4480849584025395,0.3492339253425598,1.0,7.0,0.6886222426251611,0.5873419468767703,0.2686738669872284,0.2,adaptive_slow_drift,True,False,270.7646375101911,1.9750425219535828,0.5333000089361477
AgriTrust-ACFL,4,6,1,True,0.7908523678779602,1.0,0.32835131883621216,1.0,7.0,0.8646923503968422,0.6658646196869641,0.7900170087814331,0.2,adaptive_slow_drift,True,False,436.46209942841136,1.9750425219535828,0.5333000089361477
AgriTrust-ACFL,4,7,2,False,0.7851885259151459,0.6020398986726602,0.3492339253425598,1.0,7.0,0.7509077181761693,0.7645698635330658,1.562134861946106,0.2,adaptive_slow_drift,True,False,2908.3211070791754,1.9750425219535828,0.5333000089361477
AgriTrust-ACFL,4,8,2,False,0.5852115303277969,0.6703205449569181,0.6612491011619568,1.0,7.0,0.6357113357186669,0.5844243731282299,1.3521742820739746,0.2,adaptive_slow_drift,True,False,6250.54810256751,1.9750425219535828,0.5333000089361477
AgriTrust-ACFL,5,0,3,True,0.7771560251712799,0.6703206727133267,0.9999998807907104,0.05,7.0,0.05,0.43406846347371736,1.0203680992126465,0.2,adaptive_slow_drift,False,False,0.0,2.1069397032260895,0.4685632718239819
AgriTrust-ACFL,5,2,0,False,0.7484976500272751,0.36677777078922763,0.470247358083725,1.0,7.0,0.6253189850623034,0.6727858353458667,1.9447963237762451,0.2,adaptive_slow_drift,True,False,8275.938560589506,2.1069397032260895,0.4685632718239819
AgriTrust-ACFL,5,3,3,False,0.2637235224246979,0.4823980957401876,0.4709259271621704,1.0,7.0,0.37499776120910183,0.5766471968337681,1.4507215023040771,0.2,adaptive_slow_drift,True,False,3932.488401705647,2.1069397032260895,0.4685632718239819
AgriTrust-ACFL,5,4,1,False,0.8088596761226654,0.6716703539082214,0.6974124908447266,1.0,7.0,0.7837205534593935,0.7009240917899715,0.43457093834877014,0.2,adaptive_slow_drift,True,False,344.13527846791146,2.1069397032260895,0.4685632718239819
AgriTrust-ACFL,5,5,1,False,0.687114953994751,0.41314605662931403,0.06284941732883453,1.0,7.0,0.6116733835011409,0.593424806032863,0.2584104835987091,0.2,adaptive_slow_drift,True,False,174.43519097292938,2.1069397032260895,0.4685632718239819
AgriTrust-ACFL,5,6,4,True,0.7771560251712799,0.6703206727133267,0.9999998807907104,0.05,7.0,0.05,0.511898464765223,1.0203680992126465,0.2,adaptive_slow_drift,True,False,86.98550202705314,2.1069397032260895,0.4685632718239819
AgriTrust-ACFL,5,8,0,False,0.41807298362255096,0.7153352426066141,0.4709259271621704,1.0,7.0,0.5387591503234369,0.5730080674270317,0.46485665440559387,0.2,adaptive_slow_drift,True,False,15073.550221735495,2.1069397032260895,0.4685632718239819
AgriTrust-ACFL,5,9,2,False,0.7932711839675903,1.0,0.6974124908447266,1.0,7.0,0.8454302201614744,0.760878188742923,0.6651836633682251,0.2,adaptive_slow_drift,True,False,335.95408512316135,2.1069397032260895,0.4685632718239819
AgriTrust-ACFL,6,0,0,True,0.9507769644260406,0.7801019531789566,0.9999998807907104,0.05,6.0,0.05,0.33805134760528804,1.3678619861602783,0.2,adaptive_slow_drift,False,False,0.0,3.419654965400696,0.4605402832306456
AgriTrust-ACFL,6,1,4,False,0.5123025253415108,0.7801019531789566,0.2143089771270752,1.0,6.0,0.614933395422636,0.6827965303096069,0.8474492430686951,0.2,adaptive_slow_drift,True,False,2283.043482508612,3.419654965400696,0.4605402832306456
AgriTrust-ACFL,6,2,0,False,0.6987928748130798,0.6282942010385759,0.42994236946105957,1.0,6.0,0.7076467925370266,0.6815010746436567,1.6851767301559448,0.2,adaptive_slow_drift,True,False,8383.144719191621,3.419654965400696,0.4605402832306456
AgriTrust-ACFL,6,5,1,False,0.6787669211626053,0.2455988785918235,0.37844759225845337,1.0,6.0,0.5198004021185385,0.5750187050542819,0.2781418561935425,0.2,adaptive_slow_drift,True,False,169.0247805778371,3.419654965400696,0.4605402832306456
AgriTrust-ACFL,6,6,0,True,0.9507769644260406,0.7801019531789566,0.9999998807907104,0.05,6.0,0.05,0.39642384857391727,1.3678619861602783,0.2,adaptive_slow_drift,False,False,0.0,3.419654965400696,0.4605402832306456
AgriTrust-ACFL,6,7,4,False,0.5709658712148666,0.6703207414007287,0.10229915380477905,1.0,6.0,0.6508541766433675,0.7361409418106413,1.5832103490829468,0.2,adaptive_slow_drift,True,False,1138.4687607162416,3.419654965400696,0.4605402832306456
AgriTrust-ACFL,6,8,1,False,0.4388369992375374,0.39534005952399454,0.2143089771270752,1.0,6.0,0.463138775174672,0.5455407443639417,0.440113365650177,0.2,adaptive_slow_drift,True,False,9150.598301799531,3.419654965400696,0.4605402832306456
AgriTrust-ACFL,7,0,0,True,0.8031542599201202,0.6478382804065357,0.9999997615814209,0.05,7.0,0.05,0.26603851070396606,1.2866215705871582,0.2,adaptive_slow_drift,False,False,0.0,2.185521647334099,0.5030496458511482
AgriTrust-ACFL,7,1,0,False,0.7935795783996582,0.764791659346813,0.47952723503112793,1.0,7.0,0.7776439634051073,0.706508388583482,1.0297902822494507,0.2,adaptive_slow_drift,True,False,14291.251684266674,2.185521647334099,0.5030496458511482
AgriTrust-ACFL,7,2,2,False,0.7942219376564026,0.4701779319432023,0.6450245380401611,1.0,7.0,0.6960215326016674,0.6851311891331595,1.9779505729675293,0.2,adaptive_slow_drift,True,False,3426.4872732099943,2.185521647334099,0.5030496458511482
AgriTrust-ACFL,7,4,3,False,0.8948449194431305,0.6935830245279568,0.734794020652771,1.0,7.0,0.836517333530144,0.7348224022250146,0.4398575723171234,0.2,adaptive_slow_drift,True,False,146.68157433256474,2.185521647334099,0.5030496458511482
AgriTrust-ACFL,7,5,0,False,0.5334981046617031,0.48717044854346264,0.05651610344648361,1.0,7.0,0.5591775082870989,0.5710584058624861,0.27382826805114746,0.2,adaptive_slow_drift,True,False,263.2579251026061,2.185521647334099,0.5030496458511482
AgriTrust-ACFL,7,6,1,True,0.8031542301177979,0.6478382804065357,0.9999997615814209,0.05,7.0,0.05,0.30981788643043795,1.2866215705871582,0.2,adaptive_slow_drift,False,False,0.0,2.185521647334099,0.5030496458511482
AgriTrust-ACFL,7,8,1,False,0.2993190586566925,0.7408574265717794,0.05651610344648361,1.0,7.0,0.45305133149184446,0.5224183911459174,0.48054274916648865,0.2,adaptive_slow_drift,True,False,8762.756755083983,2.185521647334099,0.5030496458511482
AgriTrust-ACFL,7,9,3,False,0.8967939615249634,1.0,0.734794020652771,1.0,7.0,0.9044338661772667,0.796767108101509,0.7186270356178284,0.2,adaptive_slow_drift,True,False,224.3177664772429,2.185521647334099,0.5030496458511482
AgriTrust-ACFL,8,0,4,True,0.7699533104896545,0.5714150785256625,1.0,0.05,9.0,0.05,0.21202888302797457,1.43277907371521,0.2,adaptive_slow_drift,True,True,129.36267970322086,2.3571430891752243,0.5113197551538733
AgriTrust-ACFL,8,1,1,False,0.6150180473923683,0.7863459082255764,0.537086546421051,1.0,9.0,0.6815779136077798,0.7002757698395563,1.0575144290924072,0.2,adaptive_slow_drift,True,False,9032.116439168829,2.3571430891752243,0.5113197551538733
AgriTrust-ACFL,8,2,0,False,0.6669109165668488,0.5649221632667235,0.42479631304740906,1.0,9.0,0.6680513689115449,0.6808612340777559,1.4484384059906006,0.2,adaptive_slow_drift,True,False,8375.274040390475,2.3571430891752243,0.5113197551538733
AgriTrust-ACFL,8,3,0,False,0.4870968433097005,1.0,0.8355656862258911,1.0,9.0,0.6539786124930428,0.5959800507485867,0.8413868546485901,0.2,adaptive_slow_drift,True,False,15677.851214992323,2.3571430891752243,0.5113197551538733
AgriTrust-ACFL,8,4,1,False,0.7245040386915207,0.5482252703131686,0.537086546421051,1.0,9.0,0.6940556463918182,0.7246307132667156,0.4750047028064728,0.2,adaptive_slow_drift,True,False,355.77460557763976,2.3571430891752243,0.5113197551538733
AgriTrust-ACFL,8,5,0,False,0.6591201722621918,0.3272358408252237,0.4364617168903351,1.0,9.0,0.5574566751799961,0.5676579731918636,0.2907631993293762,0.2,adaptive_slow_drift,True,False,261.69032564144914,2.3571430891752243,0.5113197551538733
AgriTrust-ACFL,8,6,3,True,0.7699533104896545,0.571415028543128,1.0,0.05,9.0,0.05,0.24486341482282847,1.4327791929244995,0.2,adaptive_slow_drift,False,False,0.0,2.3571430891752243,0.5113197551538733
AgriTrust-ACFL,8,7,1,False,0.747151255607605,0.7967881220716508,0.33647552132606506,1.0,9.0,0.7947688987624668,0.7507979310485977,1.0443276166915894,0.2,adaptive_slow_drift,True,False,4478.996916481406,2.3571430891752243,0.5113197551538733
AgriTrust-ACFL,8,8,0,False,0.43096478283405304,0.8141167118899073,0.8355656862258911,1.0,9.0,0.5695109738185726,0.5341915368140812,0.6918984651565552,0.2,adaptive_slow_drift,True,False,14052.442567431219,2.3571430891752243,0.5113197551538733
AgriTrust-ACFL,8,9,3,False,0.5929996967315674,0.9201727415355405,0.42666566371917725,1.0,9.0,0.7026460560563035,0.7732368450902076,0.7773719429969788,0.2,adaptive_slow_drift,True,False,217.6931756907408,2.3571430891752243,0.5113197551538733
AgriTrust-ACFL,9,0,2,True,0.8465741872787476,0.4884621527491321,1.0000004768371582,0.05,7.0,0.05,0.17152166227098092,1.5657174587249756,0.2,adaptive_slow_drift,False,False,0.0,2.5982317328453064,0.5085738306530925
AgriTrust-ACFL,9,1,2,False,0.6930848956108093,1.0,0.4233488440513611,1.0,7.0,0.7823041520046015,0.7207828653808177,1.0239405632019043,0.2,adaptive_slow_drift,True,False,5927.783931800702,2.5982317328453064,0.5085738306530925
AgriTrust-ACFL,9,2,2,False,0.6786983013153076,0.7075765339694806,0.5568389892578125,1.0,7.0,0.72165598103847,0.6910599208179344,1.2569507360458374,0.2,adaptive_slow_drift,True,False,3456.1381254648168,2.5982317328453064,0.5085738306530925
AgriTrust-ACFL,9,3,2,False,0.39840734750032425,0.7072894639897099,0.8277484774589539,1.0,7.0,0.5277573804012011,0.5789243831617403,0.8339245915412903,0.2,adaptive_slow_drift,True,False,6191.724491797877,2.5982317328453064,0.5085738306530925
AgriTrust-ACFL,9,6,0,True,0.8465741872787476,0.4884621527491321,1.0000004768371582,0.05,7.0,0.05,0.19614756111712137,1.5657174587249756,0.2,adaptive_slow_drift,True,True,100.81984641420038,2.5982317328453064,0.5085738306530925
AgriTrust-ACFL,9,7,2,False,0.6644283533096313,0.951375210113884,0.177992045879364,1.0,7.0,0.7858060209254841,0.7595499535178193,1.0546448230743408,0.2,adaptive_slow_drift,True,False,2889.2260433717,2.5982317328453064,0.5085738306530925
AgriTrust-ACFL,9,8,1,False,0.3724691867828369,0.5179654656021238,0.8277484774589539,1.0,7.0,0.45892640901200643,0.5153752548635625,0.6933185458183289,0.2,adaptive_slow_drift,True,False,8644.619087878573,2.5982317328453064,0.5085738306530925
AgriTrust-ACFL,9,9,4,False,0.6855078935623169,0.6352851316684858,0.5568389892578125,1.0,7.0,0.6809156325707965,0.7501565419603549,0.7825079560279846,0.2,adaptive_slow_drift,True,False,134.6640460227215,2.5982317328453064,0.5085738306530925
AgriTrust-ACFL,10,0,0,True,0.8796437978744507,0.5513587454871626,1.000000238418579,0.05,8.0,0.05,0.1411412467032357,1.3985422849655151,0.2,adaptive_slow_drift,False,False,0.0,1.545156091451645,0.48061082879539985
AgriTrust-ACFL,10,1,3,False,0.687389925122261,0.6703204990777663,0.47487926483154297,1.0,8.0,0.6907002066372298,0.7132622006949207,1.047452449798584,0.2,adaptive_slow_drift,True,False,3740.2842079105476,1.545156091451645,0.48061082879539985
AgriTrust-ACFL,10,3,4,False,0.40442027896642685,0.9574655885301226,0.7281059622764587,1.0,8.0,0.582733765092106,0.5798767286443317,0.5434656739234924,0.2,adaptive_slow_drift,True,False,2521.5084537488915,1.545156091451645,0.48061082879539985
AgriTrust-ACFL,10,4,0,False,0.7410756647586823,0.84774898602356,0.5158841013908386,1.0,8.0,0.8009192244068927,0.7437028410517599,0.45390674471855164,0.2,adaptive_slow_drift,True,False,572.6511876098551,1.545156091451645,0.48061082879539985
AgriTrust-ACFL,10,5,0,False,0.7108925879001617,0.6008486778254468,0.32948023080825806,1.0,8.0,0.6973391602736314,0.6000782699623055,0.2727492153644562,0.2,adaptive_slow_drift,True,False,276.6360824526228,1.545156091451645,0.48061082879539985
AgriTrust-ACFL,10,6,2,True,0.8796438574790955,0.5513587772504198,1.000000238418579,0.05,8.0,0.05,0.15961067083784103,1.3985421657562256,0.2,adaptive_slow_drift,False,False,0.0,1.545156091451645,0.48061082879539985
AgriTrust-ACFL,10,7,6,False,0.6678509563207626,0.6157679633823855,0.32948023080825806,1.0,8.0,0.6916114860147576,0.7425653366420539,1.1876276731491089,0.2,adaptive_slow_drift,True,False,466.9063540984258,1.545156091451645,0.48061082879539985
AgriTrust-ACFL,10,8,0,False,0.33458852767944336,0.9274412385047948,0.7281059622764587,1.0,8.0,0.5152525047587646,0.5153445673373631,0.5184409022331238,0.2,adaptive_slow_drift,True,False,13556.654188376675,1.545156091451645,0.48061082879539985
AgriTrust-ACFL,10,9,2,False,0.7403452545404434,0.9574655885301226,0.5158841013908386,1.0,8.0,0.8033811919216977,0.7634627044506905,0.618062436580658,0.2,adaptive_slow_drift,True,False,337.09523836284615,1.545156091451645,0.48061082879539985
RawTrust,1,0,0,True,0.8871204257011414,1.0,0.7120695114135742,1.0,7.0,0.9125480504036828,0.813077999154821,0.842119038105011,0.2,alie_jitter,,,,,
RawTrust,1,1,0,False,0.8784965574741364,0.6703204719153877,0.7128185033798218,1.0,7.0,0.7904690613074601,0.8171262240180581,1.5805162191390991,0.2,alie_jitter,,,,,
RawTrust,1,2,0,False,0.8103114366531372,0.5475266011481897,0.7120695114135742,1.0,7.0,0.7366413941537071,0.775456792508134,2.1732754707336426,0.2,alie_jitter,,,,,
RawTrust,1,4,0,False,0.9074305593967438,0.7017591862505923,0.7556198835372925,1.0,7.0,0.8459368291998817,0.5924375606687946,0.48225727677345276,0.2,alie_jitter,,,,,
RawTrust,1,5,0,False,0.6496111750602722,0.4888916129803684,0.18390938639640808,1.0,7.0,0.6238002195126983,0.4289628670865545,0.27302640676498413,0.2,alie_jitter,,,,,
RawTrust,1,8,0,False,0.2379632592201233,0.641887920973446,-0.12136932462453842,1.0,7.0,0.3825351314311975,0.4814333035334723,1.6921005249023438,0.2,alie_jitter,,,,,
RawTrust,1,9,0,False,0.9167197644710541,0.9380198342488121,0.7556198835372925,1.0,7.0,0.89802738015147,0.7409477953401729,0.7614408135414124,0.2,alie_jitter,,,,,
RawTrust,2,0,0,True,0.9445079863071442,0.9997841140772334,0.9179028868675232,1.0,7.0,0.944496366919847,0.8459325910960775,0.9607415199279785,0.2,alie_jitter,,,,,
RawTrust,2,2,0,False,0.8747296929359436,0.5938720447079491,0.662324070930481,1.0,7.0,0.787253250229348,0.7784059069384376,1.8387254476547241,0.2,alie_jitter,,,,,
RawTrust,2,3,1,False,0.29088352620601654,0.6572453211669356,-0.21698933839797974,1.0,7.0,0.4342490655897519,0.5250734138376485,1.620637059211731,0.2,alie_jitter,,,,,
RawTrust,2,4,1,False,0.7213474810123444,0.5720680670649466,0.7561544179916382,1.0,7.0,0.7012904555398728,0.6196507843865642,0.47940388321876526,0.2,alie_jitter,,,,,
RawTrust,2,6,1,True,0.9442138075828552,1.0,0.9179028868675232,1.0,7.0,0.9532302748373631,0.6729039456147196,0.9609998464584351,0.2,alie_jitter,,,,,
RawTrust,2,7,1,False,0.8420842289924622,0.6703205843667991,0.5916072130203247,1.0,7.0,0.8059231423930703,0.8181816420609899,1.5813688039779663,0.2,alie_jitter,,,,,
RawTrust,2,9,1,False,0.756866991519928,0.8245818630852108,0.7561544179916382,1.0,7.0,0.7775471589279651,0.750097636237121,0.7558212876319885,0.2,alie_jitter,,,,,
RawTrust,3,1,0,False,0.678918331861496,0.94723632802173,0.6666052341461182,1.0,9.0,0.7609922685666966,0.8030927351552177,1.6738048791885376,0.2,alie_jitter,,,,,
RawTrust,3,2,2,False,0.6454284936189651,0.6703209291585328,0.46572035551071167,1.0,9.0,0.690680631361633,0.7564745880442365,2.1761720180511475,0.2,alie_jitter,,,,,
RawTrust,3,3,0,False,0.4212103635072708,0.8025283837961396,0.7897684574127197,1.0,9.0,0.5651812155175521,0.5351003642576244,1.8982514142990112,0.2,alie_jitter,,,,,
RawTrust,3,4,1,False,0.7583376169204712,0.17017471474300316,0.39414915442466736,1.0,9.0,0.5010453889971233,0.589999435539204,0.4188503921031952,0.2,alie_jitter,,,,,
RawTrust,3,5,0,False,0.7826822102069855,0.0981583779852631,0.30456215143203735,1.0,9.0,0.42694560339131093,0.4284585511627437,0.2758508324623108,0.2,alie_jitter,,,,,
RawTrust,3,6,2,True,0.7930798232555389,0.5335835812971289,0.3356321156024933,1.0,9.0,0.7172889975249431,0.6840002085922754,0.9971792697906494,0.2,alie_jitter,,,,,
RawTrust,3,7,2,False,0.7417097687721252,1.0,0.4235590994358063,1.0,9.0,0.8474069391156989,0.8254879663246671,1.6063342094421387,0.2,alie_jitter,,,,,
RawTrust,3,8,1,False,0.39171136170625687,0.9103728532124046,0.7897684574127197,1.0,9.0,0.55879215194513,0.5007730156363868,1.7250030040740967,0.2,alie_jitter,,,,,
RawTrust,3,9,0,False,0.6863711625337601,0.3759686367081191,0.6666052341461182,1.0,9.0,0.5821686241903544,0.7081153832254293,0.7644717693328857,0.2,alie_jitter,,,,,
RawTrust,4,2,1,False,0.5883186832070351,0.6790580478824354,0.48159080743789673,1.0,7.0,0.6589234932365553,0.7320868143423163,1.8009928464889526,0.2,alie_jitter,,,,,
RawTrust,4,3,0,False,0.5079193245619535,0.6703218578921352,0.8045194745063782,1.0,7.0,0.5935362406994891,0.5497093333680906,1.8096412420272827,0.2,alie_jitter,,,,,
RawTrust,4,4,0,False,0.5789154917001724,0.043732437837468205,0.48159080743789673,1.0,7.0,0.28731849387685304,0.5143292001236163,0.4903097152709961,0.2,alie_jitter,,,,,
RawTrust,4,5,0,False,0.7713915705680847,0.008903510353304842,0.24044449627399445,1.0,7.0,0.20615406292195046,0.3728824291025454,0.2721046507358551,0.2,alie_jitter,,,,,
RawTrust,4,6,1,True,0.8229594230651855,0.4430931821257724,0.33640021085739136,1.0,7.0,0.6923342055245489,0.6860837078253439,1.1548875570297241,0.2,alie_jitter,,,,,
RawTrust,4,7,2,False,0.7755757868289948,1.0,0.33640021085739136,1.0,7.0,0.8684736569142849,0.8362343889720716,1.5607151985168457,0.2,alie_jitter,,,,,
RawTrust,4,8,2,False,0.4885379336774349,0.7894583682790257,0.8045194745063782,1.0,7.0,0.6045690989617157,0.526722036467719,1.7033665180206299,0.2,alie_jitter,,,,,
RawTrust,5,0,3,True,0.9538735151290894,0.9977990234434467,0.9175641536712646,1.0,8.0,0.9490698574074348,0.8717169076739169,1.4702192544937134,0.2,alie_jitter,,,,,
RawTrust,5,2,0,False,0.6643032133579254,0.5731892512998743,0.5525085926055908,1.0,8.0,0.6695251188713623,0.7164463904745778,2.4117114543914795,0.2,alie_jitter,,,,,
RawTrust,5,3,3,False,0.3720788210630417,0.7907650420444986,0.5180639028549194,1.0,8.0,0.5255797010404034,0.5436769252861688,1.8135837316513062,0.2,alie_jitter,,,,,
RawTrust,5,4,1,False,0.6488136053085327,0.28892147685382513,0.7963584661483765,1.0,8.0,0.5389941481223324,0.5204954371232953,0.49045300483703613,0.2,alie_jitter,,,,,
RawTrust,5,5,1,False,0.6319513320922852,0.14717458926687968,0.21850824356079102,1.0,8.0,0.42859606299400604,0.3868108375754105,0.26984214782714844,0.2,alie_jitter,,,,,
RawTrust,5,6,4,True,0.9546523094177246,0.9977990234434467,0.9175641536712646,1.0,8.0,0.9583782165130238,0.7541573349972638,1.4759694337844849,0.2,alie_jitter,,,,,
RawTrust,5,8,0,False,0.45169610530138016,0.7839120807549751,0.5180639028549194,1.0,8.0,0.5778283063974495,0.5394986039501516,1.827620267868042,0.2,alie_jitter,,,,,
RawTrust,5,9,2,False,0.6550571620464325,0.45197284697981926,0.7963584661483765,1.0,8.0,0.5996296613570669,0.6809939527583386,0.7290107607841492,0.2,alie_jitter,,,,,
RawTrust,6,0,0,True,0.9348692893981934,0.6702649468921146,0.9172049760818481,1.0,7.0,0.8330139355815535,0.862041164650826,1.992367148399353,0.2,alie_jitter,,,,,
RawTrust,6,1,4,False,0.6395250707864761,0.7088539284339335,0.2861519455909729,1.0,7.0,0.6750435429510901,0.7710804371041857,1.3745263814926147,0.2,alie_jitter,,,,,
RawTrust,6,2,0,False,0.751479983329773,0.44092969226824513,0.4183732271194458,1.0,7.0,0.6622795616421651,0.7029046832664746,2.4552342891693115,0.2,alie_jitter,,,,,
RawTrust,6,5,1,False,0.7180950343608856,0.02956919172166806,0.39581620693206787,1.0,7.0,0.2841019555260962,0.36113361706308195,0.28178995847702026,0.2,alie_jitter,,,,,
RawTrust,6,6,0,True,0.9345046281814575,0.6703213898543616,0.9172049760818481,1.0,7.0,0.8406473743287138,0.7757798448301263,1.9922834634780884,0.2,alie_jitter,,,,,
RawTrust,6,7,4,False,0.6831342875957489,0.9715279132318769,0.2630845308303833,1.0,7.0,0.8029310402861791,0.8279085518005984,1.608572006225586,0.2,alie_jitter,,,,,
RawTrust,6,8,1,False,0.3612816780805588,1.0,-0.10688196122646332,1.0,7.0,0.5497539787761144,0.5420624476566422,1.631916880607605,0.2,alie_jitter,,,,,
RawTrust,7,0,0,True,0.9184376001358032,0.7962030591143902,0.9165743589401245,1.0,8.0,0.8686599249418454,0.8636958547235809,1.7907323837280273,0.2,alie_jitter,,,,,
RawTrust,7,1,0,False,0.736593946814537,0.9608466708655814,0.6464688777923584,1.0,8.0,0.7993091845658843,0.7781376239696104,1.4229118824005127,0.2,alie_jitter,,,,,
RawTrust,7,2,2,False,0.7605348229408264,0.5654362484122919,0.6563959717750549,1.0,8.0,0.7183011650525941,0.7067538037130044,2.402291774749756,0.2,alie_jitter,,,,,
RawTrust,7,4,3,False,0.7700399160385132,0.27861493789138286,0.7763999700546265,1.0,8.0,0.5858247701209371,0.5368277703727058,0.49164441227912903,0.2,alie_jitter,,,,,
RawTrust,7,5,0,False,0.5952391475439072,0.1381850616124728,0.027215072885155678,1.0,8.0,0.4069499274738734,0.3725876946657798,0.26929381489753723,0.2,alie_jitter,,,,,
RawTrust,7,6,1,True,0.9184989929199219,0.7946607814052755,0.9165743589401245,1.0,8.0,0.8763083436751951,0.8009119695413935,1.7937153577804565,0.2,alie_jitter,,,,,
RawTrust,7,8,1,False,0.33040785789489746,0.9608466708655813,-0.03319772332906723,1.0,8.0,0.5171625218572438,0.5358374662067926,1.5239053964614868,0.2,alie_jitter,,,,,
RawTrust,7,9,3,False,0.7924043238162994,0.4490738605806137,0.7763999700546265,1.0,8.0,0.6645259388392118,0.6768769492785569,0.7406485080718994,0.2,alie_jitter,,,,,
RawTrust,8,0,4,True,0.9424830377101898,0.6252417840225502,0.9171022176742554,1.0,10.0,0.8194645482254588,0.8526380280990504,2.061748743057251,0.2,alie_jitter,,,,,
RawTrust,8,1,1,False,0.610058143734932,0.864780912325851,0.6174460649490356,1.0,10.0,0.6981827279751698,0.7581488999710002,1.4152805805206299,0.2,alie_jitter,,,,,
RawTrust,8,2,0,False,0.6561228036880493,0.7105868469323763,0.4703393578529358,1.0,10.0,0.7092558745526982,0.7073793214229278,1.9064942598342896,0.2,alie_jitter,,,,,
RawTrust,8,3,0,False,0.4091763347387314,0.7519775285808814,0.8172216415405273,1.0,10.0,0.5454907120104828,0.5441303719672473,1.841583490371704,0.2,alie_jitter,,,,,
RawTrust,8,4,1,False,0.6423513293266296,0.13394541326516182,0.6546404957771301,1.0,10.0,0.42563509485656653,0.5090296014936709,0.4521201550960541,0.2,alie_jitter,,,,,
RawTrust,8,5,0,False,0.5861205607652664,0.06323733888747997,0.40420740842819214,1.0,10.0,0.31915909943652954,0.35923054585846725,0.2856388986110687,0.2,alie_jitter,,,,,
RawTrust,8,6,3,True,0.9431340992450714,0.6323371095374942,0.9171022176742554,1.0,10.0,0.8302504758919435,0.808246596129031,2.047562837600708,0.2,alie_jitter,,,,,
RawTrust,8,7,1,False,0.6933284997940063,0.8643413078756095,0.378829687833786,1.0,10.0,0.7816014854935074,0.8163317852238257,1.4148403406143188,0.2,alie_jitter,,,,,
RawTrust,8,8,0,False,0.3936240002512932,0.8647809123258509,0.8172216415405273,1.0,10.0,0.5517213725784222,0.5398084427997001,1.690639853477478,0.2,alie_jitter,,,,,
RawTrust,8,9,3,False,0.6181671172380447,0.32900458398078486,0.6546404957771301,1.0,10.0,0.5280373878221081,0.6396670589144446,0.7835103869438171,0.2,alie_jitter,,,,,
RawTrust,9,0,2,True,0.9713982343673706,0.5183026150559618,0.9174638986587524,1.0,8.0,0.7876057237113901,0.8363799520021353,2.4806010723114014,0.2,alie_jitter,,,,,
RawTrust,9,1,2,False,0.5829621404409409,0.6470316889456008,0.5657441020011902,1.0,8.0,0.6241988364443882,0.7246613840893472,1.3700003623962402,0.2,alie_jitter,,,,,
RawTrust,9,2,2,False,0.6303754150867462,0.8226986663596437,0.549521803855896,1.0,8.0,0.7249829693031359,0.7117802333929798,1.9298369884490967,0.2,alie_jitter,,,,,
RawTrust,9,3,2,False,0.4022628962993622,0.9597010843181487,0.8242312669754028,1.0,8.0,0.5814286190673803,0.5534549337422806,1.7748844623565674,0.2,alie_jitter,,,,,
RawTrust,9,6,0,True,0.9723156690597534,0.5171760812570848,0.9174638986587524,1.0,8.0,0.7948673754987217,0.8049017909714538,2.4835357666015625,0.2,alie_jitter,,,,,
RawTrust,9,7,2,False,0.6468768566846848,0.6944491677606618,0.32509225606918335,1.0,8.0,0.7045427376100958,0.7883845233203932,1.423675537109375,0.2,alie_jitter,,,,,
RawTrust,9,8,1,False,0.4140944257378578,0.9597010843181487,0.8242312669754028,1.0,8.0,0.5853270200819135,0.5511880871202535,1.6972883939743042,0.2,alie_jitter,,,,,
RawTrust,9,9,4,False,0.6128313988447189,0.23175001136356152,0.5657441020011902,1.0,8.0,0.473085163728695,0.5980215851180073,0.7841832041740417,0.2,alie_jitter,,,,,
RawTrust,10,0,0,True,0.8370187878608704,0.6668997892224253,0.9175307750701904,1.0,9.0,0.78268653190866,0.8229565969787664,2.1138699054718018,0.2,alie_jitter,,,,,
RawTrust,10,1,3,False,0.7348531037569046,0.9570829422720016,0.6243977546691895,1.0,9.0,0.7973302886099696,0.7428286102195027,1.3929498195648193,0.2,alie_jitter,,,,,
RawTrust,10,3,4,False,0.41006094962358475,0.8655369226535095,0.6502394676208496,1.0,9.0,0.5696753517341836,0.5575100382402564,1.6591812372207642,0.2,alie_jitter,,,,,
RawTrust,10,4,0,False,0.7572890818119049,0.31405961338031596,0.6701031923294067,1.0,9.0,0.601702326485447,0.532197782741615,0.49472567439079285,0.2,alie_jitter,,,,,
RawTrust,10,5,0,False,0.7267105877399445,0.16689514988709797,0.3315480947494507,1.0,9.0,0.4806226814766946,0.3895785797630241,0.2749757170677185,0.2,alie_jitter,,,,,
RawTrust,10,6,2,True,0.8374458849430084,0.6703207675972065,0.9175307750701904,1.0,9.0,0.7914439304365468,0.801537325837727,2.1038460731506348,0.2,alie_jitter,,,,,
RawTrust,10,7,6,False,0.6814177334308624,1.0,0.3315480947494507,1.0,9.0,0.8087991830381007,0.7934881882498201,1.4508851766586304,0.2,alie_jitter,,,,,
RawTrust,10,8,0,False,0.35642528533935547,0.8495553214381262,0.6502394676208496,1.0,9.0,0.5196288954240423,0.5432982891962007,1.688157558441162,0.2,alie_jitter,,,,,
RawTrust,10,9,2,False,0.7401252388954163,0.4300674142430173,0.6701031923294067,1.0,9.0,0.6317928020430089,0.6064643893492577,0.662511944770813,0.2,alie_jitter,,,,,
AgriTrust-ACFL,1,0,0,True,0.8702429234981537,0.7777053407742234,0.6810430288314819,1.0,7.0,0.8373598297999323,0.7341371152050777,0.5052327513694763,0.2,alie_jitter,True,False,5419.4001844438835,1.6676287353038788,0.5866691509888172
AgriTrust-ACFL,1,1,0,False,0.7707267999649048,0.6703206525672322,0.48758161067962646,1.0,7.0,0.735568511902358,0.7324999522961094,1.0378786325454712,0.2,alie_jitter,True,False,14817.009035045701,1.6676287353038788,0.5866691509888172
AgriTrust-ACFL,1,2,0,False,0.7483848035335541,0.5555283415280643,0.6810430288314819,1.0,7.0,0.7082010461283721,0.753480968305046,1.2773276567459106,0.2,alie_jitter,True,False,9268.56939112037,1.6676287353038788,0.5866691509888172
AgriTrust-ACFL,1,4,0,False,0.8306548297405243,0.6654342188048662,0.42103689908981323,1.0,7.0,0.7930434759016853,0.7189721274470686,0.4252658486366272,0.2,alie_jitter,True,False,553.6085381342428,1.6676287353038788,0.5866691509888172
AgriTrust-ACFL,1,5,0,False,0.6069352105259895,0.46211766926452974,0.35624098777770996,1.0,7.0,0.5908488365545136,0.5584821116397893,0.2842196226119995,0.2,alie_jitter,False,False,0.0,1.6676287353038788,0.5866691509888172
AgriTrust-ACFL,1,8,0,False,0.2846193164587021,0.8643917931794273,0.1644008606672287,1.0,7.0,0.4615425129118778,0.5382918732794664,0.7836188077926636,0.2,alie_jitter,False,False,0.0,1.6676287353038788,0.5866691509888172
AgriTrust-ACFL,1,9,0,False,0.8459572494029999,1.0,0.5520110130310059,1.0,7.0,0.8758656080957826,0.8257319744000415,0.6670514941215515,0.2,alie_jitter,True,False,896.7449241984451,1.6676287353038788,0.5866691509888172
AgriTrust-ACFL,2,0,0,True,0.9271817803382874,0.8113507213629381,0.9176343083381653,1.0,7.0,0.8781497865433505,0.7701402830396459,0.5837575793266296,0.2,alie_jitter,True,False,5685.175569398666,1.6795383393764496,0.6041009704748294
AgriTrust-ACFL,2,2,0,False,0.7847360968589783,0.5947959357630364,0.5471558570861816,1.0,7.0,0.7419666139914087,0.7506023797266366,0.952551543712616,0.2,alie_jitter,True,False,9233.159873017357,1.6795383393764496,0.6041009704748294
AgriTrust-ACFL,2,3,1,False,0.42906905710697174,0.6703210434452596,0.0342048779129982,1.0,7.0,0.5409410454517541,0.5777278166922355,0.8790194988250732,0.2,alie_jitter,False,False,0.0,1.6795383393764496,0.6041009704748294
AgriTrust-ACFL,2,4,1,False,0.6382978409528732,0.5613736966944536,0.33889150619506836,1.0,7.0,0.6519624830238375,0.7022197163412608,0.45575547218322754,0.2,alie_jitter,True,False,344.77139601754396,1.6795383393764496,0.6041009704748294
AgriTrust-ACFL,2,6,1,True,0.9274478256702423,0.8101930211456998,0.9176343083381653,1.0,7.0,0.8861248254152103,0.7705489422232421,0.5831976532936096,0.2,alie_jitter,True,False,505.0807613013082,1.6795383393764496,0.6041009704748294
AgriTrust-ACFL,2,7,1,False,0.804448276758194,0.46348992290994523,0.49856334924697876,1.0,7.0,0.7035571395699871,0.7542648719623587,1.126396656036377,0.2,alie_jitter,True,False,4499.679469030093,1.6795383393764496,0.6041009704748294
AgriTrust-ACFL,2,9,1,False,0.5903386175632477,1.0,0.33889150619506836,1.0,7.0,0.7186236424141612,0.7989548914035713,0.6718153357505798,0.2,alie_jitter,True,False,553.2476378694295,1.6795383393764496,0.6041009704748294
AgriTrust-ACFL,3,1,0,False,0.6245254203677177,1.0,0.5757497549057007,1.0,9.0,0.7387468847953353,0.7340616854209159,1.1522222757339478,0.2,alie_jitter,True,False,14848.599772694286,2.8805556893348694,0.5586068321101189
AgriTrust-ACFL,3,2,2,False,0.3237948566675186,0.8846525289324579,0.1080620214343071,1.0,9.0,0.5136369482222741,0.6913610218505459,1.2757306098937988,0.2,alie_jitter,True,False,3457.643995979191,2.8805556893348694,0.5586068321101189
AgriTrust-ACFL,3,3,0,False,0.773532509803772,0.6703208528458237,0.8997300267219543,1.0,9.0,0.7480371298037676,0.6203051449701185,1.6064434051513672,0.2,alie_jitter,True,False,16317.747143583936,2.8805556893348694,0.5586068321101189
AgriTrust-ACFL,3,4,1,False,0.8137580752372742,0.4203534516479365,0.6315431594848633,1.0,9.0,0.6831891133795182,0.6974620656008251,0.5608216524124146,0.2,alie_jitter,True,False,342.43551474082574,2.8805556893348694,0.5586068321101189
AgriTrust-ACFL,3,5,0,False,0.8552914261817932,0.19296361663198988,0.6315431594848633,1.0,9.0,0.5490700100638392,0.5561290862458018,0.2936900854110718,0.2,alie_jitter,False,False,0.0,2.8805556893348694,0.5586068321101189
AgriTrust-ACFL,3,6,2,True,0.7793107330799103,0.5828424522954744,0.23711246252059937,1.0,9.0,0.7294832949737519,0.7602825304108695,0.73578280210495,0.2,alie_jitter,True,False,317.7628283673532,2.8805556893348694,0.5586068321101189
AgriTrust-ACFL,3,7,2,False,0.6745414733886719,0.9832044621620135,0.3865342438220978,1.0,9.0,0.8002233692257652,0.7657544962782104,1.1685518026351929,0.2,alie_jitter,True,False,2912.827290988806,2.8805556893348694,0.5586068321101189
AgriTrust-ACFL,3,8,1,False,0.7532543241977692,0.8348036673692926,0.8997300267219543,1.0,9.0,0.7800928879843776,0.5987421269556942,1.3387089967727661,0.2,alie_jitter,True,False,10042.968828156965,2.8805556893348694,0.5586068321101189
AgriTrust-ACFL,3,9,0,False,0.5956758037209511,0.5207466424687209,0.5757497549057007,1.0,9.0,0.5937987319088265,0.7476658515298851,0.6700413823127747,0.2,alie_jitter,True,False,811.9651147614552,2.8805556893348694,0.5586068321101189
AgriTrust-ACFL,4,2,1,False,0.555252730846405,0.9759308030205558,0.1399199217557907,1.0,7.0,0.7116583742350052,0.6964353599466607,0.8016111850738525,0.2,alie_jitter,True,False,5462.4655996193405,1.9371716678142548,0.5269407092740107
AgriTrust-ACFL,4,3,0,False,0.7125973552465439,0.8609447680386582,0.6672765016555786,1.0,7.0,0.7707828144727852,0.6579245623457851,0.6290294528007507,0.2,alie_jitter,True,False,17307.363537068224,1.9371716678142548,0.5269407092740107
AgriTrust-ACFL,4,4,0,False,0.4126194715499878,0.6574813066982953,0.1399199217557907,1.0,7.0,0.5377761018309865,0.6575405746583655,0.4321177899837494,0.2,alie_jitter,True,False,506.3062424869414,1.9371716678142548,0.5269407092740107
AgriTrust-ACFL,4,5,0,False,0.7647008299827576,0.46230765039253624,0.3936697244644165,1.0,7.0,0.6709992150004035,0.5848466184344522,0.26460132002830505,0.2,alie_jitter,True,False,269.6142910982825,1.9371716678142548,0.5269407092740107
AgriTrust-ACFL,4,6,1,True,0.8015379309654236,1.0,0.419070839881897,1.0,7.0,0.8710987286610236,0.7879865799734079,0.7748686671257019,0.2,alie_jitter,True,False,516.5108144329606,1.9371716678142548,0.5269407092740107
AgriTrust-ACFL,4,7,2,False,0.8107081651687622,0.6045507209360544,0.419070839881897,1.0,7.0,0.7651888630474306,0.7656130879705154,1.5617709159851074,0.2,alie_jitter,True,False,2912.289392772304,1.9371716678142548,0.5269407092740107
AgriTrust-ACFL,4,8,2,False,0.7299598902463913,0.6703205273603748,0.6672765016555786,1.0,7.0,0.7178807697029187,0.6285267876425004,1.352561354637146,0.2,alie_jitter,True,False,6722.233193121279,1.9371716678142548,0.5269407092740107
AgriTrust-ACFL,5,0,3,True,0.9454108774662018,0.8351150489025404,0.9177097082138062,1.0,8.0,0.8953246534595456,0.8014363756446208,1.0651495456695557,0.2,alie_jitter,True,False,1533.7180920093172,2.1297527849674225,0.5383732132907492
AgriTrust-ACFL,5,2,0,False,0.6342390179634094,0.5365280570552121,0.4551897644996643,1.0,8.0,0.6398715881016314,0.6822944169854034,1.9959648847579956,0.2,alie_jitter,True,False,8392.903623337446,2.1297527849674225,0.5383732132907492
AgriTrust-ACFL,5,3,3,False,0.40136703848838806,0.6716849443470659,0.4532315731048584,1.0,8.0,0.5217623572812543,0.6238840110796524,1.4509685039520264,0.2,alie_jitter,True,False,4254.623365987825,2.1297527849674225,0.5383732132907492
AgriTrust-ACFL,5,4,1,False,0.639314740896225,0.6308878751580569,0.4551897644996643,1.0,8.0,0.675791741188483,0.6621033662908948,0.428934246301651,0.2,alie_jitter,True,False,325.0753241355753,2.1297527849674225,0.5383732132907492
AgriTrust-ACFL,5,5,1,False,0.612266942858696,0.4386769774426749,0.07687001675367355,1.0,8.0,0.5844982677736252,0.5847595307692455,0.25609418749809265,0.2,alie_jitter,True,False,171.88806296264798,2.1297527849674225,0.5383732132907492
AgriTrust-ACFL,5,6,4,True,0.9455714821815491,0.8340857356609226,0.9177097082138062,1.0,8.0,0.9034502568665069,0.8168524991966827,1.0670157670974731,0.2,alie_jitter,True,False,138.80550463706666,2.1297527849674225,0.5383732132907492
AgriTrust-ACFL,5,8,0,False,0.4650731831789017,0.668958863863991,0.4532315731048584,1.0,8.0,0.5598989504116054,0.6113698283347766,0.46613359451293945,0.2,alie_jitter,True,False,16082.694704174633,2.1297527849674225,0.5383732132907492
AgriTrust-ACFL,5,9,2,False,0.5705940052866936,0.8351150489025404,0.3016499876976013,1.0,8.0,0.6681895818711753,0.7277967841152075,0.6386526823043823,0.2,alie_jitter,True,False,321.3474986935321,2.1297527849674225,0.5383732132907492
AgriTrust-ACFL,6,0,0,True,0.9349735379219055,0.9996608663776344,0.9172043800354004,1.0,7.0,0.9392057792050927,0.8358787265347387,1.4193357229232788,0.2,alie_jitter,True,False,6170.456759279441,3.5478216409683228,0.556371607121379
AgriTrust-ACFL,6,1,4,False,0.50471356138587,0.30161659513869626,0.203993558883667,1.0,7.0,0.4586214911089456,0.6652016368429232,0.8474489450454712,0.2,alie_jitter,True,False,2224.212037017331,3.5478216409683228,0.556371607121379
AgriTrust-ACFL,6,2,0,False,0.7169907093048096,0.670321604406242,0.40301331877708435,1.0,7.0,0.7318016346452705,0.6946712214003702,1.6855617761611938,0.2,alie_jitter,True,False,8545.150694445954,3.5478216409683228,0.556371607121379
AgriTrust-ACFL,6,5,1,False,0.6730711907148361,0.022688513362642736,0.36334002017974854,1.0,7.0,0.2532198179824327,0.5018746025725422,0.27847403287887573,0.2,alie_jitter,False,False,0.0,3.5478216409683228,0.556371607121379
AgriTrust-ACFL,6,6,0,True,0.9349380731582642,1.0,0.9172043800354004,1.0,7.0,0.948068465806528,0.8496564908491441,1.419128656387329,0.2,alie_jitter,True,False,873.4468725929202,3.5478216409683228,0.556371607121379
AgriTrust-ACFL,6,7,4,False,0.5781297087669373,0.7757253541854714,0.10236074775457382,1.0,7.0,0.6846831191577682,0.7453805957673286,1.5829347372055054,0.2,alie_jitter,True,False,1152.7582218670418,3.5478216409683228,0.556371607121379
AgriTrust-ACFL,6,8,1,False,0.4415953755378723,0.06538253049116609,0.203993558883667,1.0,7.0,0.2708663885196268,0.5262439683809892,0.43903785943984985,0.2,alie_jitter,False,False,0.0,3.5478216409683228,0.556371607121379
AgriTrust-ACFL,7,0,0,True,0.9412716925144196,0.7290051167749927,0.9166604280471802,1.0,8.0,0.8574873959000702,0.8412808938760716,1.296935796737671,0.2,alie_jitter,True,False,6210.33555859316,2.2769543528556824,0.5437724160837931
AgriTrust-ACFL,7,1,0,False,0.5601154714822769,0.8337721255551235,0.1788179576396942,1.0,8.0,0.6588855311977366,0.6636226104316265,1.105111837387085,0.2,alie_jitter,True,False,13423.75816381094,2.2769543528556824,0.5437724160837931
AgriTrust-ACFL,7,2,2,False,0.7032794505357742,0.5009096290005426,0.6319660544395447,1.0,8.0,0.6634743597286517,0.6868720059824406,2.02850604057312,0.2,alie_jitter,True,False,3435.193469736528,2.2769543528556824,0.5437724160837931
AgriTrust-ACFL,7,4,3,False,0.7310163676738739,0.5488634123168743,0.7350983619689941,1.0,8.0,0.6977234517677633,0.671008387660112,0.43525534868240356,0.2,alie_jitter,True,False,133.94333977069186,2.2769543528556824,0.5437724160837931
AgriTrust-ACFL,7,5,0,False,0.4913175059482455,0.3941327914435448,0.1654076725244522,1.0,8.0,0.5014923715408712,0.5017790448146244,0.29329997301101685,0.2,alie_jitter,False,False,0.0,2.2769543528556824,0.5437724160837931
AgriTrust-ACFL,7,6,1,True,0.9419659972190857,0.7291162167594224,0.9166604280471802,1.0,8.0,0.8658995979956013,0.8537172676357584,1.2967002391815186,0.2,alie_jitter,True,False,559.5960799445445,2.2769543528556824,0.5437724160837931
AgriTrust-ACFL,7,8,1,False,0.35326507687568665,0.6163601704583003,0.1654076725244522,1.0,8.0,0.4696332895099117,0.5120912986632198,0.49978625774383545,0.2,alie_jitter,False,False,0.0,2.2769543528556824,0.5437724160837931
AgriTrust-ACFL,7,9,3,False,0.7475102543830872,0.8337721255551236,0.7350983619689941,1.0,8.0,0.774817624995556,0.7395519943352946,0.7164516448974609,0.2,alie_jitter,True,False,208.20971382512033,2.2769543528556824,0.5437724160837931
AgriTrust-ACFL,8,0,4,True,0.8479983508586884,0.6440172456590362,0.9170377850532532,1.0,10.0,0.7801027818163744,0.8259863658611473,1.6288703680038452,0.2,alie_jitter,True,False,1007.8986236231337,2.797682285308838,0.5404739842175449
AgriTrust-ACFL,8,1,1,False,0.5462164245545864,0.996909174325629,0.2620312571525574,1.0,10.0,0.685630911543906,0.6691246857096964,1.1220282316207886,0.2,alie_jitter,True,False,8630.33155500569,2.797682285308838,0.5404739842175449
AgriTrust-ACFL,8,2,0,False,0.5117355836555362,0.8910520485811737,0.0842987447977066,1.0,10.0,0.6620975499871534,0.6806783919836188,1.014189600944519,0.2,alie_jitter,True,False,8373.024899790495,2.797682285308838,0.5404739842175449
AgriTrust-ACFL,8,3,0,False,0.6850800514221191,0.690354203788147,0.9328329563140869,1.0,10.0,0.7059183011631102,0.6443925836005169,1.5351282358169556,0.2,alie_jitter,True,False,16951.391304195196,2.797682285308838,0.5404739842175449
AgriTrust-ACFL,8,4,1,False,0.7210842221975327,0.3990266674092464,0.38187384605407715,1.0,10.0,0.629327925219974,0.6605882720500774,0.5110594034194946,0.2,alie_jitter,True,False,324.3314527455402,2.797682285308838,0.5404739842175449
AgriTrust-ACFL,8,5,0,False,0.743490681052208,0.20891667901972513,0.5601897239685059,1.0,10.0,0.5206139541023664,0.5064877721365599,0.29425615072250366,0.2,alie_jitter,False,False,0.0,2.797682285308838,0.5404739842175449
AgriTrust-ACFL,8,6,3,True,0.8490543365478516,0.6483526732131424,0.9170377850532532,1.0,10.0,0.7895271056184525,0.837669727131432,1.6195738315582275,0.2,alie_jitter,True,False,223.23813451183355,2.797682285308838,0.5404739842175449
AgriTrust-ACFL,8,7,1,False,0.7423290908336639,0.996909174325629,0.5601897239685059,1.0,10.0,0.847009065321753,0.7707877131559346,1.1161175966262817,0.2,alie_jitter,True,False,4598.248939851862,2.797682285308838,0.5404739842175449
AgriTrust-ACFL,8,8,0,False,0.6633071899414062,0.7635220235955567,0.9328329563140869,1.0,10.0,0.708178396054218,0.5611130730109694,1.4087108373641968,0.2,alie_jitter,True,False,14760.64049862656,2.797682285308838,0.5404739842175449
AgriTrust-ACFL,8,9,3,False,0.3906555771827698,0.6508688077148986,0.0848318487405777,1.0,10.0,0.503420153906404,0.680519034228072,0.7757968902587891,0.2,alie_jitter,True,False,191.58987394324447,2.797682285308838,0.5404739842175449
AgriTrust-ACFL,9,0,2,True,0.9476324915885925,0.5911609422388564,0.9175475239753723,1.0,8.0,0.8082189178307146,0.8215445038535392,1.6828489303588867,0.2,alie_jitter,True,False,2465.6992422627636,3.160601556301117,0.5271939444254061
AgriTrust-ACFL,9,1,2,False,0.5778855383396149,0.7888232437377578,0.26801496744155884,1.0,8.0,0.6592498058405425,0.666655965742408,1.1011383533477783,0.2,alie_jitter,True,False,5482.639379446179,3.160601556301117,0.5271939444254061
AgriTrust-ACFL,9,2,2,False,0.4846023702993989,0.5036601662467984,0.25687283277511597,1.0,8.0,0.5414761031544985,0.6458778197763387,0.8580531477928162,0.2,alie_jitter,True,False,3230.1727969971525,3.160601556301117,0.5271939444254061
AgriTrust-ACFL,9,3,2,False,0.5849666595458984,0.7600816433793013,0.8964030742645264,1.0,8.0,0.666124347960782,0.6498255246905832,1.4633821249008179,0.2,alie_jitter,True,False,6950.027902863421,3.160601556301117,0.5271939444254061
AgriTrust-ACFL,9,6,0,True,0.9482367634773254,0.5906311299922001,0.9175475239753723,1.0,8.0,0.8158461535650084,0.832213833739826,1.6836880445480347,0.2,alie_jitter,True,False,855.5158210845411,3.160601556301117,0.5271939444254061
AgriTrust-ACFL,9,7,2,False,0.6082894653081894,0.8177677136265566,0.31399601697921753,1.0,8.0,0.7153407519884337,0.7569259728640594,1.123422384262085,0.2,alie_jitter,True,False,2879.2447732695373,3.160601556301117,0.5271939444254061
AgriTrust-ACFL,9,8,1,False,0.5763595774769783,0.8177677136265566,0.8964030742645264,1.0,8.0,0.6691500835192733,0.5881223256380453,1.4050588607788086,0.2,alie_jitter,True,False,9864.838162561993,3.160601556301117,0.5271939444254061
AgriTrust-ACFL,9,9,4,False,0.5023799028713256,0.42523401718108816,0.25687283277511597,1.0,8.0,0.5088057211643221,0.6375907059621345,0.780988335609436,0.2,alie_jitter,True,False,114.45683583184965,3.160601556301117,0.5271939444254061
AgriTrust-ACFL,10,0,0,True,0.801173210144043,0.5477811851659576,0.9174906015396118,1.0,9.0,0.720272754110194,0.7962265664177028,1.4986790418624878,0.2,alie_jitter,True,False,5877.744513295483,1.5256467461585999,0.5402116581886891
AgriTrust-ACFL,10,1,3,False,0.6023842990398407,0.6703204950857464,0.21834655106067657,1.0,9.0,0.6423302123153174,0.6605745273856354,1.10874342918396,0.2,alie_jitter,True,False,3463.9946859952256,1.5256467461585999,0.5402116581886891
AgriTrust-ACFL,10,3,4,False,0.5486105009913445,0.9562852103633104,0.7285858392715454,1.0,9.0,0.688884824730008,0.6595903497004394,0.570868194103241,0.2,alie_jitter,True,False,2868.131381421497,1.5256467461585999,0.5402116581886891
AgriTrust-ACFL,10,4,0,False,0.6073328405618668,0.8412210435415852,0.21834655106067657,1.0,9.0,0.7162124897030945,0.6744943264633317,0.4714367687702179,0.2,alie_jitter,True,False,519.3606313767655,1.5256467461585999,0.5402116581886891
AgriTrust-ACFL,10,5,0,False,0.7639898359775543,0.5829607821000998,0.3951561450958252,1.0,9.0,0.718972534726717,0.5596089627840992,0.2726915776729584,0.2,alie_jitter,True,False,257.9797318434697,1.5256467461585999,0.5402116581886891
AgriTrust-ACFL,10,6,2,True,0.8030089437961578,0.5490088556872218,0.9174906015396118,1.0,9.0,0.7284154547557721,0.8062642389938126,1.493679165840149,0.2,alie_jitter,True,False,336.98104947337185,1.5256467461585999,0.5402116581886891
AgriTrust-ACFL,10,7,6,False,0.6326571106910706,0.6426040703921063,0.2358507364988327,1.0,9.0,0.6799687825609572,0.7376866752882838,1.180882453918457,0.2,alie_jitter,True,False,463.83877489270844,1.5256467461585999,0.5402116581886891
AgriTrust-ACFL,10,8,0,False,0.4628012627363205,0.974585407278233,0.7285858392715454,1.0,9.0,0.6251238682060415,0.5973727112800444,0.5872524976730347,0.2,alie_jitter,True,False,15714.48654293285,1.5256467461585999,0.5402116581886891
AgriTrust-ACFL,10,9,2,False,0.7122136652469635,1.0,0.3951561450958252,1.0,9.0,0.7967673161406243,0.677384858506757,0.6102586984634399,0.2,alie_jitter,True,False,299.0888867400673,1.5256467461585999,0.5402116581886891
RawTrust,1,0,0,False,0.908732146024704,1.0,0.9046610593795776,1.0,7.0,0.9247089550543139,0.8161182253174788,2.00687837600708,0.3,sign_flip,,,,,
RawTrust,1,1,0,False,0.7324648201465607,0.861401433579633,0.7128185033798218,1.0,7.0,0.7711475750118083,0.8122958524441451,1.5805162191390991,0.3,sign_flip,,,,,
RawTrust,1,2,0,False,0.9271354377269745,0.9514578675099776,0.9046610593795776,1.0,7.0,0.9363141526500763,0.8253749821322264,2.1732754707336426,0.3,sign_flip,,,,,
RawTrust,1,4,0,False,0.7879983186721802,0.41035907096656954,0.7128185033798218,1.0,7.0,0.6663804570598579,0.5475484676337887,0.48225727677345276,0.3,sign_flip,,,,,
RawTrust,1,5,0,False,0.6756202280521393,0.28761974214870667,0.1358092874288559,1.0,7.0,0.5436312216549267,0.4089206176221116,0.27302640676498413,0.3,sign_flip,,,,,
RawTrust,1,8,0,True,0.8940926194190979,0.4070476685484467,0.7134050130844116,1.0,7.0,0.6910461909683625,0.5585610684177635,8.460501670837402,0.3,sign_flip,,,,,
RawTrust,1,9,0,True,0.19679129123687744,0.6703204647796366,-0.06816451251506805,1.0,7.0,0.34832433731444845,0.6035220346309174,3.807202100753784,0.3,sign_flip,,,,,
RawTrust,2,0,0,False,0.7468124479055405,0.950280484325795,0.7053492665290833,1.0,7.0,0.8174989769167186,0.8164634132172888,1.7647374868392944,0.3,sign_flip,,,,,
RawTrust,2,2,0,False,0.7284048497676849,1.0,0.7053492665290833,1.0,7.0,0.8323021671929248,0.827106778397401,1.6051257848739624,0.3,sign_flip,,,,,
RawTrust,2,3,1,True,0.6123520731925964,0.41854132353522366,0.5097280740737915,1.0,7.0,0.5711461861562275,0.5592976939792673,8.103184700012207,0.3,sign_flip,,,,,
RawTrust,2,4,1,False,0.5712031871080399,0.5220076604274483,0.5097280740737915,1.0,7.0,0.6000978014488816,0.5606858010875619,0.47940388321876526,0.3,sign_flip,,,,,
RawTrust,2,6,1,False,0.79946568608284,0.67032040663813,0.2860441207885742,1.0,7.0,0.7714961694114895,0.6274704192582512,0.7631102800369263,0.3,sign_flip,,,,,
RawTrust,2,7,1,False,0.7192775160074234,0.9920104596630395,0.21698936820030212,1.0,7.0,0.831210955369618,0.8245035953051268,1.5813688039779663,0.3,sign_flip,,,,,
RawTrust,2,9,1,True,0.4848333094269037,0.6308775350997201,0.3861117362976074,1.0,7.0,0.5616363530357904,0.5930506142321357,3.779106378555298,0.3,sign_flip,,,,,
RawTrust,3,1,0,False,0.2883089780807495,0.91092806338965,0.15983030200004578,1.0,9.0,0.4695807796652777,0.7266170842494283,2.773185968399048,0.3,sign_flip,,,,,
RawTrust,3,2,2,False,0.8327346742153168,1.0,0.4235590994358063,1.0,9.0,0.8958898709505082,0.8443025515356778,2.1761720180511475,0.3,sign_flip,,,,,
RawTrust,3,3,0,True,0.6945023834705353,0.4192701638956642,0.7470780611038208,1.0,9.0,0.61241224683087,0.572576332192168,20.83007049560547,0.3,sign_flip,,,,,
RawTrust,3,4,1,False,0.578786626458168,0.5943126147700302,0.566210150718689,1.0,9.0,0.6284544177799052,0.5776279552606478,0.5629143118858337,0.3,sign_flip,,,,,
RawTrust,3,5,0,False,0.5664224475622177,0.46255435444533827,0.566210150718689,1.0,9.0,0.568981848946981,0.44893592545332894,0.2934783399105072,0.3,sign_flip,,,,,
RawTrust,3,6,2,False,0.7530708909034729,0.6703203039872766,0.3600400686264038,1.0,9.0,0.7465408417418323,0.6572380248791465,0.7696014046669006,0.3,sign_flip,,,,,
RawTrust,3,7,2,False,0.7844026684761047,0.8897312816635792,0.4235590994358063,1.0,9.0,0.8437959933582375,0.8293266948184045,1.6063342094421387,0.3,sign_flip,,,,,
RawTrust,3,8,1,True,0.7235415875911713,0.43786218523211945,0.7470780611038208,1.0,9.0,0.6287228896294139,0.5761015237206761,18.60902214050293,0.3,sign_flip,,,,,
RawTrust,3,9,0,True,0.6859913915395737,0.8496272245252463,0.3043346405029297,1.0,9.0,0.7432580758934346,0.6306024796474604,3.323549747467041,0.3,sign_flip,,,,,
RawTrust,4,2,1,False,0.6436343789100647,1.0,0.24482879042625427,1.0,7.0,0.7775486076598107,0.827614065566711,1.6720832586288452,0.3,sign_flip,,,,,
RawTrust,4,3,0,True,0.46222466975450516,0.34562659205176904,0.1970546841621399,1.0,7.0,0.46198351985976877,0.5449281291090682,29.006460189819336,0.3,sign_flip,,,,,
RawTrust,4,4,0,False,0.8213707506656647,0.6703202956093496,0.9209182858467102,1.0,7.0,0.7898878248018742,0.6306929226459544,0.5710532069206238,0.3,sign_flip,,,,,
RawTrust,4,5,0,False,0.8229463696479797,0.5249989046929293,0.9209182858467102,1.0,7.0,0.7258120796863403,0.5181549640115818,0.29623910784721375,0.3,sign_flip,,,,,
RawTrust,4,6,1,False,0.7658282816410065,0.7287874692501408,0.3267776072025299,1.0,7.0,0.7726124029465807,0.6860816193960051,0.7148634195327759,0.3,sign_flip,,,,,
RawTrust,4,7,2,False,0.7228362411260605,0.8267432771524288,0.3267776072025299,1.0,7.0,0.7891262195160615,0.8192765759928187,2.78733229637146,0.3,sign_flip,,,,,
RawTrust,4,8,2,True,0.49735081545077264,0.40587404875308897,0.1970546841621399,1.0,7.0,0.5000749032687716,0.5570948686077,18.839279174804688,0.3,sign_flip,,,,,
RawTrust,5,0,3,False,0.6555799245834351,0.9084394446345271,0.23218341171741486,1.0,8.0,0.7507549830075262,0.8000363056648482,1.745469570159912,0.3,sign_flip,,,,,
RawTrust,5,2,0,False,0.5880277901887894,0.8308601140524423,0.23218341171741486,1.0,8.0,0.6998470900979732,0.7956723216995266,4.332817077636719,0.3,sign_flip,,,,,
RawTrust,5,3,3,True,0.6122120469808578,0.5255873680805127,0.29383161664009094,1.0,8.0,0.6114551780272466,0.5615598913386128,19.034242630004883,0.3,sign_flip,,,,,
RawTrust,5,4,1,False,0.7879624664783478,0.6433547021425672,0.9167114496231079,1.0,8.0,0.7626009053966446,0.663669918333627,0.5723084211349487,0.3,sign_flip,,,,,
RawTrust,5,5,1,False,0.789327085018158,0.5249800863532178,0.9167114496231079,1.0,8.0,0.7093433981823462,0.5659520725542729,0.29664069414138794,0.3,sign_flip,,,,,
RawTrust,5,6,4,False,0.7028712779283524,0.6984160381227345,0.2522906959056854,1.0,8.0,0.7276542758095197,0.6964747834993836,0.7462612390518188,0.3,sign_flip,,,,,
RawTrust,5,8,0,True,0.48989979084581137,0.38647892852156746,0.29383161664009094,1.0,8.0,0.488708453598682,0.5399982648554454,51.41061782836914,0.3,sign_flip,,,,,
RawTrust,5,9,2,True,0.6570958495140076,0.9084394446345271,0.2522906959056854,1.0,8.0,0.740594423663473,0.6581004656514635,3.2469584941864014,0.3,sign_flip,,,,,
RawTrust,6,0,0,False,0.8468126058578491,0.8376376245901871,0.9129776358604431,1.0,7.0,0.8434613741446281,0.8108925727847932,3.6041531562805176,0.3,sign_flip,,,,,
RawTrust,6,1,4,False,0.6581670343875885,0.9524074735073881,0.22045360505580902,1.0,7.0,0.7493329051456703,0.7322960394734888,2.629805326461792,0.3,sign_flip,,,,,
RawTrust,6,2,0,False,0.8486880660057068,0.6703205265491585,0.9129776358604431,1.0,7.0,0.8029198183541968,0.7974841958631942,4.9181671142578125,0.3,sign_flip,,,,,
RawTrust,6,5,1,False,0.6812224388122559,0.19832943617829715,0.2040603756904602,1.0,7.0,0.488480691707648,0.5465842273426167,0.29465603828430176,0.3,sign_flip,,,,,
RawTrust,6,6,0,False,0.7569885849952698,0.3860771853727325,0.2639729380607605,1.0,7.0,0.6344691494376575,0.680973374983952,0.7462305426597595,0.3,sign_flip,,,,,
RawTrust,6,7,4,False,0.7206437140703201,1.0,0.22045360505580902,1.0,7.0,0.8340837267683959,0.822978363686713,2.8149194717407227,0.3,sign_flip,,,,,
RawTrust,6,8,1,True,0.4472273476421833,0.12513227137621813,-0.011426454409956932,1.0,7.0,0.33140152901303477,0.4878490808948428,51.126155853271484,0.3,sign_flip,,,,,
RawTrust,7,0,0,False,0.8028275966644287,0.9846630855196398,0.7254632115364075,1.0,8.0,0.8597929529145076,0.8231176678172218,3.4029107093811035,0.3,sign_flip,,,,,
RawTrust,7,1,0,False,0.7421516478061676,0.731587202828283,0.7254632115364075,1.0,8.0,0.7395948649490021,0.7341207458423671,9.582813262939453,0.3,sign_flip,,,,,
RawTrust,7,2,2,False,0.7330965399742126,0.9413726267286374,0.26864731311798096,1.0,8.0,0.8202440387602488,0.8031741565874579,4.323766231536865,0.3,sign_flip,,,,,
RawTrust,7,4,3,False,0.6355324238538742,0.560687519941987,0.18851855397224426,1.0,8.0,0.6501688216288543,0.6602946441574338,0.5752502679824829,0.3,sign_flip,,,,,
RawTrust,7,5,0,False,0.7399435788393021,0.45366796686976024,0.26589491963386536,1.0,8.0,0.6552439155238655,0.5737491493879289,0.2947855293750763,0.3,sign_flip,,,,,
RawTrust,7,6,1,False,0.7328682392835617,0.6141841288011516,0.26589491963386536,1.0,8.0,0.7164121764509811,0.6898330753507093,0.7669849991798401,0.3,sign_flip,,,,,
RawTrust,7,8,1,True,0.31024979054927826,0.40420296883001033,0.24410749971866608,1.0,8.0,0.3852780690571724,0.4622063279354252,62.35013198852539,0.3,sign_flip,,,,,
RawTrust,7,9,3,True,0.3909706845879555,0.9846630855196397,0.24410749971866608,1.0,8.0,0.5702449509924964,0.6361365869867217,3.7516870498657227,0.3,sign_flip,,,,,
RawTrust,8,0,4,False,0.6797583699226379,0.8850989779290748,0.32979559898376465,1.0,10.0,0.7599025206161406,0.8073138810169516,2.900524377822876,0.3,sign_flip,,,,,
RawTrust,8,1,1,False,0.7112055718898773,0.7741031805225101,0.34117990732192993,1.0,10.0,0.7348185049235875,0.7342951856126722,9.582453727722168,0.3,sign_flip,,,,,
RawTrust,8,2,0,False,0.6041992381215096,0.9541082176036413,0.34117990732192993,1.0,10.0,0.7404646941908449,0.7874967909883047,4.948777675628662,0.3,sign_flip,,,,,
RawTrust,8,3,0,True,0.4267593175172806,0.4270219679490614,0.9193650484085083,1.0,10.0,0.4710975483217355,0.5389443055843935,62.807838439941406,0.3,sign_flip,,,,,
RawTrust,8,4,1,False,0.7898199558258057,0.5289421487736868,0.8333214521408081,1.0,10.0,0.7200241110282716,0.6752270108751433,0.5699248909950256,0.3,sign_flip,,,,,
RawTrust,8,5,0,False,0.7213121056556702,0.428108053861754,0.3277641534805298,1.0,10.0,0.6349742592392578,0.5890554268507611,0.2920796275138855,0.3,sign_flip,,,,,
RawTrust,8,6,3,False,0.6322090327739716,0.5804513658570757,0.08436321467161179,1.0,10.0,0.6493999797074018,0.6797248014398823,0.76449054479599,0.3,sign_flip,,,,,
RawTrust,8,7,1,False,0.821654200553894,0.9695154324042329,0.8333214521408081,1.0,10.0,0.8881958269247348,0.8392827294962184,4.704455375671387,0.3,sign_flip,,,,,
RawTrust,8,8,0,True,0.44929850846529007,0.42549746022454077,0.9193650484085083,1.0,10.0,0.47964115986284395,0.46656503591727994,63.52183532714844,0.3,sign_flip,,,,,
RawTrust,8,9,3,True,0.46698909625411034,0.9695154324042328,0.20454302430152893,1.0,10.0,0.6258654385185405,0.6335687998696764,3.8682901859283447,0.3,sign_flip,,,,,
RawTrust,9,0,2,False,0.8828930258750916,0.7751360933583571,0.9287579655647278,1.0,8.0,0.8431952640833468,0.8162842267835504,3.36491322517395,0.3,sign_flip,,,,,
RawTrust,9,1,2,False,0.8120070993900299,0.5796783939202523,0.7672143578529358,1.0,8.0,0.7246981202208975,0.7318959192647285,9.662385940551758,0.3,sign_flip,,,,,
RawTrust,9,2,2,False,0.8767103254795074,0.9968565201892841,0.9287579655647278,1.0,8.0,0.9207391984175114,0.8208073928456064,4.727565288543701,0.3,sign_flip,,,,,
RawTrust,9,3,2,True,0.22143012285232544,0.14868316323152458,0.3359367251396179,1.0,8.0,0.23929512186483193,0.4640320096545031,58.10978698730469,0.3,sign_flip,,,,,
RawTrust,9,6,0,False,0.6680455058813095,0.2372962219629907,0.13793601095676422,1.0,8.0,0.5118464661253764,0.6377552176112559,0.7065192461013794,0.3,sign_flip,,,,,
RawTrust,9,7,2,False,0.6963756382465363,0.9968565201892842,0.2616491913795471,1.0,8.0,0.8177434532516322,0.8338979104350719,4.688476085662842,0.3,sign_flip,,,,,
RawTrust,9,8,1,True,0.45093895867466927,0.1384873010175609,0.3359367251396179,1.0,8.0,0.34319493337863277,0.43572251028261816,63.815914154052734,0.3,sign_flip,,,,,
RawTrust,9,9,4,True,0.4978139726445079,0.8499467791873213,0.17282363772392273,1.0,8.0,0.6231609913210546,0.630966847732521,3.7995665073394775,0.3,sign_flip,,,,,
RawTrust,10,0,0,False,0.6921570003032684,0.9878846880431019,0.4095110297203064,1.0,9.0,0.7932128442864979,0.8105163811592873,3.587161064147949,0.3,sign_flip,,,,,
RawTrust,10,1,3,False,0.6088177263736725,0.7965933851086908,0.4095110297203064,1.0,9.0,0.6804279015350312,0.7190289148323041,9.573960304260254,0.3,sign_flip,,,,,
RawTrust,10,3,4,True,0.408130407333374,0.5035315692950171,0.5148010849952698,1.0,9.0,0.48297267159360485,0.46876717513927857,62.70343780517578,0.3,sign_flip,,,,,
RawTrust,10,4,0,False,0.8409432470798492,0.6217378862800401,0.7969740629196167,1.0,9.0,0.7823264405763836,0.7020018683004534,0.5380366444587708,0.3,sign_flip,,,,,
RawTrust,10,5,0,False,0.8577138781547546,0.5333965064821488,0.7969740629196167,1.0,9.0,0.7460633734676143,0.6283074135049744,0.28715407848358154,0.3,sign_flip,,,,,
RawTrust,10,6,2,False,0.6998042464256287,0.6703202096407743,0.19994813203811646,1.0,9.0,0.7170194651072281,0.6575712794852488,0.7322969436645508,0.3,sign_flip,,,,,
RawTrust,10,7,6,False,0.7559215426445007,0.97592986911749,0.3255499601364136,1.0,9.0,0.8500629675260769,0.8379391747078232,4.16671895980835,0.3,sign_flip,,,,,
RawTrust,10,8,0,True,0.3944111317396164,0.50185194911851,0.5148010849952698,1.0,9.0,0.4691350058397699,0.4440756341719061,63.56773376464844,0.3,sign_flip,,,,,
RawTrust,10,9,2,True,0.39980872720479965,1.0,0.27958381175994873,1.0,9.0,0.5799821037879411,0.618220661746376,3.7708592414855957,0.3,sign_flip,,,,,
AgriTrust-ACFL,1,0,0,False,0.8265487253665924,0.9858393351849888,0.8040083646774292,1.0,7.0,0.8739866909653929,0.7432938304964429,1.3217952251434326,0.3,sign_flip,True,False,5486.9950567247415,3.1933191418647766,0.5773211676509793
AgriTrust-ACFL,1,1,0,False,0.5804928690195084,0.9171207634591785,0.3276194632053375,1.0,7.0,0.6914477107341707,0.7214697520040626,1.0378786325454712,0.3,sign_flip,True,False,14593.890143538178,3.1933191418647766,0.5773211676509793
AgriTrust-ACFL,1,2,0,False,0.8663958609104156,1.0,0.8040083646774292,1.0,7.0,0.9156299134570838,0.8053381851372239,1.2773276567459106,0.3,sign_flip,True,False,9906.46501537299,3.1933191418647766,0.5773211676509793
AgriTrust-ACFL,1,4,0,False,0.7045906782150269,0.632320294745232,0.35624098777770996,1.0,7.0,0.7133958164954124,0.6990602125955004,0.4252658486366272,0.3,sign_flip,True,False,538.2763636985353,3.1933191418647766,0.5773211676509793
AgriTrust-ACFL,1,5,0,False,0.613781526684761,0.5345657270531348,0.35624098777770996,1.0,7.0,0.6210552818834083,0.566033722972013,0.2842196226119995,0.3,sign_flip,False,False,0.0,3.1933191418647766,0.5773211676509793
AgriTrust-ACFL,1,8,0,True,0.8246242702007294,0.6268039271750004,0.6646533608436584,1.0,7.0,0.7523734995883065,0.6109996199485734,3.918095588684082,0.3,sign_flip,True,False,16072.956002367173,3.1933191418647766,0.5773211676509793
AgriTrust-ACFL,1,9,0,True,0.32146453857421875,0.6703203253995136,0.17946851253509521,1.0,7.0,0.45625091727397904,0.7208283016945907,3.3352575302124023,0.3,sign_flip,True,False,782.8195356403255,3.1933191418647766,0.5773211676509793
AgriTrust-ACFL,2,0,0,False,0.8242152333259583,0.8606295932158922,0.6001765727996826,1.0,7.0,0.8377849534399233,0.7669166112323131,1.3065245151519775,0.3,sign_flip,True,False,5661.378424116936,2.8159916400909424,0.5876129172770134
AgriTrust-ACFL,2,2,0,False,0.7998886704444885,0.8510767403776194,0.6001765727996826,1.0,7.0,0.8348968763381717,0.8127278579374608,0.960448145866394,0.3,sign_flip,True,False,9997.365380488705,2.8159916400909424,0.5876129172770134
AgriTrust-ACFL,2,3,1,True,0.4361516535282135,0.2522148566878131,0.1791979968547821,1.0,7.0,0.4071054904617377,0.5442689279447315,4.395097732543945,0.3,sign_flip,False,False,0.0,2.8159916400909424,0.5876129172770134
AgriTrust-ACFL,2,4,1,False,0.4557887986302376,0.40033188318181634,0.12307511270046234,1.0,7.0,0.4894746346042608,0.6466638180976905,0.45575547218322754,0.3,sign_flip,True,False,317.49491239181793,2.8159916400909424,0.5876129172770134
AgriTrust-ACFL,2,6,1,False,0.7386468052864075,0.6703207242375534,0.27651894092559814,1.0,7.0,0.7386423145724824,0.73367831451256,0.7585650086402893,0.3,sign_flip,True,False,480.9127380995152,2.8159916400909424,0.5876129172770134
AgriTrust-ACFL,2,7,1,False,0.7676246166229248,1.0,0.18534544110298157,1.0,7.0,0.8635653494427136,0.7942669244305403,1.126396656036377,0.3,sign_flip,True,False,4738.317672797753,2.8159916400909424,0.5876129172770134
AgriTrust-ACFL,2,9,1,True,0.7314362227916718,0.33104877830389295,0.5554649233818054,1.0,7.0,0.5803105908000196,0.6856988739709479,3.359076738357544,0.3,sign_flip,True,False,474.8219034590403,2.8159916400909424,0.5876129172770134
AgriTrust-ACFL,3,1,0,False,0.26047784090042114,0.9362451442423446,0.23328928649425507,1.0,9.0,0.4477482536553802,0.653039377416892,1.4584649801254272,0.3,sign_flip,True,False,13209.680526388891,3.189326524734497,0.5230280983780328
AgriTrust-ACFL,3,2,2,False,0.834341824054718,1.0,0.7197623252868652,1.0,9.0,0.8968404288651902,0.8337560006693931,1.2757306098937988,0.3,sign_flip,True,False,4169.791669929205,3.189326524734497,0.5230280983780328
AgriTrust-ACFL,3,3,0,True,0.7995681166648865,0.3708156859792191,0.8062748908996582,1.0,9.0,0.6378125475213426,0.5676548328388843,9.577221870422363,0.3,sign_flip,True,False,14932.72803265969,3.189326524734497,0.5230280983780328
AgriTrust-ACFL,3,4,1,False,0.5575964152812958,0.6703203759139306,0.5054535865783691,1.0,9.0,0.6383293921508882,0.6445802116109899,0.5659276247024536,0.3,sign_flip,True,False,316.471916454145,3.189326524734497,0.5230280983780328
AgriTrust-ACFL,3,5,0,False,0.46890316158533096,0.4853211960910505,0.5054535865783691,1.0,9.0,0.5202676774920064,0.5545922116020114,0.29360488057136536,0.3,sign_flip,True,False,255.66700954852726,3.189326524734497,0.5230280983780328
AgriTrust-ACFL,3,6,2,False,0.7543775141239166,0.773092968335464,0.47672978043556213,1.0,9.0,0.779924310140857,0.7452398134196342,0.756211519241333,0.3,sign_flip,True,False,311.47567049344894,3.189326524734497,0.5230280983780328
AgriTrust-ACFL,3,7,2,False,0.7046349495649338,0.957733754344071,0.3076247572898865,1.0,9.0,0.8132368580976677,0.799009407847322,1.1685518026351929,0.3,sign_flip,True,False,3039.324509677986,3.189326524734497,0.5230280983780328
AgriTrust-ACFL,3,8,1,True,0.7637342214584351,0.31817098175427766,0.8062748908996582,1.0,9.0,0.5885312444878096,0.6053825260833825,13.072662353515625,0.3,sign_flip,True,False,10154.35120538333,3.189326524734497,0.5230280983780328
AgriTrust-ACFL,3,9,0,True,0.6877793371677399,0.5990267860031699,0.47672978043556213,1.0,9.0,0.6702344328811946,0.6818327636985095,3.6140427589416504,0.3,sign_flip,True,False,740.4703813765814,3.189326524734497,0.5230280983780328
AgriTrust-ACFL,4,2,1,False,0.5795243978500366,1.0,0.09832543134689331,1.0,7.0,0.7339482141795545,0.8088040540469335,0.7797398567199707,0.3,sign_flip,True,False,6343.825394509565,1.9493496417999268,0.5581650085682315
AgriTrust-ACFL,4,3,0,True,0.4741628132760525,0.27389500617536755,0.6237685680389404,1.0,7.0,0.43692860326744426,0.5349732754460244,18.16379165649414,0.3,sign_flip,False,False,0.0,1.9493496417999268,0.5581650085682315
AgriTrust-ACFL,4,4,0,False,0.8203157782554626,0.8711897078858282,0.8727707862854004,1.0,7.0,0.8539010297097803,0.6969104161356875,0.5576494336128235,0.3,sign_flip,True,False,536.6210204244794,1.9493496417999268,0.5581650085682315
AgriTrust-ACFL,4,5,0,False,0.8302359580993652,0.6703203217693027,0.8727707862854004,1.0,7.0,0.7848160776653759,0.6121481781178526,0.294872909784317,0.3,sign_flip,True,False,282.20031011233004,1.9493496417999268,0.5581650085682315
AgriTrust-ACFL,4,6,1,False,0.721677154302597,0.8963085300133018,0.3203977942466736,1.0,7.0,0.7956737339049464,0.7578482935409623,0.5975468754768372,0.3,sign_flip,True,False,496.7557180056056,1.9493496417999268,0.5581650085682315
AgriTrust-ACFL,4,7,2,False,0.7626528739929199,0.6442140807895946,0.5367817878723145,1.0,7.0,0.7541403559786909,0.7877921448801642,2.2709383964538574,0.3,sign_flip,True,False,2996.655547419534,1.9493496417999268,0.5581650085682315
AgriTrust-ACFL,4,8,2,True,0.5162692181766033,0.312413775869122,0.6237685680389404,1.0,7.0,0.47190447502188765,0.5720130133180088,13.191130638122559,0.3,sign_flip,True,False,6117.805860664059,1.9493496417999268,0.5581650085682315
AgriTrust-ACFL,5,0,3,False,0.7332895845174789,0.9353006464299547,0.5040518045425415,1.0,8.0,0.8054753006164308,0.7765562835783426,1.2848014831542969,0.3,sign_flip,True,False,1486.1047711113035,2.7858729660511017,0.5588935651939252
AgriTrust-ACFL,5,2,0,False,0.6038571000099182,0.9353006464299547,0.482013463973999,1.0,8.0,0.7358260136809965,0.7905595439554493,0.9438968896865845,0.3,sign_flip,True,False,9724.672950195982,2.7858729660511017,0.5588935651939252
AgriTrust-ACFL,5,3,3,True,0.546965554356575,0.3358644405822906,0.8368615508079529,1.0,8.0,0.5024609525549881,0.5268451947232653,13.61585807800293,0.3,sign_flip,False,False,0.0,2.7858729660511017,0.5588935651939252
AgriTrust-ACFL,5,4,1,False,0.685999870300293,0.7450732267549067,0.8668283224105835,1.0,8.0,0.7384516012087192,0.7072957124039454,0.5588641166687012,0.3,sign_flip,True,False,347.2635764676025,2.7858729660511017,0.5588935651939252
AgriTrust-ACFL,5,5,1,False,0.7118622809648514,0.5646614664684234,0.8668283224105835,1.0,8.0,0.684977907781183,0.6303556105336852,0.2949621081352234,0.3,sign_flip,True,False,185.29087457495274,2.7858729660511017,0.5588935651939252
AgriTrust-ACFL,5,6,4,False,0.7369868010282516,0.8414399240426786,0.5145789980888367,1.0,8.0,0.7898032402200709,0.7658370302107395,0.7397123575210571,0.3,sign_flip,True,False,130.136585923034,2.7858729660511017,0.5588935651939252
AgriTrust-ACFL,5,8,0,True,0.5499738194048405,0.3304256847525479,0.8368615508079529,1.0,8.0,0.4968935553782747,0.5532331488330753,14.13798713684082,0.3,sign_flip,False,False,0.0,2.7858729660511017,0.5588935651939252
AgriTrust-ACFL,5,9,2,True,0.7568446397781372,0.6030673736021853,0.5145789980888367,1.0,8.0,0.7078794442880711,0.6883444338458999,3.532843828201294,0.3,sign_flip,True,False,303.9279190068263,2.7858729660511017,0.5588935651939252
AgriTrust-ACFL,6,0,0,False,0.6988511085510254,1.0,0.22460339963436127,1.0,7.0,0.8003443535672453,0.7825033010755683,0.7604537010192871,0.3,sign_flip,True,False,5776.439368539845,1.9011342525482178,0.6079962196126982
AgriTrust-ACFL,6,1,4,False,0.6568978726863861,0.6703204018119167,0.26332390308380127,1.0,7.0,0.6736768879639652,0.6581987550536603,1.615753412246704,0.3,sign_flip,True,False,2200.7967399001864,1.9011342525482178,0.6079962196126982
AgriTrust-ACFL,6,2,0,False,0.6776397824287415,0.9739224592637984,0.20599612593650818,1.0,7.0,0.7935653120691534,0.7913109859838753,0.7235215902328491,0.3,sign_flip,True,False,9733.91643858765,1.9011342525482178,0.6079962196126982
AgriTrust-ACFL,6,5,1,False,0.8224644958972931,0.6039669729487823,0.680612325668335,1.0,7.0,0.7567296033906481,0.6619491087479259,0.294088751077652,0.3,sign_flip,True,False,194.57767525884393,1.9011342525482178,0.6079962196126982
AgriTrust-ACFL,6,6,0,False,0.777819812297821,0.8973775835071232,0.45204639434814453,1.0,7.0,0.8294403369884289,0.7817378569051618,0.6201162338256836,0.3,sign_flip,True,False,803.6265168985063,1.9011342525482178,0.6079962196126982
AgriTrust-ACFL,6,7,4,False,0.8922187685966492,0.5581519950398014,0.680612325668335,1.0,7.0,0.7874959085276005,0.7877180857920233,2.281486749649048,0.3,sign_flip,True,False,1218.2346911987108,1.9011342525482178,0.6079962196126982
AgriTrust-ACFL,6,8,1,True,0.31516656279563904,0.2121792763982878,-0.1165042445063591,1.0,7.0,0.3203030537500658,0.4950006250623229,14.113533973693848,0.3,sign_flip,False,False,0.0,1.9011342525482178,0.6079962196126982
AgriTrust-ACFL,7,0,0,False,0.6819991171360016,0.8428584837883641,0.23575249314308167,1.0,8.0,0.7501926741678255,0.7744256443486326,0.7007095813751221,0.3,sign_flip,True,False,5716.810106581605,2.146865129470825,0.5436888897562797
AgriTrust-ACFL,7,1,0,False,0.45563436299562454,0.6512801317266771,0.20594973862171173,1.0,8.0,0.5461507115634477,0.6301867441811072,1.3463854789733887,0.3,sign_flip,True,False,12747.417461295436,2.146865129470825,0.5436888897562797
AgriTrust-ACFL,7,2,2,False,0.7039471715688705,0.8428584837883641,0.1755249798297882,1.0,8.0,0.7759779953741787,0.7874777383314512,1.016782522201538,0.3,sign_flip,True,False,3938.344204914717,2.146865129470825,0.5436888897562797
AgriTrust-ACFL,7,4,3,False,0.6964809894561768,0.6899178518219827,0.5565284490585327,1.0,8.0,0.7276515222012414,0.7123846648532695,0.5634444952011108,0.3,sign_flip,True,False,142.2026653714572,2.146865129470825,0.5436888897562797
AgriTrust-ACFL,7,5,0,False,0.6859323084354401,0.37861630389003875,0.5565284490585327,1.0,8.0,0.5953012783883728,0.6452871511580376,0.29314905405044556,0.3,sign_flip,True,False,297.4773766838553,2.146865129470825,0.5436888897562797
AgriTrust-ACFL,7,6,1,False,0.7216456532478333,0.798826456462295,0.23575249314308167,1.0,8.0,0.7686401539098995,0.7784634311563463,0.6609437465667725,0.3,sign_flip,True,False,510.26856427733895,2.146865129470825,0.5436888897562797
AgriTrust-ACFL,7,8,1,True,0.40800756216049194,0.09615189772326685,0.3543098568916321,1.0,8.0,0.29114409795070917,0.44403649328441946,10.810110092163086,0.3,sign_flip,False,False,0.0,2.146865129470825,0.5436888897562797
AgriTrust-ACFL,7,9,3,True,0.4478200227022171,0.2829188090961986,0.3543098568916321,1.0,8.0,0.42266989906386576,0.6219258001503913,3.3378210067749023,0.3,sign_flip,True,False,175.0938322952638,2.146865129470825,0.5436888897562797
AgriTrust-ACFL,8,0,4,False,0.6228238046169281,0.9695878322953982,0.20384764671325684,1.0,10.0,0.744290253568047,0.7668917966534862,1.5320262908935547,0.3,sign_flip,True,False,935.7892796560491,3.6188317835330963,0.5359124753962259
AgriTrust-ACFL,8,1,1,False,0.3914586529135704,0.9695878322953982,0.4143238663673401,1.0,10.0,0.566104343205057,0.6141661439370947,1.3630391359329224,0.3,sign_flip,True,False,7921.479457023214,3.6188317835330963,0.5359124753962259
AgriTrust-ACFL,8,2,0,False,0.6680397093296051,0.7347824625834658,0.34639886021614075,1.0,10.0,0.7235438517196104,0.771494266678491,0.8065685033798218,0.3,sign_flip,True,False,9490.150974412118,3.6188317835330963,0.5359124753962259
AgriTrust-ACFL,8,3,0,True,0.5127886729314923,0.3875736337041272,0.9322582483291626,1.0,10.0,0.5062295849813018,0.5216912922877744,8.685158729553223,0.3,sign_flip,False,False,0.0,3.6188317835330963,0.5359124753962259
AgriTrust-ACFL,8,4,1,False,0.6204568296670914,0.5971460239999622,0.6128445267677307,1.0,10.0,0.653882414111227,0.6977591021677588,0.5447545051574707,0.3,sign_flip,True,False,342.581351876222,3.6188317835330963,0.5359124753962259
AgriTrust-ACFL,8,5,0,False,0.7003813087940216,0.43117826180830493,0.6752316355705261,1.0,10.0,0.6261139606306918,0.6404938535262011,0.2941763401031494,0.3,sign_flip,True,False,295.2676664755787,3.6188317835330963,0.5359124753962259
AgriTrust-ACFL,8,6,3,False,0.7143454849720001,0.6952109240524962,0.34639886021614075,1.0,10.0,0.7331514197518405,0.7671354283052199,0.7263569831848145,0.3,sign_flip,True,False,204.44081525931003,3.6188317835330963,0.5359124753962259
AgriTrust-ACFL,8,7,1,False,0.7024362981319427,0.891973716652331,0.6752316355705261,1.0,10.0,0.794699159641429,0.7894633542543747,1.794023036956787,0.3,sign_flip,True,False,4709.661259244378,3.6188317835330963,0.5359124753962259
AgriTrust-ACFL,8,8,0,True,0.5366172567009926,0.4052011059944828,0.9322582483291626,1.0,10.0,0.521158531082788,0.4633170027340116,7.9841461181640625,0.3,sign_flip,True,True,6094.008536960455,3.6188317835330963,0.5359124753962259
AgriTrust-ACFL,8,9,3,True,0.4875950310379267,0.6463210279284127,0.34454426169395447,1.0,10.0,0.5674961629403938,0.608318390847892,3.3002376556396484,0.3,sign_flip,True,False,171.26287136421914,3.6188317835330963,0.5359124753962259
AgriTrust-ACFL,9,0,2,False,0.6514788269996643,0.650238486990852,0.2591491937637329,1.0,8.0,0.6767562773093595,0.7443579168174546,0.6635406017303467,0.3,sign_flip,True,False,2234.039352536751,3.9549520611763,0.5527671488261673
AgriTrust-ACFL,9,1,2,False,0.3052682876586914,0.9309466272426652,0.17258279025554657,1.0,8.0,0.4877479592944183,0.5825615977764256,1.3576741218566895,0.3,sign_flip,True,False,4791.039638211608,3.9549520611763,0.5527671488261673
AgriTrust-ACFL,9,2,2,False,0.6084573864936829,0.657557003344963,0.06121913343667984,1.0,8.0,0.6647871010661435,0.7448174752754041,0.6785233020782471,0.3,sign_flip,True,False,3724.9911263338413,3.9549520611763,0.5527671488261673
AgriTrust-ACFL,9,3,2,True,0.7371019870042801,0.38531617561534237,0.8876153230667114,1.0,8.0,0.6169649106813447,0.545509696886167,10.497695922851562,0.3,sign_flip,True,True,2917.1735108794574,3.9549520611763,0.5527671488261673
AgriTrust-ACFL,9,6,0,False,0.7024147361516953,0.6833315017289375,0.29876458644866943,1.0,8.0,0.7226450910133154,0.7560128439822438,0.7326181530952454,0.3,sign_flip,True,False,777.1812036137466,3.9549520611763,0.5527671488261673
AgriTrust-ACFL,9,7,2,False,0.4338277578353882,0.9309466272426652,0.17258279025554657,1.0,8.0,0.6175402742530439,0.746482584254042,1.8062875270843506,0.3,sign_flip,True,False,2839.519525162593,3.9549520611763,0.5527671488261673
AgriTrust-ACFL,9,8,1,True,0.7131406962871552,0.4445256468221487,0.8876153230667114,1.0,8.0,0.6265684658309331,0.5041298685082419,7.8930344581604,0.3,sign_flip,False,False,0.0,3.9549520611763,0.5527671488261673
AgriTrust-ACFL,9,9,4,True,0.7249103635549545,0.6874074534751079,0.45197099447250366,1.0,8.0,0.7189794629971613,0.6359836588852092,3.3078973293304443,0.3,sign_flip,True,False,114.16834743053249,3.9549520611763,0.5527671488261673
AgriTrust-ACFL,10,0,0,False,0.7536472082138062,0.838542150150954,0.42180925607681274,1.0,9.0,0.7913438738178623,0.7561044060675565,0.9132928848266602,0.3,sign_flip,True,False,5581.562725590702,3.348296582698822,0.5165633854124307
AgriTrust-ACFL,10,1,3,False,0.3617447018623352,1.0,0.2678149342536926,1.0,9.0,0.5470969515103563,0.5736954362099083,1.3393186330795288,0.3,sign_flip,True,False,3008.4083778947875,3.348296582698822,0.5165633854124307
AgriTrust-ACFL,10,3,4,True,0.4700165316462517,0.369692114257545,0.8810329437255859,1.0,9.0,0.4757616171463344,0.5280726769512089,11.654541969299316,0.3,sign_flip,True,False,2296.246173284499,3.348296582698822,0.5165633854124307
AgriTrust-ACFL,10,4,0,False,0.6804039776325226,0.6654551522520278,0.8503432869911194,1.0,9.0,0.7106267186368862,0.7009760062850408,0.5524652004241943,0.3,sign_flip,True,False,539.7515248394814,3.348296582698822,0.5165633854124307
AgriTrust-ACFL,10,5,0,False,0.7094704359769821,0.4979149061759612,0.8503432869911194,1.0,9.0,0.658389254409825,0.6449677037471071,0.29405730962753296,0.3,sign_flip,True,False,297.3301114274164,3.348296582698822,0.5165633854124307
AgriTrust-ACFL,10,6,2,False,0.7395632266998291,0.7645124209504429,0.42180925607681274,1.0,9.0,0.7688841703283318,0.7592306755687658,0.7470265626907349,0.3,sign_flip,True,False,317.32320183867563,3.348296582698822,0.5165633854124307
AgriTrust-ACFL,10,7,6,False,0.7248548865318298,0.6810340850235884,0.6135565638542175,1.0,9.0,0.7456792533522737,0.7462817515286,3.0875346660614014,0.3,sign_flip,True,False,469.24314204067093,3.348296582698822,0.5165633854124307
AgriTrust-ACFL,10,8,0,True,0.4857180770486593,0.36855332150660514,0.8810329437255859,1.0,9.0,0.47952865174635795,0.4979795643177709,11.732980728149414,0.3,sign_flip,False,False,0.0,3.348296582698822,0.5165633854124307
AgriTrust-ACFL,10,9,2,True,0.5332929082214832,0.6703203543391395,0.2895527482032776,1.0,9.0,0.6027146686212329,0.6276664113192152,3.195836067199707,0.3,sign_flip,True,False,277.1364695387927,3.348296582698822,0.5165633854124307
RawTrust,1,0,0,False,0.8055307865142822,1.0,0.9046610593795776,1.0,7.0,0.8653872693838295,0.8012878038998578,2.00687837600708,0.3,model_replace,,,,,
RawTrust,1,1,0,False,0.8446044325828552,0.9175577645932904,0.7128185033798218,1.0,7.0,0.8499482160672326,0.8319960127080012,1.5805162191390991,0.3,model_replace,,,,,
RawTrust,1,2,0,False,0.8432656228542328,0.9717115774968383,0.9046610593795776,1.0,7.0,0.8943707772819971,0.8148891382902066,2.1732754707336426,0.3,model_replace,,,,,
RawTrust,1,4,0,False,0.8934335708618164,0.5982928256011203,0.7556198835372925,1.0,7.0,0.7995442716427283,0.5808394212795063,0.48225727677345276,0.3,model_replace,,,,,
RawTrust,1,5,0,False,0.6556451767683029,0.4874203644234496,0.1358092874288559,1.0,7.0,0.6264137888838995,0.4296162594293548,0.27302640676498413,0.3,model_replace,,,,,
RawTrust,1,8,0,True,0.20931434631347656,0.5027463457037036,-0.12136933207511902,1.0,7.0,0.33128154276913907,0.4686199063679577,13.53680419921875,0.3,model_replace,,,,,
RawTrust,1,9,0,True,0.9208666682243347,0.6703202875230034,0.7556198835372925,1.0,7.0,0.81393320850111,0.7199242524275828,6.091526508331299,0.3,model_replace,,,,,
RawTrust,2,0,0,False,0.8942128419876099,1.0,0.9166088104248047,1.0,7.0,0.9165534988601178,0.8301042276399229,3.346470594406128,0.3,model_replace,,,,,
RawTrust,2,2,0,False,0.9228181540966034,0.887870682953842,0.9166088104248047,1.0,7.0,0.914733860926614,0.8398503189493084,4.181978225708008,0.3,model_replace,,,,,
RawTrust,2,3,1,True,0.2186453938484192,0.4854436484751402,-0.21698933839797974,1.0,7.0,0.33890185978445403,0.501236612386324,12.965096473693848,0.3,model_replace,,,,,
RawTrust,2,4,1,False,0.7902844548225403,0.354566301042308,0.7561544179916382,1.0,7.0,0.6388137556852811,0.59533300488095,0.47940388321876526,0.3,model_replace,,,,,
RawTrust,2,6,1,False,0.7193053960800171,0.4543860130973136,0.2878226041793823,1.0,7.0,0.64779702286886,0.5965456326225937,0.7631102800369263,0.3,model_replace,,,,,
RawTrust,2,7,1,False,0.7619439959526062,0.6703204037226885,0.42188894748687744,1.0,7.0,0.7627912917785051,0.8073986794073487,1.5813688039779663,0.3,model_replace,,,,,
RawTrust,2,9,1,True,0.8280159831047058,0.7292975756798955,0.7561544179916382,1.0,7.0,0.7873876007179809,0.7367900895001824,6.046570301055908,0.3,model_replace,,,,,
RawTrust,3,1,0,False,0.8532894849777222,0.7759016344823023,0.7918779253959656,1.0,9.0,0.8128082685863974,0.8271990766776003,4.317977428436279,0.3,model_replace,,,,,
RawTrust,3,2,2,False,0.8068421483039856,1.0,0.4235590994358063,1.0,9.0,0.8804601148953027,0.850002767935807,2.1761720180511475,0.3,model_replace,,,,,
RawTrust,3,3,0,True,0.5681105777621269,0.5367406286610867,0.142198383808136,1.0,9.0,0.5905307879580658,0.5235601562792594,11.681239128112793,0.3,model_replace,,,,,
RawTrust,3,4,1,False,0.8124536871910095,0.5957887292251501,0.4607727825641632,1.0,9.0,0.757881059106394,0.6359700184373109,0.53741455078125,0.3,model_replace,,,,,
RawTrust,3,5,0,False,0.8068913221359253,0.47378425580784955,0.5246844291687012,1.0,9.0,0.6962172687501195,0.49626651175954595,0.28944703936576843,0.3,model_replace,,,,,
RawTrust,3,6,2,False,0.7409324049949646,0.68052060485709,0.3600400686264038,1.0,9.0,0.74325825987449,0.6332237894355678,0.7696014046669006,0.3,model_replace,,,,,
RawTrust,3,7,2,False,0.7082117199897766,0.8936647935773637,0.4235590994358063,1.0,9.0,0.7987399769986306,0.8052340038051692,1.6063342094421387,0.3,model_replace,,,,,
RawTrust,3,8,1,True,0.5296477936208248,0.5639220442212319,0.142198383808136,1.0,9.0,0.5713625607171425,0.4943055699552539,10.222304344177246,0.3,model_replace,,,,,
RawTrust,3,9,0,True,0.8660742938518524,0.6703202942480196,0.7918779253959656,1.0,9.0,0.7869296093690582,0.7493249694674013,6.409638404846191,0.3,model_replace,,,,,
RawTrust,4,2,1,False,0.815381646156311,0.8542555334633665,0.5326411724090576,1.0,7.0,0.8446967479915031,0.8486762629497311,4.483152389526367,0.3,model_replace,,,,,
RawTrust,4,3,0,True,0.5001238887198269,0.6005485938161479,0.1842159628868103,1.0,7.0,0.5694193853549108,0.5350249635481723,13.647260665893555,0.3,model_replace,,,,,
RawTrust,4,4,0,False,0.8234712481498718,0.5988437520928557,0.5071382522583008,1.0,7.0,0.7646889765735175,0.6681497579713626,0.5394910573959351,0.3,model_replace,,,,,
RawTrust,4,5,0,False,0.8384124636650085,0.49043980878119026,0.5071382522583008,1.0,7.0,0.718455365798595,0.5518137252693083,0.2870817482471466,0.3,model_replace,,,,,
RawTrust,4,6,1,False,0.7532100677490234,0.6703202582251434,0.338790625333786,1.0,7.0,0.746616706801709,0.6615720187771031,0.7703354358673096,0.3,model_replace,,,,,
RawTrust,4,7,2,False,0.8511454463005066,1.0,0.5326411724090576,1.0,7.0,0.9140404080381352,0.8324356048634107,2.7256181240081787,0.3,model_replace,,,,,
RawTrust,4,8,2,True,0.5354569777846336,0.6786300705764889,0.1842159628868103,1.0,7.0,0.6076332991979692,0.5226375022659326,9.275701522827148,0.3,model_replace,,,,,
RawTrust,5,0,3,False,0.8286529779434204,0.9401695714987486,0.5688444375991821,1.0,8.0,0.8628437607530471,0.8382891109182039,3.3462204933166504,0.3,model_replace,,,,,
RawTrust,5,2,0,False,0.8382893204689026,0.9401695714987486,0.5688444375991821,1.0,8.0,0.8826824472534429,0.857177809025659,4.747518062591553,0.3,model_replace,,,,,
RawTrust,5,3,3,True,0.5209477413445711,0.7030754548662072,-0.009697388857603073,1.0,8.0,0.6105377064241475,0.5539031492671661,10.8201904296875,0.3,model_replace,,,,,
RawTrust,5,4,1,False,0.8350299000740051,0.49605967253342115,0.5149099826812744,1.0,8.0,0.7282498804476614,0.6831747885904372,0.5462599992752075,0.3,model_replace,,,,,
RawTrust,5,5,1,False,0.7727519571781158,0.3947131308883021,0.49834272265434265,1.0,8.0,0.643619011427644,0.5747650468088922,0.2857823073863983,0.3,model_replace,,,,,
RawTrust,5,6,4,False,0.710826188325882,0.5537695983962438,0.2891314625740051,1.0,8.0,0.682932451696185,0.6669121270068736,0.7462612390518188,0.3,model_replace,,,,,
RawTrust,5,8,0,True,0.6158928871154785,0.6390911217462103,0.1573607325553894,1.0,8.0,0.6445398958740924,0.5531131006679726,14.181039810180664,0.3,model_replace,,,,,
RawTrust,5,9,2,True,0.8716150522232056,0.8561217591078242,0.5431326627731323,1.0,8.0,0.8498359562578498,0.7744527161650135,6.191006183624268,0.3,model_replace,,,,,
RawTrust,6,0,0,False,0.8776136040687561,1.0,0.9130669832229614,1.0,7.0,0.9071563896295862,0.8555059305960495,2.8552863597869873,0.3,model_replace,,,,,
RawTrust,6,1,4,False,0.8091326355934143,0.7436301251359793,0.5215871334075928,1.0,7.0,0.7794011351259048,0.8152495912896763,3.2188026905059814,0.3,model_replace,,,,,
RawTrust,6,2,0,False,0.8994647264480591,0.6703217029215417,0.9130669832229614,1.0,7.0,0.8289956068421284,0.8501322584797764,3.356832504272461,0.3,model_replace,,,,,
RawTrust,6,5,1,False,0.7729538083076477,0.003524169111110601,0.3247183859348297,1.0,7.0,0.1562873397699706,0.4701456200491618,0.29058319330215454,0.3,model_replace,,,,,
RawTrust,6,6,0,False,0.7739856243133545,0.041086092416942145,0.4898582100868225,1.0,7.0,0.3279598505669417,0.5821740578968907,0.7848682403564453,0.3,model_replace,,,,,
RawTrust,6,7,4,False,0.8082507848739624,0.9208870767967123,0.5215871334075928,1.0,7.0,0.86671358596625,0.8410051001391206,2.761650800704956,0.3,model_replace,,,,,
RawTrust,6,8,1,True,0.6023027002811432,0.02846535287164738,0.2788934111595154,1.0,7.0,0.2503492143336262,0.47742212908438597,12.04985237121582,0.3,model_replace,,,,,
RawTrust,7,0,0,False,0.8211278915405273,0.9789504178989006,0.6220967769622803,1.0,8.0,0.8689993955542988,0.8588792968356118,2.213310480117798,0.3,model_replace,,,,,
RawTrust,7,1,0,False,0.808899462223053,0.9789504178989007,0.4911176562309265,1.0,8.0,0.8462784965332193,0.823006817600562,2.46928071975708,0.3,model_replace,,,,,
RawTrust,7,2,2,False,0.8217958211898804,0.7598632349997989,0.6220967769622803,1.0,8.0,0.8190619671091365,0.8423646856371163,4.737642288208008,0.3,model_replace,,,,,
RawTrust,7,4,3,False,0.8515755534172058,0.569391429695897,0.810697078704834,1.0,8.0,0.7672380987809182,0.7041906161380576,0.5491716861724854,0.3,model_replace,,,,,
RawTrust,7,5,0,False,0.6848344951868057,0.4449924311961911,0.29910826683044434,1.0,8.0,0.6243098853445209,0.5086866863730016,0.29130473732948303,0.3,model_replace,,,,,
RawTrust,7,6,1,False,0.7604525983333588,0.6578489018250909,0.35142308473587036,1.0,8.0,0.7463399069257497,0.6232155201541054,0.7961879372596741,0.3,model_replace,,,,,
RawTrust,7,8,1,True,0.6005828008055687,0.47899798315544395,0.2859933078289032,1.0,8.0,0.5829996728365847,0.5038165150224356,15.524155616760254,0.3,model_replace,,,,,
RawTrust,7,9,3,True,0.8796780109405518,0.6830281425761815,0.810697078704834,1.0,8.0,0.7981885230420551,0.7803866678842739,6.232188701629639,0.3,model_replace,,,,,
RawTrust,8,0,4,False,0.798326164484024,0.9461907174158581,0.4722912609577179,1.0,10.0,0.8469506933297898,0.8558971459591562,3.0322165489196777,0.3,model_replace,,,,,
RawTrust,8,1,1,False,0.763844221830368,0.9784937506274187,0.6859596967697144,1.0,10.0,0.8199042770947832,0.8222311824741174,2.4798192977905273,0.3,model_replace,,,,,
RawTrust,8,2,0,False,0.7315815389156342,0.9784937506274187,0.43637967109680176,1.0,10.0,0.828872807867178,0.8389917161946318,2.7778422832489014,0.3,model_replace,,,,,
RawTrust,8,3,0,True,0.43905312567949295,0.5047451448391983,0.7746313810348511,1.0,10.0,0.5031310935461165,0.5412101353369037,15.633455276489258,0.3,model_replace,,,,,
RawTrust,8,4,1,False,0.7642408907413483,0.5512737318335593,0.6859596967697144,1.0,10.0,0.7159306727092786,0.7071256302808628,0.5546566247940063,0.3,model_replace,,,,,
RawTrust,8,5,0,False,0.6746097505092621,0.4281987088078459,0.25136470794677734,1.0,10.0,0.6120612330183893,0.5345303230343486,0.2868444323539734,0.3,model_replace,,,,,
RawTrust,8,6,3,False,0.728022962808609,0.6318029908873709,0.569275438785553,1.0,10.0,0.7198855104561535,0.6473830177296174,0.7917273044586182,0.3,model_replace,,,,,
RawTrust,8,7,1,False,0.7580284476280212,0.9481213004330756,0.5490866899490356,1.0,10.0,0.8440137365976689,0.8417572592537577,2.2839040756225586,0.3,model_replace,,,,,
RawTrust,8,8,0,True,0.4463748186826706,0.5452719768439259,0.7746313810348511,1.0,10.0,0.514839543908536,0.5065722722439607,12.779439926147461,0.3,model_replace,,,,,
RawTrust,8,9,3,True,0.833415687084198,0.7111857887779853,0.569275438785553,1.0,10.0,0.7842683418061104,0.781357086364733,6.38840913772583,0.3,model_replace,,,,,
RawTrust,9,0,2,False,0.8697227239608765,0.9192752747693085,0.8844434022903442,1.0,8.0,0.8801535532021747,0.8619612477699108,2.2259202003479004,0.3,model_replace,,,,,
RawTrust,9,1,2,False,0.7888185381889343,0.9818032771201421,0.5011689066886902,1.0,8.0,0.8353872626921485,0.8255202025286251,2.4304912090301514,0.3,model_replace,,,,,
RawTrust,9,2,2,False,0.8911104202270508,0.9818032771201423,0.8844434022903442,1.0,8.0,0.9247953770235644,0.8604426314018649,2.552738666534424,0.3,model_replace,,,,,
RawTrust,9,3,2,True,0.4980240168515593,0.23974393018992424,0.14473730325698853,1.0,8.0,0.4313075556077625,0.5137344904046184,16.790889739990234,0.3,model_replace,,,,,
RawTrust,9,6,0,False,0.691708892583847,0.4147504251847859,0.21001267433166504,1.0,8.0,0.6168833318221215,0.6397580962527434,0.7685507535934448,0.3,model_replace,,,,,
RawTrust,9,7,2,False,0.8385887742042542,0.945864845804267,0.5275015830993652,1.0,8.0,0.891587592981438,0.8542148426856778,2.312359094619751,0.3,model_replace,,,,,
RawTrust,9,8,1,True,0.3775155693292618,0.30254259236966535,0.02363733761012554,1.0,8.0,0.3934624118608895,0.47829480714819295,12.304810523986816,0.3,model_replace,,,,,
RawTrust,9,9,4,True,0.777594655752182,0.4887868183170703,0.42810162901878357,1.0,8.0,0.6745994566188074,0.7546676789282516,6.482161045074463,0.3,model_replace,,,,,
RawTrust,10,0,0,False,0.8079484105110168,0.9010280770402895,0.46343666315078735,1.0,9.0,0.8401325619995488,0.8565040763273203,3.3077847957611084,0.3,model_replace,,,,,
RawTrust,10,1,3,False,0.7630093097686768,1.0,0.3870181441307068,1.0,9.0,0.8247731354793058,0.8253334357662954,2.4417788982391357,0.3,model_replace,,,,,
RawTrust,10,3,4,True,0.5421550422906876,0.5285649123859658,0.1320093423128128,1.0,9.0,0.5728917219943321,0.5285237983020468,15.63942813873291,0.3,model_replace,,,,,
RawTrust,10,4,0,False,0.866322785615921,0.5975449036856586,0.48804107308387756,1.0,9.0,0.7858128930998026,0.7267974459855978,0.5449473261833191,0.3,model_replace,,,,,
RawTrust,10,5,0,False,0.8114469349384308,0.4818240131747695,0.48804107308387756,1.0,9.0,0.7019108078007403,0.5763754442259466,0.2911219298839569,0.3,model_replace,,,,,
RawTrust,10,6,2,False,0.7137762904167175,0.6703202761775208,0.3690100610256195,1.0,9.0,0.7248581195916661,0.661033102087474,0.7616046667098999,0.3,model_replace,,,,,
RawTrust,10,7,6,False,0.8052866458892822,0.9977986858201383,0.44355136156082153,1.0,9.0,0.8860311045697575,0.8621689081566977,2.4261560440063477,0.3,model_replace,,,,,
RawTrust,10,8,0,True,0.491486594080925,0.556409697490578,0.01821538619697094,1.0,9.0,0.546138690648594,0.49525577802329324,13.46727180480957,0.3,model_replace,,,,,
RawTrust,10,9,2,True,0.8182418942451477,0.7244766684675279,0.46343666315078735,1.0,9.0,0.7807070606759714,0.7611775243651815,6.243163108825684,0.3,model_replace,,,,,
AgriTrust-ACFL,1,0,0,False,0.7118769288063049,0.9876311107176176,0.8040083646774292,1.0,7.0,0.8055016915232374,0.7261725806359041,1.3217952251434326,0.3,model_replace,True,False,5360.605990254244,3.1933191418647766,0.5816014731708905
AgriTrust-ACFL,1,1,0,False,0.7289343178272247,0.9272791314558477,0.48758161067962646,1.0,7.0,0.7862938168114741,0.7451812785233884,1.0378786325454712,0.3,model_replace,True,False,15073.526901971101,3.1933191418647766,0.5816014731708905
AgriTrust-ACFL,1,2,0,False,0.7809938192367554,1.0,0.8040083646774292,1.0,7.0,0.8648327910360621,0.7926389045319685,1.2773276567459106,0.3,model_replace,True,False,9750.251164647745,3.1933191418647766,0.5816014731708905
AgriTrust-ACFL,1,4,0,False,0.8083064556121826,0.670320289830115,0.42103689908981323,1.0,7.0,0.7829529527118043,0.7164494966495984,0.4252658486366272,0.3,model_replace,True,False,551.6661124201908,3.1933191418647766,0.5816014731708905
AgriTrust-ACFL,1,5,0,False,0.615738719701767,0.5789389547487759,0.35624098777770996,1.0,7.0,0.637206527926192,0.570071534482709,0.2842196226119995,0.3,model_replace,False,False,0.0,3.1933191418647766,0.5816014731708905
AgriTrust-ACFL,1,8,0,True,0.26630014181137085,0.5606907465851391,0.1644008606672287,1.0,7.0,0.3907728667755127,0.5205994617453751,6.268950462341309,0.3,model_replace,False,False,0.0,3.1933191418647766,0.5816014731708905
AgriTrust-ACFL,1,9,0,True,0.8390293717384338,0.5945145148342893,0.48758161067962646,1.0,7.0,0.7459711360720598,0.7932583563941108,5.336411952972412,0.3,model_replace,True,False,861.4785750440043,3.1933191418647766,0.5816014731708905
AgriTrust-ACFL,2,0,0,False,0.7993034720420837,1.0,0.5272838473320007,1.0,7.0,0.8617013194192708,0.7600547653317458,1.1130629777908325,0.3,model_replace,True,False,5610.724277678947,2.7826574444770813,0.5882634444771491
AgriTrust-ACFL,2,2,0,False,0.8316337764263153,0.7588857519014867,0.5272838473320007,1.0,7.0,0.824122089958077,0.8005097008884956,0.8543893098831177,0.3,model_replace,True,False,9847.069830629385,2.7826574444770813,0.5882634444771491
AgriTrust-ACFL,2,3,1,True,0.46599147468805313,0.1461718576158058,0.03573329374194145,1.0,7.0,0.35846118515566794,0.532107851618214,7.032155990600586,0.3,model_replace,False,False,0.0,2.7826574444770813,0.5882634444771491
AgriTrust-ACFL,2,4,1,False,0.5577227473258972,0.39397439727712996,0.33889147639274597,1.0,7.0,0.5443204206266061,0.6734172276438504,0.45575547218322754,0.3,model_replace,True,False,330.6301322422616,2.7826574444770813,0.5882634444771491
AgriTrust-ACFL,2,6,1,False,0.7445645928382874,0.6703207452995624,0.4783687889575958,1.0,7.0,0.7418912404262693,0.7344905459760068,0.7585650086402893,0.3,model_replace,True,False,481.44514099235016,2.7826574444770813,0.5882634444771491
AgriTrust-ACFL,2,7,1,False,0.7911918461322784,0.9876545796483255,0.30670595169067383,1.0,7.0,0.8747819888863401,0.7970710842914469,1.126396656036377,0.3,model_replace,True,False,4755.046306230161,2.7826574444770813,0.5882634444771491
AgriTrust-ACFL,2,9,1,True,0.518905034288764,0.193487720450682,0.33889147639274597,1.0,7.0,0.4089688245275167,0.6971859734274622,5.374522686004639,0.3,model_replace,True,False,482.77630828047296,2.7826574444770813,0.5882634444771491
AgriTrust-ACFL,3,1,0,False,0.6321640014648438,0.9827509407660519,0.6684065461158752,1.0,9.0,0.7398309669404793,0.7438437006276611,1.3219248056411743,0.3,model_replace,True,False,15046.470376296329,3.189326524734497,0.5516996666159122
AgriTrust-ACFL,3,2,2,False,0.31604331731796265,1.0,0.3118835985660553,1.0,9.0,0.5258194010197952,0.7318371259213206,1.2757306098937988,0.3,model_replace,True,False,3660.0736294091134,3.189326524734497,0.5516996666159122
AgriTrust-ACFL,3,3,0,True,0.8002168834209442,0.31411649564633526,0.8929271697998047,1.0,9.0,0.6071088809846287,0.5508581089598176,13.609857559204102,0.3,model_replace,False,False,0.0,3.189326524734497,0.5516996666159122
AgriTrust-ACFL,3,4,1,False,0.8301598429679871,0.6703203739337111,0.5606350898742676,1.0,9.0,0.7945254326221075,0.7036942788884147,0.5631564855575562,0.3,model_replace,True,False,345.49536741291615,3.189326524734497,0.5516996666159122
AgriTrust-ACFL,3,5,0,False,0.8288827240467072,0.4877271430521002,0.5606350898742676,1.0,9.0,0.7127653930677146,0.6057449991289604,0.2939684987068176,0.3,model_replace,True,False,279.24844459845076,3.189326524734497,0.5516996666159122
AgriTrust-ACFL,3,6,2,False,0.40189994871616364,0.7742882243546576,0.3118835985660553,1.0,9.0,0.551880190589298,0.6888379571293297,0.756211519241333,0.3,model_replace,True,False,287.90231103418245,3.189326524734497,0.5516996666159122
AgriTrust-ACFL,3,7,2,False,0.6723402738571167,0.9579820665565967,0.35766229033470154,1.0,9.0,0.7925826295021863,0.7959489705941317,1.1685518026351929,0.3,model_replace,True,False,3027.6830172717664,3.189326524734497,0.5516996666159122
AgriTrust-ACFL,3,8,1,True,0.775415301322937,0.33448256344880506,0.8929271697998047,1.0,9.0,0.6024334280780841,0.5410579533285523,11.969599723815918,0.3,model_replace,False,False,0.0,3.189326524734497,0.5516996666159122
AgriTrust-ACFL,3,9,0,True,0.6145554929971695,0.482209667234035,0.6684065461158752,1.0,9.0,0.5903033203076098,0.6704653101474991,5.66654109954834,0.3,model_replace,True,False,728.125326820184,3.189326524734497,0.5516996666159122
AgriTrust-ACFL,4,2,1,False,0.497201856225729,1.0,0.013349269516766071,1.0,7.0,0.6746351690672656,0.7175366367078069,0.7725555896759033,0.3,model_replace,True,False,5627.972701993689,1.9313889741897583,0.5725393418638731
AgriTrust-ACFL,4,3,0,True,0.8261063098907471,0.2262589813421499,0.9127660393714905,1.0,7.0,0.5599208465765344,0.5531237933639968,11.034710884094238,0.3,model_replace,False,False,0.0,1.9313889741897583,0.5725393418638731
AgriTrust-ACFL,4,4,0,False,0.9081253111362457,0.8207516856892711,0.8809964060783386,1.0,7.0,0.8870086293709657,0.7495228665090525,0.5425318479537964,0.3,model_replace,True,False,577.1326072119705,1.9313889741897583,0.5725393418638731
AgriTrust-ACFL,4,5,0,False,0.9154541492462158,0.5826980346561178,0.8809964060783386,1.0,7.0,0.794064030333653,0.6528247569301335,0.293919175863266,0.3,model_replace,True,False,300.95221294479154,1.9313889741897583,0.5725393418638731
AgriTrust-ACFL,4,6,1,False,0.7281942814588547,0.8715176742700742,0.3779440224170685,1.0,7.0,0.7929174786059164,0.7148578374984763,0.604036808013916,0.3,model_replace,True,False,468.57625908119326,1.9313889741897583,0.5725393418638731
AgriTrust-ACFL,4,7,2,False,0.9075946807861328,0.6703204206538215,0.7490835785865784,1.0,7.0,0.8398246537543548,0.8069178913841875,1.5804105997085571,0.3,model_replace,True,False,3069.407319231804,1.9313889741897583,0.5725393418638731
AgriTrust-ACFL,4,8,2,True,0.7853173911571503,0.21517234455931228,0.9127660393714905,1.0,7.0,0.5314518455594759,0.5386564263862832,12.07266902923584,0.3,model_replace,False,False,0.0,1.9313889741897583,0.5725393418638731
AgriTrust-ACFL,5,0,3,False,0.6298433840274811,0.9135261574059428,0.4490942060947418,1.0,8.0,0.7356301724866336,0.7539486171204677,1.1086233854293823,0.3,model_replace,True,False,1442.8402174695177,2.3370499163866043,0.5497703284831238
AgriTrust-ACFL,5,2,0,False,0.44146161526441574,0.9135261574059428,0.10181321203708649,1.0,8.0,0.6150117132692277,0.6919054058481621,0.7610165476799011,0.3,model_replace,True,False,8511.128397338241,2.3370499163866043,0.5497703284831238
AgriTrust-ACFL,5,3,3,True,0.8256662487983704,0.28171333189769826,0.8512045741081238,1.0,8.0,0.5978054016566842,0.5642941954371686,12.806024551391602,0.3,model_replace,True,False,3848.2461908961413,2.3370499163866043,0.5497703284831238
AgriTrust-ACFL,5,4,1,False,0.8583823442459106,0.7763979471257897,0.8809551000595093,1.0,8.0,0.8457341572931176,0.7735756892050687,0.5425997972488403,0.3,model_replace,True,False,379.80530037247286,2.3370499163866043,0.5497703284831238
AgriTrust-ACFL,5,5,1,False,0.8593224883079529,0.5787359405783673,0.8809551000595093,1.0,8.0,0.765336388683049,0.6809526648683624,0.2944970428943634,0.3,model_replace,True,False,200.1637055483319,2.3370499163866043,0.5497703284831238
AgriTrust-ACFL,5,6,4,False,0.5225538834929466,0.9011396992238077,0.4490942060947418,1.0,8.0,0.6672965307593374,0.7029675108136916,0.7397123575210571,0.3,model_replace,True,False,119.4533409372145,2.3370499163866043,0.5497703284831238
AgriTrust-ACFL,5,8,0,True,0.7364488244056702,0.28983148125706093,0.8512045741081238,1.0,8.0,0.5609513503293895,0.5442301573720598,12.071261405944824,0.3,model_replace,True,True,7158.259259914703,2.3370499163866043,0.5497703284831238
AgriTrust-ACFL,5,9,2,True,0.47394546307623386,0.42219095676322477,0.07188144326210022,1.0,8.0,0.4916987748372085,0.6257736763199265,5.520510196685791,0.3,model_replace,True,False,276.30076145243373,2.3370499163866043,0.5497703284831238
AgriTrust-ACFL,6,0,0,False,0.6118592172861099,0.8890588958094169,0.9109422564506531,1.0,7.0,0.718129572839584,0.7449938560502467,1.8888452053070068,0.3,model_replace,True,False,5499.544645362921,4.017820358276367,0.5592140965166834
AgriTrust-ACFL,6,1,4,False,0.6055172085762024,0.6703205340601625,0.4771076440811157,1.0,7.0,0.6441654430729041,0.7189241362389719,0.9277755618095398,0.3,model_replace,True,False,2403.84212689873,4.017820358276367,0.5592140965166834
AgriTrust-ACFL,6,2,0,False,0.585421547293663,0.9087635616879066,0.9109422564506531,1.0,7.0,0.7171649034851112,0.6982202802573994,1.8328198194503784,0.3,model_replace,True,False,8588.80766744627,4.017820358276367,0.5592140965166834
AgriTrust-ACFL,6,5,1,False,0.6549233198165894,0.2891589106111357,0.3251456022262573,1.0,7.0,0.5352640220765217,0.6445305041704021,0.29234862327575684,0.3,model_replace,True,False,189.45753605152868,4.017820358276367,0.5592140965166834
AgriTrust-ACFL,6,6,0,False,0.5326495543122292,0.5823113413632794,0.2690991163253784,1.0,7.0,0.5915596909065834,0.6751155558369146,0.7646844983100891,0.3,model_replace,True,False,694.0187914003483,4.017820358276367,0.5592140965166834
AgriTrust-ACFL,6,7,4,False,0.774895429611206,1.0,0.3251456022262573,1.0,7.0,0.8680545567404604,0.8222020577232557,1.6071281433105469,0.3,model_replace,True,False,1271.565408944909,4.017820358276367,0.5592140965166834
AgriTrust-ACFL,6,8,1,True,0.48494259361177683,0.231236639169006,0.4771076440811157,1.0,7.0,0.4165813203761232,0.5123179481230756,12.009998321533203,0.3,model_replace,False,False,0.0,4.017820358276367,0.5592140965166834
AgriTrust-ACFL,7,0,0,False,0.566297248005867,0.9738361065812684,0.18284004926681519,1.0,8.0,0.7072704820026352,0.7355630125383439,0.7684310078620911,0.3,model_replace,True,False,5429.926158558054,1.9745419919490814,0.5445722750156211
AgriTrust-ACFL,7,1,0,False,0.589187003672123,0.6394682875398462,0.1362144947052002,1.0,8.0,0.6256450849286017,0.6956043734113793,1.2517671585083008,0.3,model_replace,True,False,14070.68526536538,1.9745419919490814,0.5445722750156211
AgriTrust-ACFL,7,2,2,False,0.5504945442080498,0.9841298306116308,0.18064892292022705,1.0,8.0,0.7100776595348136,0.7011846250767528,0.8028329610824585,0.3,model_replace,True,False,3506.773931917811,1.9745419919490814,0.5445722750156211
AgriTrust-ACFL,7,4,3,False,0.7495061159133911,0.7026616411474722,0.47603142261505127,1.0,8.0,0.7617883977578005,0.7706288663432517,0.5490055680274963,0.3,model_replace,True,False,153.82908169249578,1.9745419919490814,0.5445722750156211
AgriTrust-ACFL,7,5,0,False,0.7235999405384064,0.3817347756251764,0.47603142261505127,1.0,8.0,0.6145752042567532,0.63704167919199,0.29280251264572144,0.3,model_replace,True,False,293.67621410750735,1.9745419919490814,0.5445722750156211
AgriTrust-ACFL,7,6,1,False,0.4508511498570442,0.9841298306116308,0.18284004926681519,1.0,8.0,0.6317468790733614,0.6642733866460263,0.7768006324768066,0.3,model_replace,True,False,435.4190752262033,1.9745419919490814,0.5445722750156211
AgriTrust-ACFL,7,8,1,True,0.6354986727237701,0.21969290728390153,0.18858201801776886,1.0,8.0,0.4760044170365387,0.5032395653514414,3.7632710933685303,0.3,model_replace,False,False,0.0,1.9745419919490814,0.5445722750156211
AgriTrust-ACFL,7,9,3,True,0.6387976855039597,0.19871833201274525,0.3680713176727295,1.0,8.0,0.4621862894194353,0.5848768295948037,4.173131942749023,0.3,model_replace,True,False,164.66325322039094,1.9745419919490814,0.5445722750156211
AgriTrust-ACFL,8,0,4,False,0.49282045755535364,0.9698585137589336,0.5554132461547852,1.0,10.0,0.6544201124733029,0.7152772875220836,1.1343799829483032,0.3,model_replace,True,False,872.8073772147327,2.99387589097023,0.5352179488298893
AgriTrust-ACFL,8,1,1,False,0.5902370065450668,0.9698585137589336,0.5823099613189697,1.0,10.0,0.7096106918966835,0.6991059530327053,1.2607207298278809,0.3,model_replace,True,False,9017.028209549808,2.99387589097023,0.5352179488298893
AgriTrust-ACFL,8,2,0,False,0.4891874846071005,0.8349773554768626,0.5554132461547852,1.0,10.0,0.6334171452199515,0.6842427551125525,0.8761228919029236,0.3,model_replace,True,False,8416.870130639509,2.99387589097023,0.5352179488298893
AgriTrust-ACFL,8,3,0,True,0.8317248225212097,0.26870380976420893,0.9166341423988342,1.0,10.0,0.5917606518848695,0.5711608095490939,11.542046546936035,0.3,model_replace,True,False,15024.956255998464,2.99387589097023,0.5352179488298893
AgriTrust-ACFL,8,4,1,False,0.7636197209358215,0.631944278959492,0.4877193868160248,1.0,10.0,0.7455386987083119,0.7643563244345167,0.5417858958244324,0.3,model_replace,True,False,375.27883495378694,2.99387589097023,0.5352179488298893
AgriTrust-ACFL,8,5,0,False,0.8395377695560455,0.4442817272167259,0.5734266638755798,1.0,10.0,0.697978421262586,0.6522758647096389,0.29501432180404663,0.3,model_replace,True,False,300.69917363114354,2.99387589097023,0.5352179488298893
AgriTrust-ACFL,8,6,3,False,0.47564680874347687,0.7110270636045423,0.45903122425079346,1.0,10.0,0.5901759377905167,0.6457490244321489,0.6640007495880127,0.3,model_replace,True,False,172.09146147697783,2.99387589097023,0.5352179488298893
AgriTrust-ACFL,8,7,1,False,0.8500204086303711,0.9687758951876735,0.5734266638755798,1.0,10.0,0.904724722480363,0.8428327239125325,1.2631522417068481,0.3,model_replace,True,False,5028.044185259623,2.99387589097023,0.5352179488298893
AgriTrust-ACFL,8,8,0,True,0.7858892679214478,0.2839585731531962,0.9166341423988342,1.0,10.0,0.577801091775878,0.5218799469575506,10.493285179138184,0.3,model_replace,False,False,0.0,2.99387589097023,0.5352179488298893
AgriTrust-ACFL,8,9,3,True,0.5160837098956108,0.40704256163298613,0.5823099613189697,1.0,10.0,0.5096639013764945,0.5660735975402265,5.637967586517334,0.3,model_replace,True,False,159.36948673059916,2.99387589097023,0.5352179488298893
AgriTrust-ACFL,9,0,2,False,0.5585874356329441,0.6667089035602527,0.15302932262420654,1.0,8.0,0.6265364460418515,0.6930920771520256,0.7230727076530457,0.3,model_replace,True,False,2080.1753300472915,3.151497393846512,0.5216186333135953
AgriTrust-ACFL,9,1,2,False,0.7882372438907623,0.9957882003265536,0.5623350739479065,1.0,8.0,0.8385993322235801,0.7339792978304239,1.253304362297058,0.3,model_replace,True,False,6036.312594160814,3.151497393846512,0.5216186333135953
AgriTrust-ACFL,9,2,2,False,0.5736271068453789,0.6739517309320514,0.0681740865111351,1.0,8.0,0.6483521029078227,0.6752700920613701,0.7338639497756958,0.3,model_replace,True,False,3377.169822549012,3.151497393846512,0.5216186333135953
AgriTrust-ACFL,9,3,2,True,0.8326296210289001,0.16810809303030422,0.8655529618263245,1.0,8.0,0.5143991355338918,0.5569703910452933,14.5313720703125,0.3,model_replace,True,False,5956.921683980806,3.151497393846512,0.5216186333135953
AgriTrust-ACFL,9,6,0,False,0.45105717331171036,0.7057237571068877,0.14841683208942413,1.0,8.0,0.5719090043318529,0.6272890194070748,0.7817073464393616,0.3,model_replace,True,False,644.8531119504729,3.151497393846512,0.5216186333135953
AgriTrust-ACFL,9,7,2,False,0.7065212428569794,0.9957882003265536,0.3787345588207245,1.0,8.0,0.824009621212002,0.8381269482373999,1.2678935527801514,0.3,model_replace,True,False,3188.1223812652506,3.151497393846512,0.5216186333135953
AgriTrust-ACFL,9,8,1,True,0.7900379300117493,0.2131362617903584,0.8655529618263245,1.0,8.0,0.531687790268609,0.5243319077853152,10.495348930358887,0.3,model_replace,True,False,8794.85302340461,3.151497393846512,0.5216186333135953
AgriTrust-ACFL,9,9,4,True,0.6354832798242569,0.3334915968152081,0.5623350739479065,1.0,8.0,0.5383052106522175,0.5591315008182243,5.681093692779541,0.3,model_replace,True,False,100.37226358404266,3.151497393846512,0.5216186333135953
AgriTrust-ACFL,10,0,0,False,0.6492627561092377,0.7389668610226477,0.28124260902404785,1.0,9.0,0.7019142867639816,0.6952976295550146,2.62821364402771,0.3,model_replace,True,False,5132.687101375118,3.660266399383545,0.5147478305263206
AgriTrust-ACFL,10,1,3,False,0.4785054512321949,0.9179021189459741,0.16276583075523376,1.0,9.0,0.6218989125194107,0.7059592015026706,1.240561842918396,0.3,model_replace,True,False,3701.9879228662203,3.660266399383545,0.5147478305263206
AgriTrust-ACFL,10,3,4,True,0.5416245087981224,0.5608753460096035,0.41475772857666016,1.0,9.0,0.582866502309977,0.5634444188614642,4.480038166046143,0.3,model_replace,True,False,2450.054977543719,3.660266399383545,0.5147478305263206
AgriTrust-ACFL,10,4,0,False,0.6200612038373947,0.5944151747115887,0.6647776365280151,1.0,9.0,0.6527548458688655,0.7364559547931039,0.5353621244430542,0.3,model_replace,True,False,567.07108519069,3.660266399383545,0.5147478305263206
AgriTrust-ACFL,10,5,0,False,0.6680530309677124,0.4280206134559152,0.6647776365280151,1.0,9.0,0.6087062359923436,0.6413834575303151,0.28366196155548096,0.3,model_replace,True,False,295.67777392147525,3.660266399383545,0.5147478305263206
AgriTrust-ACFL,10,6,2,False,0.6283658593893051,0.714787231792745,0.47983914613723755,1.0,9.0,0.6889363369771895,0.6427008487996035,0.7647878527641296,0.3,model_replace,True,False,268.6191400429696,3.660266399383545,0.5147478305263206
AgriTrust-ACFL,10,7,6,False,0.631293535232544,1.0,0.47983914613723755,1.0,9.0,0.7755156290157972,0.8224741184319992,1.464106559753418,0.3,model_replace,True,False,517.1509805641707,3.660266399383545,0.5147478305263206
AgriTrust-ACFL,10,8,0,True,0.6009755283594131,0.6703203926216682,0.41475772857666016,1.0,9.0,0.6450733177738396,0.5545172602824463,3.173612594604492,0.3,model_replace,True,False,14587.131048990032,3.660266399383545,0.5147478305263206
AgriTrust-ACFL,10,9,2,True,0.6261197924613953,0.5332038149193494,0.15957005321979523,1.0,9.0,0.6146464914154353,0.573010248467527,4.940593719482422,0.3,model_replace,True,False,253.00387977758803,3.660266399383545,0.5147478305263206
RawTrust,1,0,0,False,0.818768322467804,0.7170797087154723,0.9046610593795776,1.0,7.0,0.790267498015428,0.7825078610577574,2.00687837600708,0.3,gaussian,,,,,
RawTrust,1,1,0,False,0.826346218585968,1.0,0.7128185033798218,1.0,7.0,0.8617518423448518,0.8349469192774059,1.5805162191390991,0.3,gaussian,,,,,
RawTrust,1,2,0,False,0.8519824147224426,0.6417942513345252,0.9046610593795776,1.0,7.0,0.7942030736004769,0.7898472123698265,2.1732754707336426,0.3,gaussian,,,,,
RawTrust,1,4,0,False,0.8713919520378113,0.19148749499311943,0.7128185033798218,1.0,7.0,0.5603297811659632,0.521035798660315,0.48225727677345276,0.3,gaussian,,,,,
RawTrust,1,5,0,False,0.6696270704269409,0.08671430793680455,0.1358092874288559,1.0,7.0,0.37753542529271894,0.36739666853155967,0.27302640676498413,0.3,gaussian,,,,,
RawTrust,1,8,0,True,0.2926858067512512,0.6703209794540264,-0.10719337314367294,1.0,7.0,0.4342690449956986,0.4943667819245976,2.1064510345458984,0.3,gaussian,,,,,
RawTrust,1,9,0,True,0.7724899649620056,0.9175825215269953,0.39741164445877075,1.0,7.0,0.8119521755234479,0.7194289941831673,1.4858436584472656,0.3,gaussian,,,,,
RawTrust,2,0,0,False,0.8886743783950806,1.0,0.8261191844940186,1.0,7.0,0.9134268757808235,0.8152376147385239,1.521241545677185,0.3,gaussian,,,,,
RawTrust,2,2,0,False,0.9116698503494263,0.6703238046543092,0.8261191844940186,1.0,7.0,0.8351645243423026,0.8011765403629455,1.6337252855300903,0.3,gaussian,,,,,
RawTrust,2,3,1,True,0.32386842370033264,0.1992066674409848,-0.17120139300823212,1.0,7.0,0.32200974681457106,0.49701358414385327,2.028439998626709,0.3,gaussian,,,,,
RawTrust,2,4,1,False,0.7364305853843689,0.001541756892810708,0.3932575285434723,1.0,7.0,0.1202295993327764,0.42083424882843035,0.47940388321876526,0.3,gaussian,,,,,
RawTrust,2,6,1,False,0.7609140276908875,0.020894239645814817,0.38217055797576904,1.0,7.0,0.2652477341055989,0.5009083104317785,0.7631102800369263,0.3,gaussian,,,,,
RawTrust,2,7,1,False,0.801885336637497,0.8046427618899621,0.5089417695999146,1.0,7.0,0.8287165247082828,0.8238799876397931,1.5813688039779663,0.3,gaussian,,,,,
RawTrust,2,9,1,True,0.7049145698547363,0.7210756209237088,0.3932575285434723,1.0,7.0,0.7182326706228145,0.7191299132930791,1.4350601434707642,0.3,gaussian,,,,,
RawTrust,3,1,0,False,0.6762419939041138,0.9286333628580339,0.4081261157989502,1.0,9.0,0.7548359157982267,0.8149191684076111,1.692833662033081,0.3,gaussian,,,,,
RawTrust,3,2,2,False,0.6142600476741791,0.6514184169634919,0.4235590994358063,1.0,9.0,0.6663888587437107,0.7674796199581368,2.1761720180511475,0.3,gaussian,,,,,
RawTrust,3,3,0,True,0.479364724829793,0.6703209923118554,0.6505032777786255,1.0,9.0,0.574945008743922,0.5164964402938704,2.1325204372406006,0.3,gaussian,,,,,
RawTrust,3,4,1,False,0.7500974535942078,0.1531275743972715,0.4122301936149597,1.0,9.0,0.4825195140453857,0.43625556513266917,0.42515403032302856,0.3,gaussian,,,,,
RawTrust,3,5,0,False,0.7158019095659256,0.08370686881689286,0.4122301936149597,1.0,9.0,0.3875134021015306,0.3724258519240524,0.2771688401699066,0.3,gaussian,,,,,
RawTrust,3,6,2,False,0.563641831278801,0.3538915772338551,0.3600400686264038,1.0,9.0,0.5255596004040317,0.5070711329248418,0.7696014046669006,0.3,gaussian,,,,,
RawTrust,3,7,2,False,0.7263190448284149,1.0,0.4235590994358063,1.0,9.0,0.8376901409219897,0.8273325259603423,1.6063342094421387,0.3,gaussian,,,,,
RawTrust,3,8,1,True,0.4705714024603367,0.728620728744901,0.6505032777786255,1.0,9.0,0.5781594309071416,0.5153149441702336,2.010188102722168,0.3,gaussian,,,,,
RawTrust,3,9,0,True,0.698694109916687,0.6737808099697633,0.4081261157989502,1.0,9.0,0.7003406436765992,0.7144325958889591,1.2144018411636353,0.3,gaussian,,,,,
RawTrust,4,2,1,False,0.6454989612102509,0.8834270019166638,0.4902491867542267,1.0,7.0,0.7503600811974439,0.7631997352679636,1.6317577362060547,0.3,gaussian,,,,,
RawTrust,4,3,0,True,0.48459763266146183,0.670321241934963,0.7190139293670654,1.0,7.0,0.5783886012073248,0.531969480522234,1.9048230648040771,0.3,gaussian,,,,,
RawTrust,4,4,0,False,0.6505011767148972,0.1297174923909891,0.4902491867542267,1.0,7.0,0.424492617469703,0.4333148282169276,0.4845125377178192,0.3,gaussian,,,,,
RawTrust,4,5,0,False,0.7746214866638184,0.04666699736960926,0.24178747832775116,1.0,7.0,0.33964445862703413,0.36423050359979786,0.27317583560943604,0.3,gaussian,,,,,
RawTrust,4,6,1,False,0.7139546275138855,0.2828987119614713,0.3946424126625061,1.0,7.0,0.559650974664884,0.5202160933598524,0.7500908970832825,0.3,gaussian,,,,,
RawTrust,4,7,2,False,0.7194774597883224,1.0,0.24178747832775116,1.0,7.0,0.833341044217796,0.8288346555247058,1.522241234779358,0.3,gaussian,,,,,
RawTrust,4,8,2,True,0.4688744153827429,0.705392249917384,0.7190139293670654,1.0,7.0,0.5714304977514887,0.5293438325655474,1.8511452674865723,0.3,gaussian,,,,,
RawTrust,5,0,3,False,0.7604442238807678,0.8189759291785318,0.7378538846969604,1.0,8.0,0.7896483194891136,0.8088402909261713,1.5052361488342285,0.3,gaussian,,,,,
RawTrust,5,2,0,False,0.8160779178142548,0.566098505131596,0.7378538846969604,1.0,8.0,0.7469576279926246,0.7591392084491289,2.352457284927368,0.3,gaussian,,,,,
RawTrust,5,3,3,True,0.25616857409477234,0.6669770244769243,0.5032004117965698,1.0,8.0,0.4067219418720929,0.5006575958596987,1.929344654083252,0.3,gaussian,,,,,
RawTrust,5,4,1,False,0.8000198006629944,0.47820364443013336,0.6020820736885071,1.0,8.0,0.7035150620171111,0.5008648866669735,0.4845670163631439,0.3,gaussian,,,,,
RawTrust,5,5,1,False,0.6907881498336792,0.29377789050779296,0.17077955603599548,1.0,8.0,0.5538188645594722,0.4116275938397164,0.2688513696193695,0.3,gaussian,,,,,
RawTrust,5,6,4,False,0.7342220544815063,0.6834635744589124,0.34749770164489746,1.0,8.0,0.740506427571686,0.5752886769128108,0.7462612390518188,0.3,gaussian,,,,,
RawTrust,5,8,0,True,0.35137566924095154,0.6736809378182069,0.5032004117965698,1.0,8.0,0.4809100139563578,0.5172353779132499,1.906154751777649,0.3,gaussian,,,,,
RawTrust,5,9,2,True,0.7677903771400452,0.8189759291785318,0.6020820736885071,1.0,8.0,0.7820970564839355,0.7313487110377033,0.928696870803833,0.3,gaussian,,,,,
RawTrust,6,0,0,False,0.862338662147522,0.6703210456671628,0.908225417137146,1.0,7.0,0.7968434395661267,0.8058410780861601,2.0484774112701416,0.3,gaussian,,,,,
RawTrust,6,1,4,False,0.6327901780605316,0.8491041632469483,0.24902063608169556,1.0,7.0,0.7084745249515751,0.7883080075436022,1.4038012027740479,0.3,gaussian,,,,,
RawTrust,6,2,0,False,0.8797281682491302,0.6048093035506699,0.908225417137146,1.0,7.0,0.79405974971549,0.7678693437657191,2.194732904434204,0.3,gaussian,,,,,
RawTrust,6,5,1,False,0.8237119317054749,0.07724657639615744,0.40945541858673096,1.0,7.0,0.4086603922812344,0.4108857934500959,0.28131306171417236,0.3,gaussian,,,,,
RawTrust,6,6,0,False,0.7876852452754974,0.34673488022916105,0.3428134322166443,1.0,7.0,0.6279172105496535,0.5884458103220216,0.7699797749519348,0.3,gaussian,,,,,
RawTrust,6,7,4,False,0.6252697706222534,1.0,0.1761152148246765,1.0,7.0,0.7714368928464935,0.8144852148551528,1.566542148590088,0.3,gaussian,,,,,
RawTrust,6,8,1,True,0.3257867395877838,0.6795068443112466,-0.03548099473118782,1.0,7.0,0.462513739086262,0.5035549682065029,2.0298664569854736,0.3,gaussian,,,,,
RawTrust,7,0,0,False,0.7932813763618469,0.8484094101811998,0.7924087643623352,1.0,8.0,0.8168305240935327,0.8085884395880032,1.454565167427063,0.3,gaussian,,,,,
RawTrust,7,1,0,False,0.7253508567810059,0.9157445646686297,0.552779495716095,1.0,8.0,0.7812263295330325,0.7865375880409599,1.3471750020980835,0.3,gaussian,,,,,
RawTrust,7,2,2,False,0.8511878848075867,0.5279659738227543,0.7924087643623352,1.0,8.0,0.7486377772453556,0.7630614521356283,2.342092514038086,0.3,gaussian,,,,,
RawTrust,7,4,3,False,0.842697024345398,0.39555028400014836,0.552779495716095,1.0,8.0,0.6838548700735176,0.5466123825186096,0.4858863055706024,0.3,gaussian,,,,,
RawTrust,7,5,0,False,0.423575222492218,0.22016647594501312,0.0969725251197815,1.0,8.0,0.38811415978925146,0.4051928850348848,0.269778847694397,0.3,gaussian,,,,,
RawTrust,7,6,1,False,0.7294294089078903,0.6374641809328664,0.3718712329864502,1.0,8.0,0.72258122065909,0.6219796629062887,0.7846308350563049,0.3,gaussian,,,,,
RawTrust,7,8,1,True,0.2963419705629349,0.7048707557708274,0.0969725251197815,1.0,8.0,0.4438867727632628,0.4886379193456929,1.752143383026123,0.3,gaussian,,,,,
RawTrust,7,9,3,True,0.8035242259502411,0.9157445646686299,0.5125859975814819,1.0,8.0,0.8292349263244025,0.7558202648593781,1.1288840770721436,0.3,gaussian,,,,,
RawTrust,8,0,4,False,0.7369471490383148,0.6980509085607589,0.8394894003868103,1.0,10.0,0.7398121183533651,0.7913943592793437,1.8666765689849854,0.3,gaussian,,,,,
RawTrust,8,1,1,False,0.6388264298439026,0.9937678699041164,0.447343111038208,1.0,10.0,0.7466020246318408,0.7765536971886801,1.3632926940917969,0.3,gaussian,,,,,
RawTrust,8,2,0,False,0.769775390625,0.8145208287365169,0.8394894003868103,1.0,10.0,0.8067646129962,0.7739872423507712,1.6272149085998535,0.3,gaussian,,,,,
RawTrust,8,3,0,True,0.3993912935256958,0.6089245423003712,0.6020885705947876,1.0,10.0,0.5052582250164577,0.5018077531488885,2.1079001426696777,0.3,gaussian,,,,,
RawTrust,8,4,1,False,0.7270996272563934,0.2786762488558177,0.447343111038208,1.0,10.0,0.5676632438510183,0.5518750978517117,0.4349827766418457,0.3,gaussian,,,,,
RawTrust,8,5,0,False,0.5808674469590187,0.1753972894874372,0.3649786114692688,1.0,10.0,0.4312921599078071,0.41171770375311534,0.2881186008453369,0.3,gaussian,,,,,
RawTrust,8,6,3,False,0.6204118058085442,0.545538306841384,0.29617610573768616,1.0,10.0,0.6308567309869952,0.6241989299264654,0.7907217144966125,0.3,gaussian,,,,,
RawTrust,8,7,1,False,0.7185899913311005,0.9937678699041165,0.3649786114692688,1.0,10.0,0.8312151344144016,0.818667694744965,1.3482110500335693,0.3,gaussian,,,,,
RawTrust,8,8,0,True,0.37238985300064087,0.643692270380713,0.6020885705947876,1.0,10.0,0.4897849262996735,0.488924671084188,2.0062949657440186,0.3,gaussian,,,,,
RawTrust,8,9,3,True,0.676687479019165,0.9848203900935011,0.28845638036727905,1.0,10.0,0.7711101708397124,0.7596427413544617,1.3374056816101074,0.3,gaussian,,,,,
RawTrust,9,0,2,False,0.7901911735534668,0.8444903371377231,0.819450318813324,1.0,8.0,0.8139475578695468,0.7970326589268945,1.50334894657135,0.3,gaussian,,,,,
RawTrust,9,1,2,False,0.6021656841039658,0.7168189060578719,0.25518929958343506,1.0,8.0,0.655254078952896,0.7462287926297341,1.2987157106399536,0.3,gaussian,,,,,
RawTrust,9,2,2,False,0.79318568110466,0.6268417911545376,0.819450318813324,1.0,8.0,0.7581925777294916,0.7700385761954512,1.6397987604141235,0.3,gaussian,,,,,
RawTrust,9,3,2,True,0.3578101247549057,0.2720815979328813,0.6180008053779602,1.0,8.0,0.37350276144406325,0.46973150522268214,2.0914483070373535,0.3,gaussian,,,,,
RawTrust,9,6,0,False,0.7717386484146118,0.11620756188473938,0.39821505546569824,1.0,8.0,0.4472888690870136,0.5799714147166024,0.7641496062278748,0.3,gaussian,,,,,
RawTrust,9,7,2,False,0.6876240372657776,0.8444903371377233,0.2641456127166748,1.0,8.0,0.7726535411682388,0.8071641563507834,1.3622742891311646,0.3,gaussian,,,,,
RawTrust,9,8,1,True,0.3590870797634125,0.29890754659383045,0.6180008053779602,1.0,8.0,0.38139417700447265,0.46204204756425915,2.0348994731903076,0.3,gaussian,,,,,
RawTrust,9,9,4,True,0.704675555229187,0.8322112682438231,0.31180715560913086,1.0,8.0,0.7496524861061747,0.75714517754239,1.3564703464508057,0.3,gaussian,,,,,
RawTrust,10,0,0,False,0.6803769171237946,0.754116447583501,0.4133719503879547,1.0,9.0,0.7246179886621213,0.7789289913607012,1.6763064861297607,0.3,gaussian,,,,,
RawTrust,10,1,3,False,0.6926454603672028,1.0,0.5475873947143555,1.0,9.0,0.7820313115622008,0.7551794223628507,1.3250491619110107,0.3,gaussian,,,,,
RawTrust,10,3,4,True,0.4399406686425209,0.6703208505243244,0.5574182271957397,1.0,9.0,0.5484369432004035,0.48940786471711245,1.8491734266281128,0.3,gaussian,,,,,
RawTrust,10,4,0,False,0.7705368399620056,0.2713048375957093,0.5475873947143555,1.0,9.0,0.5813768923355305,0.5592505464726665,0.44686299562454224,0.3,gaussian,,,,,
RawTrust,10,5,0,False,0.6886682361364365,0.14833479208673564,0.3120036721229553,1.0,9.0,0.4504024726014413,0.42138889596519685,0.27020326256752014,0.3,gaussian,,,,,
RawTrust,10,6,2,False,0.653905600309372,0.5145399590514558,0.3749232292175293,1.0,9.0,0.6380697413218513,0.5944959963679146,0.7616913914680481,0.3,gaussian,,,,,
RawTrust,10,7,6,False,0.7366603463888168,0.9208432982967306,0.4133719503879547,1.0,9.0,0.8235994485167564,0.8112729793922767,1.419297218322754,0.3,gaussian,,,,,
RawTrust,10,8,0,True,0.3840116187930107,0.6616610070040446,0.5574182271957397,1.0,9.0,0.5022653041303615,0.47209786170578477,1.8693172931671143,0.3,gaussian,,,,,
RawTrust,10,9,2,True,0.7418339848518372,0.7596470469876854,0.41775819659233093,1.0,9.0,0.7503227241947784,0.7554395642054871,1.0537916421890259,0.3,gaussian,,,,,
AgriTrust-ACFL,1,0,0,False,0.7032858580350876,0.6201049428428143,0.8040083646774292,1.0,7.0,0.6958688845247125,0.6987643788862729,1.3217952251434326,0.3,gaussian,True,False,5158.278644938467,2.678549587726593,0.5596498724913503
AgriTrust-ACFL,1,1,0,False,0.6922135651111603,0.9301830483625416,0.3276194632053375,1.0,7.0,0.7649722493966071,0.7398508866696717,1.0378786325454712,0.3,gaussian,True,False,14965.70373555412,2.678549587726593,0.5596498724913503
AgriTrust-ACFL,1,2,0,False,0.764083057641983,0.6703215713431063,0.8040083646774292,1.0,7.0,0.7578587022192267,0.7658953823277597,1.2773276567459106,0.3,gaussian,True,False,9421.279098013772,2.678549587726593,0.5596498724913503
AgriTrust-ACFL,1,4,0,False,0.798981249332428,0.12213727840104888,0.35624098777770996,1.0,7.0,0.4668030932438093,0.6374120317825996,0.4252658486366272,0.3,gaussian,True,False,490.80726447260173,2.678549587726593,0.5596498724913503
AgriTrust-ACFL,1,5,0,False,0.642367035150528,0.04882283902260534,0.35624098777770996,1.0,7.0,0.31059182691494075,0.48841785922989617,0.2842196226119995,0.3,gaussian,False,False,0.0,2.678549587726593,0.5596498724913503
AgriTrust-ACFL,1,8,0,True,0.41689150780439377,0.872270842698541,0.10130958259105682,1.0,7.0,0.5709015195550677,0.5656316249402638,1.1377357244491577,0.3,gaussian,True,False,14879.505525678578,2.678549587726593,0.5596498724913503
AgriTrust-ACFL,1,9,0,True,0.7679197788238525,1.0,0.3120242953300476,1.0,7.0,0.8304616157812927,0.814380976321419,1.0714198350906372,0.3,gaussian,True,False,884.4177402850611,2.678549587726593,0.5596498724913503
AgriTrust-ACFL,2,0,0,False,0.8545714616775513,0.6703233346050124,0.7630711197853088,1.0,7.0,0.7928887148568872,0.7222954628789264,1.2220823764801025,0.3,gaussian,True,False,5331.9851069722345,2.8159916400909424,0.5784962369512296
AgriTrust-ACFL,2,2,0,False,0.8654508590698242,0.8612542045920497,0.7630711197853088,1.0,7.0,0.8749811632883348,0.7931668275679035,1.1612180471420288,0.3,gaussian,True,False,9756.74514591278,2.8159916400909424,0.5784962369512296
AgriTrust-ACFL,2,3,1,True,0.41059932112693787,0.5671881014860043,0.023095380514860153,1.0,7.0,0.5021960362289813,0.5680415643865423,1.2644163370132446,0.3,gaussian,False,False,0.0,2.8159916400909424,0.5784962369512296
AgriTrust-ACFL,2,4,1,False,0.6019157320261002,0.011807495605507855,0.20191876590251923,1.0,7.0,0.19818742746313472,0.5276058807027334,0.45575547218322754,0.3,gaussian,False,False,0.0,2.8159916400909424,0.5784962369512296
AgriTrust-ACFL,2,6,1,False,0.7123606353998184,0.1437653796918311,0.4248284697532654,1.0,7.0,0.4562368740685723,0.6630769543865825,0.7585650086402893,0.3,gaussian,True,False,434.6348357271499,2.8159916400909424,0.5784962369512296
AgriTrust-ACFL,2,7,1,False,0.7411570698022842,1.0,0.27069103717803955,1.0,7.0,0.8470595772035313,0.7901404813707448,1.126396656036377,0.3,gaussian,True,False,4713.700761939932,2.8159916400909424,0.5784962369512296
AgriTrust-ACFL,2,9,1,True,0.6683350801467896,0.9941259504196122,0.23674276471138,1.0,7.0,0.768024561937736,0.8027918727254982,1.125044822692871,0.3,gaussian,True,False,555.9046099660343,2.8159916400909424,0.5784962369512296
AgriTrust-ACFL,3,1,0,False,0.62875697016716,0.6703217381681671,0.45266613364219666,1.0,9.0,0.657648197722358,0.7193002144328433,1.36919105052948,0.3,gaussian,True,False,14550.004737547555,2.921379506587982,0.4969152420195559
AgriTrust-ACFL,3,2,2,False,0.39231763780117035,0.8012979414520196,0.3118835985660553,1.0,9.0,0.55413424023073,0.7334086807336101,1.2757306098937988,0.3,gaussian,True,False,3667.933310370763,2.921379506587982,0.4969152420195559
AgriTrust-ACFL,3,3,0,True,0.7213126122951508,0.3013757046373289,0.5628348588943481,1.0,9.0,0.5663377788090408,0.5676156179921669,1.8792903423309326,0.3,gaussian,True,False,14931.696446901942,2.921379506587982,0.4969152420195559
AgriTrust-ACFL,3,4,1,False,0.809901624917984,0.09571701095198884,0.5220096111297607,1.0,9.0,0.43713805718187526,0.5049889248225189,0.46129345893859863,0.3,gaussian,True,False,247.93626913751802,2.921379506587982,0.4969152420195559
AgriTrust-ACFL,3,5,0,False,0.8094135224819183,0.03057610825204673,0.5220096111297607,1.0,9.0,0.30650018567095877,0.4429384408401618,0.2935267686843872,0.3,gaussian,False,False,0.0,2.921379506587982,0.4969152420195559
AgriTrust-ACFL,3,6,2,False,0.4163716211915016,0.3333371992967682,0.3118835985660553,1.0,9.0,0.43700749731393906,0.6065595901184218,0.756211519241333,0.3,gaussian,True,False,253.51377049951563,2.921379506587982,0.4969152420195559
AgriTrust-ACFL,3,7,2,False,0.6880954504013062,1.0,0.3515244722366333,1.0,9.0,0.8131489284333292,0.7958925931363909,1.1685518026351929,0.3,gaussian,True,False,3027.4685649919534,2.921379506587982,0.4969152420195559
AgriTrust-ACFL,3,8,1,True,0.6914879381656647,0.9965559676424557,0.5628348588943481,1.0,9.0,0.7848472823118072,0.6204355392831497,1.1701499223709106,0.3,gaussian,True,False,10406.842111783646,2.921379506587982,0.4969152420195559
AgriTrust-ACFL,3,9,0,True,0.6433918476104736,0.7630273184975116,0.45266613364219666,1.0,9.0,0.694735394331452,0.7757777531269867,1.0498262643814087,0.3,gaussian,True,False,842.4946398959075,2.921379506587982,0.4969152420195559
AgriTrust-ACFL,4,2,1,False,0.6181065365672112,0.9657153070351442,0.16277621686458588,1.0,7.0,0.7525156550367226,0.7381854243093882,0.8127203583717346,0.3,gaussian,True,False,5789.930721982971,1.9836534559726715,0.5101462839398021
AgriTrust-ACFL,4,3,0,True,0.6893839538097382,1.0,0.5329231023788452,1.0,7.0,0.7916418882190511,0.6236221855488879,0.7934613823890686,0.3,gaussian,True,False,16405.005213049048,1.9836534559726715,0.5101462839398021
AgriTrust-ACFL,4,4,0,False,0.5019961395300925,0.4269841943814654,0.16277621686458588,1.0,7.0,0.5262509319518,0.5103044266048391,0.44203391671180725,0.3,gaussian,True,False,392.9344084857261,1.9836534559726715,0.5101462839398021
AgriTrust-ACFL,4,5,0,False,0.752537727355957,0.2059838961622535,0.3839777708053589,1.0,7.0,0.5218706373840108,0.46267148997612406,0.26780977845191956,0.3,gaussian,False,False,0.0,1.9836534559726715,0.5101462839398021
AgriTrust-ACFL,4,6,1,False,0.7368022799491882,0.67032102113055,0.3352399468421936,1.0,7.0,0.7376273591266863,0.6393265323704879,0.6027058959007263,0.3,gaussian,True,False,419.0668677814603,1.9836534559726715,0.5101462839398021
AgriTrust-ACFL,4,7,2,False,0.7640907168388367,0.5345060439014071,0.3839777708053589,1.0,7.0,0.713803725768962,0.7753703762945336,1.2205129861831665,0.3,gaussian,True,False,2949.4048075095106,1.9836534559726715,0.5101462839398021
AgriTrust-ACFL,4,8,2,True,0.6566528975963593,0.7012527427959475,0.5329231023788452,1.0,7.0,0.6865152883824368,0.6369554765579715,1.0126934051513672,0.3,gaussian,True,False,6812.379887766696,1.9836534559726715,0.5101462839398021
AgriTrust-ACFL,5,0,3,False,0.7554855346679688,0.6556751581208897,0.683605432510376,1.0,8.0,0.7360313731465666,0.7257294404458365,1.2169965505599976,0.3,gaussian,True,False,1388.8368516094677,2.0716693997383118,0.5240230928756928
AgriTrust-ACFL,5,2,0,False,0.7898724675178528,0.3977689808697034,0.683605432510376,1.0,8.0,0.6599660273939204,0.7186305750805212,1.929305076599121,0.3,gaussian,True,False,8839.87470406549,2.0716693997383118,0.5240230928756928
AgriTrust-ACFL,5,3,3,True,0.35243019461631775,0.685293522734553,0.2814660668373108,1.0,8.0,0.4886842257633841,0.589887695602512,1.1684213876724243,0.3,gaussian,True,False,4022.782966782486,2.0716693997383118,0.5240230928756928
AgriTrust-ACFL,5,4,1,False,0.7295232564210892,0.5060954693909674,0.4265637993812561,1.0,8.0,0.6801824047776812,0.5527739211480496,0.44016289710998535,0.3,gaussian,True,False,271.39744447689003,2.0716693997383118,0.5240230928756928
AgriTrust-ACFL,5,5,1,False,0.6554337292909622,0.2848206451157999,0.07644952833652496,1.0,8.0,0.533070441340148,0.48027122781713005,0.25908610224723816,0.3,gaussian,True,True,70.58704193977101,2.0716693997383118,0.5240230928756928
AgriTrust-ACFL,5,6,4,False,0.6650532633066177,0.8887382331118614,0.4136338233947754,1.0,8.0,0.7587738083281164,0.6691883513598951,0.7397123575210571,0.3,gaussian,True,False,113.71334102436462,2.0716693997383118,0.5240230928756928
AgriTrust-ACFL,5,8,0,True,0.5143310995772481,0.8989574492266639,0.2814660668373108,1.0,8.0,0.6466337797089606,0.6393750523457188,0.7475504279136658,0.3,gaussian,True,False,16819.40012700648,2.0716693997383118,0.5240230928756928
AgriTrust-ACFL,5,9,2,True,0.5510223507881165,0.8989574492266639,0.25364187359809875,1.0,8.0,0.670132458004697,0.7493664293464143,0.9097850918769836,0.3,gaussian,True,False,330.8712444616337,2.0716693997383118,0.5240230928756928
AgriTrust-ACFL,6,0,0,False,0.8800124228000641,0.4311913479698432,0.8831162452697754,1.0,7.0,0.7058869877639676,0.7207688272753693,1.6543487310409546,0.3,gaussian,True,False,5320.715482946776,2.434730678796768,0.5673228247815405
AgriTrust-ACFL,6,1,4,False,0.5580321699380875,0.9120489944048015,0.1590331494808197,1.0,7.0,0.6754778726063825,0.7083446289762281,0.9190241694450378,0.3,gaussian,True,False,2368.467789109685,2.434730678796768,0.5673228247815405
AgriTrust-ACFL,6,2,0,False,0.891652524471283,0.4436934339244181,0.8831162452697754,1.0,7.0,0.7289680166683559,0.72121493547748,1.6248314380645752,0.3,gaussian,True,False,8871.66492130848,2.434730678796768,0.5673228247815405
AgriTrust-ACFL,6,5,1,False,0.7678729593753815,0.13681043272008225,0.36146584153175354,1.0,7.0,0.46673164747085194,0.47688633273056047,0.27820485830307007,0.3,gaussian,False,False,0.0,2.434730678796768,0.5673228247815405
AgriTrust-ACFL,6,6,0,False,0.7624841332435608,0.6703211102295195,0.32189151644706726,1.0,7.0,0.7516591547686121,0.6898060522120744,0.756987988948822,0.3,gaussian,True,False,709.1206216740125,2.434730678796768,0.5673228247815405
AgriTrust-ACFL,6,7,4,False,0.584269791841507,0.6751265113220799,0.09989629685878754,1.0,7.0,0.6605660562325151,0.7466692962790289,1.2473225593566895,0.3,gaussian,True,False,1154.751244114767,2.434730678796768,0.5673228247815405
AgriTrust-ACFL,6,8,1,True,0.49381666630506516,1.0,0.009147420525550842,1.0,7.0,0.6528513017287539,0.6427441146914776,0.9738922715187073,0.3,gaussian,True,False,10781.033800224846,2.434730678796768,0.5673228247815405
AgriTrust-ACFL,7,0,0,False,0.7898936867713928,0.8002227242990815,0.7476242780685425,1.0,8.0,0.8007396626666934,0.7407615361232003,1.0461859703063965,0.3,gaussian,True,False,5468.301659661464,2.371964231133461,0.5490550295531326
AgriTrust-ACFL,7,1,0,False,0.684004545211792,0.7109769946104183,0.4667849540710449,1.0,8.0,0.7011036111158144,0.7065343745111248,1.1034092903137207,0.3,gaussian,True,False,14291.777327611031,2.371964231133461,0.5490550295531326
AgriTrust-ACFL,7,2,2,False,0.8447265028953552,0.1980733750646771,0.7476242780685425,1.0,8.0,0.5555429828562428,0.6797969473221706,1.9619717597961426,0.3,gaussian,True,False,3399.8095916688817,2.371964231133461,0.5490550295531326
AgriTrust-ACFL,7,4,3,False,0.840531975030899,0.18634861414680956,0.5256632566452026,1.0,8.0,0.5448623666770813,0.5507960325303075,0.44403108954429626,0.3,gaussian,True,False,109.94715041762748,2.371964231133461,0.5490550295531326
AgriTrust-ACFL,7,5,0,False,0.43327537924051285,0.0677207197979803,0.07114145904779434,1.0,8.0,0.27590464040540913,0.42664090964927265,0.28147417306900024,0.3,gaussian,False,False,0.0,2.371964231133461,0.5490550295531326
AgriTrust-ACFL,7,6,1,False,0.6840206980705261,0.6319908562506935,0.38141849637031555,1.0,8.0,0.6956815067593042,0.6912749158488818,0.7696101069450378,0.3,gaussian,True,False,453.11808456716557,2.371964231133461,0.5490550295531326
AgriTrust-ACFL,7,8,1,True,0.435705803334713,0.8508476896380713,0.07114145904779434,1.0,8.0,0.580583918557739,0.627204065658043,0.8798914551734924,0.3,gaussian,True,False,10520.373624492193,2.371964231133461,0.5490550295531326
AgriTrust-ACFL,7,9,3,True,0.8114969730377197,0.8508476896380713,0.5256632566452026,1.0,8.0,0.8155661441916128,0.765916358057714,1.0176799297332764,0.3,gaussian,True,False,215.63220293727542,2.371964231133461,0.5490550295531326
AgriTrust-ACFL,8,0,4,False,0.7086740732192993,0.21998453056158732,0.7920735478401184,1.0,10.0,0.5120690946428568,0.6835884257531144,1.737675428390503,0.3,gaussian,True,False,834.1394748361879,2.7651797235012054,0.5323941451052193
AgriTrust-ACFL,8,1,1,False,0.62853142619133,0.8762588035923091,0.5206165909767151,1.0,10.0,0.7125456005367746,0.7080371810175372,1.1505097150802612,0.3,gaussian,True,False,9132.222672328733,2.7651797235012054,0.5323941451052193
AgriTrust-ACFL,8,2,0,False,0.7339627742767334,0.6502893824665623,0.7920735478401184,1.0,10.0,0.7345623877094459,0.6934883074189894,1.2575740814208984,0.3,gaussian,True,False,8530.599669560988,2.7651797235012054,0.5323941451052193
AgriTrust-ACFL,8,3,0,True,0.46950529143214226,0.7669159186766379,0.4351155757904053,1.0,10.0,0.5918364624960661,0.5903748873259005,1.1971811056137085,0.3,gaussian,True,False,15530.401785995138,2.7651797235012054,0.5323941451052193
AgriTrust-ACFL,8,4,1,False,0.6782830506563187,0.06380393361983482,0.5206165909767151,1.0,10.0,0.35108671617817894,0.5008687034422754,0.48664000630378723,0.3,gaussian,False,False,0.0,2.7651797235012054,0.5323941451052193
AgriTrust-ACFL,8,5,0,False,0.5952951163053513,0.011441272066494207,0.39530691504478455,1.0,10.0,0.19273802253120267,0.36816518786975516,0.2914281487464905,0.3,gaussian,False,False,0.0,2.7651797235012054,0.5323941451052193
AgriTrust-ACFL,8,6,3,False,0.5756473988294601,0.3073997372719465,0.3002374768257141,1.0,10.0,0.5096902014400843,0.6458787372466823,0.7779185771942139,0.3,gaussian,True,False,172.12602981077436,2.7651797235012054,0.5323941451052193
AgriTrust-ACFL,8,7,1,False,0.6931987851858139,0.690972339993613,0.39530691504478455,1.0,10.0,0.7307575338149813,0.742691355663017,0.9905558228492737,0.3,gaussian,True,False,4430.635933247836,2.7651797235012054,0.5323941451052193
AgriTrust-ACFL,8,8,0,True,0.45327092334628105,0.9794008518001771,0.4351155757904053,1.0,10.0,0.6189250809609108,0.62513431948376,1.0992034673690796,0.3,gaussian,True,False,16444.78340833979,2.7651797235012054,0.5323941451052193
AgriTrust-ACFL,8,9,3,True,0.6698487102985382,0.9794008518001771,0.31577104330062866,1.0,10.0,0.7655458152168098,0.765823722347488,1.1129403114318848,0.3,gaussian,True,False,215.60612274972422,2.7651797235012054,0.5323941451052193
AgriTrust-ACFL,9,0,2,False,0.7666416168212891,0.8028435901800911,0.692313551902771,1.0,8.0,0.788461372377154,0.7098066624091243,1.060354471206665,0.3,gaussian,True,False,2130.34076845002,2.7274179458618164,0.5682941139810904
AgriTrust-ACFL,9,1,2,False,0.6069062352180481,0.9368645216712941,0.23681503534317017,1.0,8.0,0.7131206520234319,0.7093080487690109,1.1001769304275513,0.3,gaussian,True,False,5833.413994890658,2.7274179458618164,0.5682941139810904
AgriTrust-ACFL,9,2,2,False,0.7781899571418762,0.9368645216712942,0.692313551902771,1.0,8.0,0.8464008669283845,0.7317164472963382,1.0817574262619019,0.3,gaussian,True,False,3659.4700898546325,2.7274179458618164,0.5682941139810904
AgriTrust-ACFL,9,3,2,True,0.3818642422556877,0.2727407247222787,0.4350736141204834,1.0,8.0,0.3873914804260275,0.5396290356009322,1.2907320261001587,0.3,gaussian,False,False,0.0,2.7274179458618164,0.5682941139810904
AgriTrust-ACFL,9,6,0,False,0.7225318849086761,0.06293389818224666,0.3706784248352051,1.0,8.0,0.358877214728755,0.5741283566172005,0.7626349329948425,0.3,gaussian,True,False,590.2039506024821,2.7274179458618164,0.5682941139810904
AgriTrust-ACFL,9,7,2,False,0.6306639313697815,0.5281586493454874,0.07670663297176361,1.0,8.0,0.6400022959766036,0.7170190907414137,1.0044057369232178,0.3,gaussian,True,False,2727.4443517113423,2.7274179458618164,0.5682941139810904
AgriTrust-ACFL,9,8,1,True,0.4170740693807602,0.7159922142094182,0.4350736141204834,1.0,8.0,0.5381989668104645,0.6034004813154361,1.1391416788101196,0.3,gaussian,True,False,10121.105484188285,2.7274179458618164,0.5682941139810904
AgriTrust-ACFL,9,9,4,True,0.7256516814231873,0.627570939452494,0.3626537621021271,1.0,8.0,0.6999954308745788,0.7493666494792608,1.1587451696395874,0.3,gaussian,True,False,134.52224879577327,2.7274179458618164,0.5682941139810904
AgriTrust-ACFL,10,0,0,False,0.6641908884048462,0.4119332416012855,0.39611583948135376,1.0,9.0,0.5964505968127874,0.6814676460100401,1.3957496881484985,0.3,gaussian,True,False,5030.594162846116,2.462737262248993,0.49174309278499373
AgriTrust-ACFL,10,1,3,False,0.566953644156456,0.7245409096073696,0.3528202474117279,1.0,9.0,0.6359355785301867,0.6909649312093048,1.1180404424667358,0.3,gaussian,True,False,3623.359289058376,2.462737262248993,0.49174309278499373
AgriTrust-ACFL,10,3,4,True,0.5555860698223114,0.8960596850160317,0.3072305917739868,1.0,9.0,0.6802827289247192,0.574792458931879,0.9435216784477234,0.3,gaussian,True,False,2499.4002565617748,2.462737262248993,0.49174309278499373
AgriTrust-ACFL,10,4,0,False,0.7522068023681641,0.14082316559986557,0.38886314630508423,1.0,9.0,0.4712722334040918,0.4934695859327295,0.4560404121875763,0.3,gaussian,True,False,379.97158116820174,2.462737262248993,0.49174309278499373
AgriTrust-ACFL,10,5,0,False,0.7170272022485733,0.04003666290633374,0.30563125014305115,1.0,9.0,0.31088823566558554,0.35384594981871276,0.27822884917259216,0.3,gaussian,True,True,81.56149143321329,2.462737262248993,0.49174309278499373
AgriTrust-ACFL,10,6,2,False,0.5801790952682495,0.520113128580381,0.3566328287124634,1.0,9.0,0.5993736182000414,0.5804396720129107,0.7619678378105164,0.3,gaussian,True,False,242.5968564288406,2.462737262248993,0.49174309278499373
AgriTrust-ACFL,10,7,6,False,0.7525498569011688,0.6703217521780382,0.39611583948135376,1.0,9.0,0.7576047918969036,0.7271655160302861,1.1527339220046997,0.3,gaussian,True,False,457.2233353244479,2.462737262248993,0.49174309278499373
AgriTrust-ACFL,10,8,0,True,0.4895689310505986,0.9793878995578607,0.3072305917739868,1.0,9.0,0.6457094652933367,0.6139777273099113,0.9931888580322266,0.3,gaussian,True,False,16151.298094614527,2.462737262248993,0.49174309278499373
AgriTrust-ACFL,10,9,2,True,0.7342728227376938,1.0,0.38886314630508423,1.0,9.0,0.810247023593439,0.7645867430078054,0.9850949048995972,0.3,gaussian,True,False,337.591540334286,2.462737262248993,0.49174309278499373
RawTrust,1,0,0,False,0.8012149631977081,0.9640986383682141,0.9046610593795776,1.0,6.0,0.8534218195804972,0.7982964414490247,2.00687837600708,0.3,collusive_scale,,,,,
RawTrust,1,1,0,False,0.8161207437515259,0.9640986383682141,0.7128185033798218,1.0,6.0,0.8465341182024205,0.8311424882417981,1.5805162191390991,0.3,collusive_scale,,,,,
RawTrust,1,2,0,False,0.833787202835083,0.9408702860095045,0.9046610593795776,1.0,6.0,0.8802687196634463,0.8113636238855688,2.1732754707336426,0.3,collusive_scale,,,,,
RawTrust,1,4,0,False,0.8548029959201813,0.6703202512705754,0.7128185033798218,1.0,6.0,0.8074119118753523,0.5828063313376622,0.48225727677345276,0.3,collusive_scale,,,,,
RawTrust,1,5,0,False,0.6876435279846191,0.5631635530629554,0.1358092874288559,1.0,6.0,0.6715255467501725,0.4408941988959231,0.27302640676498413,0.3,collusive_scale,,,,,
RawTrust,1,8,0,True,0.3620698153972626,0.599278086458081,0.9999998807907104,0.05,6.0,0.05,0.3982995206756729,9.483101844787598,0.3,collusive_scale,,,,,
RawTrust,1,9,0,True,0.3620698153972626,0.599278086458081,0.9999998807907104,0.05,6.0,0.05,0.5289409503023053,9.483101844787598,0.3,collusive_scale,,,,,
RawTrust,2,0,0,False,0.9054047465324402,0.9162040462595518,0.9132030010223389,1.0,6.0,0.8989313087200671,0.8234551582667853,2.3784008026123047,0.3,collusive_scale,,,,,
RawTrust,2,2,0,False,0.9195514917373657,0.8714833556519531,0.9132030010223389,1.0,6.0,0.9078634417412224,0.8354885783494821,2.672772169113159,0.3,collusive_scale,,,,,
RawTrust,2,3,1,True,0.34061312675476074,0.5061656959540652,0.9999998211860657,0.05,6.0,0.05,0.4290111474402105,9.488212585449219,0.3,collusive_scale,,,,,
RawTrust,2,4,1,False,0.7237074226140976,0.5491644411609284,0.31818246841430664,1.0,6.0,0.6939920861614927,0.6106027700436198,0.47940388321876526,0.3,collusive_scale,,,,,
RawTrust,2,6,1,False,0.7248724848031998,0.6703203335066968,0.3343771994113922,1.0,6.0,0.7310342799641174,0.6173549468964081,0.7631102800369263,0.3,collusive_scale,,,,,
RawTrust,2,7,1,False,0.8182100653648376,0.9162040462595518,0.526570200920105,1.0,6.0,0.8712376359524107,0.834510265450825,1.5813688039779663,0.3,collusive_scale,,,,,
RawTrust,2,9,1,True,0.34061312675476074,0.5061656959540652,0.9999998211860657,0.05,6.0,0.05,0.40920571272672895,9.488212585449219,0.3,collusive_scale,,,,,
RawTrust,3,1,0,False,0.8171126544475555,0.8930278641118595,0.5050148367881775,1.0,7.0,0.8278614585479818,0.8303222308183441,2.222123146057129,0.3,collusive_scale,,,,,
RawTrust,3,2,2,False,0.8370062112808228,0.8995574572232308,0.4235590994358063,1.0,7.0,0.8703329315137835,0.8441996666405576,2.1761720180511475,0.3,collusive_scale,,,,,
RawTrust,3,3,0,True,0.43643995374441147,0.5948210989483735,1.000000238418579,0.05,7.0,0.05,0.3342583605801579,7.127804756164551,0.3,collusive_scale,,,,,
RawTrust,3,4,1,False,0.7853147089481354,0.6703202797378816,0.3850160539150238,1.0,7.0,0.7706246395582845,0.650608237422286,0.5099968910217285,0.3,collusive_scale,,,,,
RawTrust,3,5,0,False,0.8229401409626007,0.5483571220328903,0.5050148367881775,1.0,7.0,0.7353496860162976,0.5145080706760168,0.28668212890625,0.3,collusive_scale,,,,,
RawTrust,3,6,2,False,0.7502723336219788,0.7737207201967582,0.3600400686264038,1.0,7.0,0.7777765002316903,0.6574603352302286,0.7696014046669006,0.3,collusive_scale,,,,,
RawTrust,3,7,2,False,0.7437163293361664,1.0,0.4235590994358063,1.0,7.0,0.848667050370006,0.8380494616806202,1.6063342094421387,0.3,collusive_scale,,,,,
RawTrust,3,8,1,True,0.43643995374441147,0.5948210989483735,1.000000238418579,0.05,7.0,0.05,0.3112246405067547,7.127804756164551,0.3,collusive_scale,,,,,
RawTrust,3,9,0,True,0.43643995374441147,0.5948210989483735,1.000000238418579,0.05,7.0,0.05,0.3194042845450467,7.127804756164551,0.3,collusive_scale,,,,,
RawTrust,4,2,1,False,0.8251427412033081,0.6884787940047937,0.46474313735961914,1.0,6.0,0.7969556172098292,0.8323886542828755,2.8518009185791016,0.3,collusive_scale,,,,,
RawTrust,4,3,0,True,0.3274691551923752,0.545253429056461,0.999999463558197,0.05,6.0,0.05,0.26319377043511843,4.707775592803955,0.3,collusive_scale,,,,,
RawTrust,4,4,0,False,0.8226656317710876,0.6703203579293432,0.5470647811889648,1.0,6.0,0.7905724908591195,0.6855993007814944,0.5412048101425171,0.3,collusive_scale,,,,,
RawTrust,4,5,0,False,0.8423764705657959,0.4961671239656055,0.5470647811889648,1.0,6.0,0.7228349609054409,0.5665897932333728,0.283504456281662,0.3,collusive_scale,,,,,
RawTrust,4,6,1,False,0.8178821802139282,0.796773825255632,0.44895341992378235,1.0,6.0,0.8227910600417454,0.6987930164331078,0.7846290469169617,0.3,collusive_scale,,,,,
RawTrust,4,7,2,False,0.7688747048377991,0.796773825255632,0.46474313735961914,1.0,6.0,0.8073919210652678,0.8303850765267822,2.0833616256713867,0.3,collusive_scale,,,,,
RawTrust,4,8,2,True,0.3274691700935364,0.545253429056461,0.999999463558197,0.05,6.0,0.05,0.24591848038006603,4.707775592803955,0.3,collusive_scale,,,,,
RawTrust,5,0,3,False,0.8397530317306519,0.8022848577027308,0.7447670698165894,1.0,6.0,0.8287952837899949,0.8247901896475877,2.377955436706543,0.3,collusive_scale,,,,,
RawTrust,5,2,0,False,0.8822590708732605,0.7191245403368697,0.7447670698165894,1.0,6.0,0.8377126531318473,0.8337196539951184,3.1711244583129883,0.3,collusive_scale,,,,,
RawTrust,5,3,3,True,0.49628430674783885,0.6307308876623334,0.9999998211860657,0.05,6.0,0.05,0.20989532782633885,4.477569103240967,0.3,collusive_scale,,,,,
RawTrust,5,4,1,False,0.8239265084266663,0.7123946433360351,0.5453919172286987,1.0,6.0,0.8058217511901802,0.7156549133836658,0.5459339022636414,0.3,collusive_scale,,,,,
RawTrust,5,5,1,False,0.8026876151561737,0.5549798966679694,0.5453919172286987,1.0,6.0,0.7279576492194313,0.6069317572298873,0.28306612372398376,0.3,collusive_scale,,,,,
RawTrust,5,6,4,False,0.7453008890151978,0.802284857702731,0.32506293058395386,1.0,6.0,0.7834118141311042,0.7199477158576069,0.7462612390518188,0.3,collusive_scale,,,,,
RawTrust,5,8,0,True,0.49628430395387113,0.6307308876623334,0.9999998211860657,0.05,6.0,0.05,0.19693886028504953,4.477569103240967,0.3,collusive_scale,,,,,
RawTrust,5,9,2,True,0.496284305350855,0.6307308876623334,0.9999998211860657,0.05,6.0,0.05,0.25205321340878506,4.477569103240967,0.3,collusive_scale,,,,,
RawTrust,6,0,0,False,0.9135436713695526,1.0,0.8941233158111572,1.0,7.0,0.9273986205240223,0.8504422973666963,1.9064146280288696,0.3,collusive_scale,,,,,
RawTrust,6,1,4,False,0.77362260222435,0.6703217828985909,0.41815686225891113,1.0,7.0,0.7370876394553367,0.8070135829775922,1.633704662322998,0.3,collusive_scale,,,,,
RawTrust,6,2,0,False,0.9178680777549744,0.7692142052918153,0.8941233158111572,1.0,7.0,0.8736134358824671,0.8436930994669556,2.1095800399780273,0.3,collusive_scale,,,,,
RawTrust,6,5,1,False,0.8059061169624329,0.007252014084002939,0.3930317163467407,1.0,7.0,0.19857124990433486,0.5048416303984993,0.28476569056510925,0.3,collusive_scale,,,,,
RawTrust,6,6,0,False,0.7856082916259766,0.08934868117112488,0.4615894556045532,1.0,7.0,0.4174446625080737,0.6443219525202236,0.750589907169342,0.3,collusive_scale,,,,,
RawTrust,6,7,4,False,0.7892481088638306,0.7394285667045413,0.4501539468765259,1.0,7.0,0.8009393600766781,0.8230236474142563,2.141979217529297,0.3,collusive_scale,,,,,
RawTrust,6,8,1,True,0.4484386667609215,0.01167476603494882,-0.08375388383865356,1.0,7.0,0.16291619201205051,0.1884331932167998,10.62035846710205,0.3,collusive_scale,,,,,
RawTrust,7,0,0,False,0.8337786197662354,0.9669745002568961,0.713282585144043,1.0,7.0,0.8731075519613651,0.8561086110153635,1.605839490890503,0.3,collusive_scale,,,,,
RawTrust,7,1,0,False,0.7498579174280167,1.0,0.43476518988609314,1.0,7.0,0.8169237759754844,0.8094911312270653,1.4912527799606323,0.3,collusive_scale,,,,,
RawTrust,7,2,2,False,0.8472714722156525,0.7067012099763208,0.713282585144043,1.0,7.0,0.8150028760042426,0.8365205436012774,3.2054803371429443,0.3,collusive_scale,,,,,
RawTrust,7,4,3,False,0.8534480035305023,0.6358123708339035,0.4523772597312927,1.0,7.0,0.7940177471883971,0.7352456218348487,0.5495575070381165,0.3,collusive_scale,,,,,
RawTrust,7,5,0,False,0.5287317261099815,0.467112054818224,-0.006135590374469757,1.0,7.0,0.5494499087575215,0.5159936999882548,0.2785024046897888,0.3,collusive_scale,,,,,
RawTrust,7,6,1,False,0.8073599934577942,0.7371881270894348,0.4306345283985138,1.0,7.0,0.7981226022367982,0.6827721149493673,0.7614533305168152,0.3,collusive_scale,,,,,
RawTrust,7,8,1,True,0.5683561265468597,0.5038327907859959,1.0,0.05,7.0,0.05,0.15382489491259987,6.758118152618408,0.3,collusive_scale,,,,,
RawTrust,7,9,3,True,0.5683561265468597,0.5038328069126344,1.0,0.05,7.0,0.05,0.2015399100565888,6.75811767578125,0.3,collusive_scale,,,,,
RawTrust,8,0,4,False,0.7382796555757523,0.7482995836583077,0.571119487285614,1.0,8.0,0.756152634837948,0.8311196169710097,2.6708004474639893,0.3,collusive_scale,,,,,
RawTrust,8,1,1,False,0.701534777879715,0.9765111942410679,0.5301825404167175,1.0,8.0,0.7819398151069221,0.8026033021970296,1.5245658159255981,0.3,collusive_scale,,,,,
RawTrust,8,2,0,False,0.7500328719615936,0.9765111942410678,0.571119487285614,1.0,8.0,0.8397950323718789,0.8373391657939278,1.3793035745620728,0.3,collusive_scale,,,,,
RawTrust,8,3,0,True,0.3662886619567871,0.43740924940446063,1.0,0.05,8.0,0.05,0.16992149586975414,8.275821685791016,0.3,collusive_scale,,,,,
RawTrust,8,4,1,False,0.8008815944194794,0.6004672467773433,0.5301825404167175,1.0,8.0,0.7536912959080672,0.7398570403531534,0.4952547550201416,0.3,collusive_scale,,,,,
RawTrust,8,5,0,False,0.5556860081851482,0.4690168886317449,0.4389445185661316,1.0,8.0,0.5653730169308627,0.5283385292239068,0.29431864619255066,0.3,collusive_scale,,,,,
RawTrust,8,6,3,False,0.6788338422775269,0.7524968325762305,0.29575031995773315,1.0,8.0,0.7300127681657683,0.6945822782534675,0.7966750860214233,0.3,collusive_scale,,,,,
RawTrust,8,7,1,False,0.8193014562129974,0.9699267104284465,0.3784310817718506,1.0,8.0,0.8869089593408647,0.8389949753959083,1.5464476346969604,0.3,collusive_scale,,,,,
RawTrust,8,8,0,True,0.3662886619567871,0.43740924940446063,1.0,0.05,8.0,0.05,0.12786867118444992,8.275821685791016,0.3,collusive_scale,,,,,
RawTrust,8,9,3,True,0.3662886619567871,0.43740924940446063,1.0,0.05,8.0,0.05,0.16365493254244162,8.275821685791016,0.3,collusive_scale,,,,,
RawTrust,9,0,2,False,0.8660388588905334,0.9873257186484315,0.8302313089370728,1.0,6.0,0.8971168559681796,0.8476189267203021,1.625376582145691,0.3,collusive_scale,,,,,
RawTrust,9,1,2,False,0.6865945756435394,0.9087884430973028,0.25469163060188293,1.0,6.0,0.756253046871469,0.7910157383656394,1.4534608125686646,0.3,collusive_scale,,,,,
RawTrust,9,2,2,False,0.873091995716095,0.8952557357907092,0.8302313089370728,1.0,6.0,0.8894941722690434,0.8503779174127066,1.798035979270935,0.3,collusive_scale,,,,,
RawTrust,9,3,2,True,0.32404768466949463,0.1782427550330787,1.000000238418579,0.05,6.0,0.05,0.1399411219023156,9.499025344848633,0.3,collusive_scale,,,,,
RawTrust,9,6,0,False,0.7630296647548676,0.5019010965591769,0.38431668281555176,1.0,6.0,0.6894334681321278,0.6932950757231326,0.7879267930984497,0.3,collusive_scale,,,,,
RawTrust,9,7,2,False,0.8028746843338013,0.9873257186484317,0.4068812131881714,1.0,6.0,0.8817748787679061,0.8496899512389077,1.5831717252731323,0.3,collusive_scale,,,,,
RawTrust,9,8,1,True,0.32404768466949463,0.1782427550330787,1.000000238418579,0.05,6.0,0.05,0.10840150338833744,9.499025344848633,0.3,collusive_scale,,,,,
RawTrust,9,9,4,True,0.32404768466949463,0.1782427550330787,1.000000238418579,0.05,6.0,0.05,0.13524119940683121,9.499025344848633,0.3,collusive_scale,,,,,
RawTrust,10,0,0,False,0.8087101578712463,0.8616066514675669,0.5642828941345215,1.0,7.0,0.8293619947702778,0.8430546937327961,2.149252414703369,0.3,collusive_scale,,,,,
RawTrust,10,1,3,False,0.7234030067920685,1.0,0.4399266541004181,1.0,7.0,0.8009442106385197,0.7934978564338595,1.4701513051986694,0.3,collusive_scale,,,,,
RawTrust,10,3,4,True,0.2479497194290161,0.5528485545541514,0.9999996423721313,0.05,7.0,0.05,0.1174558414267367,6.661481857299805,0.3,collusive_scale,,,,,
RawTrust,10,4,0,False,0.867158442735672,0.6703203089645546,0.5900462865829468,1.0,7.0,0.8138099495648831,0.7583452676560858,0.5302494764328003,0.3,collusive_scale,,,,,
RawTrust,10,5,0,False,0.8610579967498779,0.5213842980543718,0.5900462865829468,1.0,7.0,0.7425702330353176,0.5818964551767595,0.279431015253067,0.3,collusive_scale,,,,,
RawTrust,10,6,2,False,0.6569171249866486,0.7681121875314031,0.27842485904693604,1.0,7.0,0.7213854093804132,0.7003176591374528,0.7503426671028137,0.3,collusive_scale,,,,,
RawTrust,10,7,6,False,0.8305745124816895,0.8635368721987504,0.5642828941345215,1.0,7.0,0.8629900975149536,0.8530149878079192,2.137025833129883,0.3,collusive_scale,,,,,
RawTrust,10,8,0,True,0.2479497194290161,0.5528485545541514,0.9999996423721313,0.05,7.0,0.05,0.09380112754125308,6.661481857299805,0.3,collusive_scale,,,,,
RawTrust,10,9,2,True,0.2479497194290161,0.5528485545541514,0.9999996423721313,0.05,7.0,0.05,0.11393089955512341,6.661481857299805,0.3,collusive_scale,,,,,
AgriTrust-ACFL,1,0,0,False,0.6822331845760345,0.946080759559739,0.8040083646774292,1.0,6.0,0.7767957635922457,0.7189960986531562,1.3217952251434326,0.3,collusive_scale,True,False,5307.629200257599,3.1933191418647766,0.5731358745428223
AgriTrust-ACFL,1,1,0,False,0.7008508443832397,0.9591725303056878,0.3276194632053375,1.0,6.0,0.7773313738082599,0.7429406677725849,1.0378786325454712,0.3,collusive_scale,True,False,15028.203827703848,3.1933191418647766,0.5731358745428223
AgriTrust-ACFL,1,2,0,False,0.7414727658033371,0.9591725303056878,0.8040083646774292,1.0,6.0,0.8300368081781202,0.783939908817483,1.2773276567459106,0.3,collusive_scale,True,False,9643.244818363859,3.1933191418647766,0.5731358745428223
AgriTrust-ACFL,1,4,0,False,0.8019593954086304,0.6703203152361337,0.35624098777770996,1.0,6.0,0.7795655773017173,0.7156026527970767,0.4252658486366272,0.3,collusive_scale,True,False,551.014042653749,3.1933191418647766,0.5731358745428223
AgriTrust-ACFL,1,5,0,False,0.645964115858078,0.5701640296342931,0.35624098777770996,1.0,6.0,0.6512337353255089,0.5735783363325382,0.2842196226119995,0.3,collusive_scale,True,False,264.4196130493001,3.1933191418647766,0.5731358745428223
AgriTrust-ACFL,1,8,0,True,0.5733410567045212,0.5076890813389223,0.9999995231628418,0.05,6.0,0.05,0.4354062450514969,6.227272033691406,0.3,collusive_scale,False,False,0.0,3.1933191418647766,0.5731358745428223
AgriTrust-ACFL,1,9,0,True,0.5733410567045212,0.5076890813389223,0.9999995231628418,0.05,6.0,0.05,0.6192655723760958,6.227272033691406,0.3,collusive_scale,True,False,672.52241160044,3.1933191418647766,0.5731358745428223
AgriTrust-ACFL,2,0,0,False,0.7923979163169861,0.8459774139349594,0.5511114597320557,1.0,6.0,0.8156273538731948,0.7431539124581659,1.0798062086105347,0.3,collusive_scale,True,False,5485.96218176618,2.6995155215263367,0.5871509741635934
AgriTrust-ACFL,2,2,0,False,0.814159482717514,0.8459774139349594,0.5511114597320557,1.0,6.0,0.8415381661613184,0.7983394731534419,0.8768200278282166,0.3,collusive_scale,True,False,9820.37385926049,2.6995155215263367,0.5871509741635934
AgriTrust-ACFL,2,3,1,True,0.4525308422744274,0.06645963699479251,0.9999997615814209,0.05,6.0,0.05,0.454992555329297,5.26092004776001,0.3,collusive_scale,False,False,0.0,2.6995155215263367,0.5871509741635934
AgriTrust-ACFL,2,4,1,False,0.5568578317761421,0.29568683993756356,0.23440569639205933,1.0,6.0,0.4989914590214042,0.6614498543531586,0.45575547218322754,0.3,collusive_scale,True,False,324.7544669767057,2.6995155215263367,0.5871509741635934
AgriTrust-ACFL,2,6,1,False,0.7344572097063065,0.6703211228912715,0.49321457743644714,1.0,6.0,0.7363352336020691,0.7331015442699568,0.7585650086402893,0.3,collusive_scale,True,False,480.53467573739,2.6995155215263367,0.5871509741635934
AgriTrust-ACFL,2,7,1,False,0.7933388948440552,0.7904730437448619,0.32017579674720764,1.0,6.0,0.8194675235286935,0.7832424679520353,1.126396656036377,0.3,collusive_scale,True,False,4672.549635179239,2.6995155215263367,0.5871509741635934
AgriTrust-ACFL,2,9,1,True,0.4525308422744274,0.06645963699479251,0.9999997615814209,0.05,6.0,0.05,0.47694917928207187,5.26092004776001,0.3,collusive_scale,False,False,0.0,2.6995155215263367,0.5871509741635934
AgriTrust-ACFL,3,1,0,False,0.5540393441915512,0.920557345676024,0.4247942566871643,1.0,7.0,0.6746921920567809,0.725878548843634,1.3617130517959595,0.3,collusive_scale,True,False,14683.071286009028,3.189326524734497,0.559103871865799
AgriTrust-ACFL,3,2,2,False,0.41883549839258194,0.9536264267105502,0.3118835985660553,1.0,7.0,0.6052201359095352,0.7500596388424652,1.2757306098937988,0.3,collusive_scale,True,False,3751.2083049290036,3.189326524734497,0.559103871865799
AgriTrust-ACFL,3,3,0,True,0.6889004409313202,0.4212695713062884,1.000000238418579,0.05,7.0,0.05,0.35374441649697275,5.774288654327393,0.3,collusive_scale,False,False,0.0,3.189326524734497,0.559103871865799
AgriTrust-ACFL,3,4,1,False,0.8844223022460938,0.6703204087433953,0.5422130823135376,1.0,7.0,0.8226814226291013,0.7017577464221443,0.5579567551612854,0.3,collusive_scale,True,False,344.54458094780796,3.189326524734497,0.559103871865799
AgriTrust-ACFL,3,5,0,False,0.8097924590110779,0.4738427468448551,0.5422130823135376,1.0,7.0,0.6976187598514154,0.6045884422122575,0.29389187693595886,0.3,collusive_scale,True,False,278.7152718598507,3.189326524734497,0.559103871865799
AgriTrust-ACFL,3,6,2,False,0.45298387855291367,0.7901877220656159,0.3118835985660553,1.0,7.0,0.593025993608728,0.6980826566046496,0.756211519241333,0.3,collusive_scale,True,False,291.76616655522974,3.189326524734497,0.559103871865799
AgriTrust-ACFL,3,7,2,False,0.7457380592823029,1.0,0.3652246594429016,1.0,7.0,0.8499351415773859,0.799915636358373,1.1685518026351929,0.3,collusive_scale,True,False,3042.7716812606423,3.189326524734497,0.559103871865799
AgriTrust-ACFL,3,8,1,True,0.6889004409313202,0.42126955248253684,1.000000238418579,0.05,7.0,0.05,0.3390546837886227,5.774289131164551,0.3,collusive_scale,False,False,0.0,3.189326524734497,0.559103871865799
AgriTrust-ACFL,3,9,0,True,0.6889004409313202,0.4212695713062884,1.000000238418579,0.05,7.0,0.05,0.3702118844615539,5.774288654327393,0.3,collusive_scale,False,False,0.0,3.189326524734497,0.559103871865799
AgriTrust-ACFL,4,2,1,False,0.4855443015694618,0.9349806843381976,-0.00428919680416584,1.0,6.0,0.652593336849438,0.7256930633442084,0.7756502628326416,0.3,collusive_scale,True,False,5691.9473398130185,1.939125657081604,0.5798285052964306
AgriTrust-ACFL,4,3,0,True,0.7450860887765884,0.4347565833548276,1.000000238418579,0.05,6.0,0.05,0.27780831237272957,3.5611319541931152,0.3,collusive_scale,False,False,0.0,1.939125657081604,0.5798285052964306
AgriTrust-ACFL,4,4,0,False,0.9244487285614014,0.8905048984409293,0.8770036101341248,1.0,6.0,0.9179321493857542,0.7558013471630467,0.5386506915092468,0.3,collusive_scale,True,False,581.967037315546,1.939125657081604,0.5798285052964306
AgriTrust-ACFL,4,5,0,False,0.9254283308982849,0.6568101384617073,0.8770036101341248,1.0,6.0,0.8280237971106787,0.6604472809368628,0.29388856887817383,0.3,collusive_scale,True,False,304.4661965118937,1.939125657081604,0.5798285052964306
AgriTrust-ACFL,4,6,1,False,0.7147987335920334,0.9349806843381976,0.3597721457481384,1.0,6.0,0.8015876251117212,0.7239588987314175,0.5935219526290894,0.3,collusive_scale,True,False,474.5418385327993,1.939125657081604,0.5798285052964306
AgriTrust-ACFL,4,7,2,False,0.9050274789333344,0.6703203828113988,0.7134365439414978,1.0,6.0,0.838517276904237,0.8095660464948391,1.5042489767074585,0.3,collusive_scale,True,False,3079.480545722237,1.939125657081604,0.5798285052964306
AgriTrust-ACFL,4,8,2,True,0.7450860738754272,0.4347565833548276,1.000000238418579,0.05,6.0,0.05,0.26679101284146706,3.5611319541931152,0.3,collusive_scale,False,False,0.0,1.939125657081604,0.5798285052964306
AgriTrust-ACFL,5,0,3,False,0.7099255621433258,0.8010007145448897,0.4618527889251709,1.0,6.0,0.7553047953081695,0.7461916331706668,1.0737223625183105,0.3,collusive_scale,True,False,1427.9955872720598,2.2925737500190735,0.5594195450227964
AgriTrust-ACFL,5,2,0,False,0.5066217416897416,0.9915344202002615,0.09908847510814667,1.0,6.0,0.679899013699028,0.7142445509329133,0.7603366374969482,0.3,collusive_scale,True,False,8785.922221025767,2.2925737500190735,0.5594195450227964
AgriTrust-ACFL,5,3,3,True,0.59697026014328,0.3330884474220352,0.9999996423721313,0.05,6.0,0.05,0.2208562342795472,4.438274383544922,0.3,collusive_scale,True,True,753.0727492629032,2.2925737500190735,0.5594195450227964
AgriTrust-ACFL,5,4,1,False,0.8390161097049713,0.8152689183292079,0.8775146007537842,1.0,6.0,0.847516302986351,0.7787300861188727,0.5389872193336487,0.3,collusive_scale,True,False,382.3359735766657,2.2925737500190735,0.5594195450227964
AgriTrust-ACFL,5,5,1,False,0.841452956199646,0.5609601984125905,0.8775146007537842,1.0,6.0,0.7494943371122424,0.6827090449807077,0.2944246232509613,0.3,collusive_scale,True,False,200.6799874718433,2.2925737500190735,0.5594195450227964
AgriTrust-ACFL,5,6,4,False,0.6140245497226715,0.9915344202002615,0.4618527889251709,1.0,6.0,0.7504186678230398,0.7305738410043231,0.7397123575210571,0.3,collusive_scale,True,False,124.14440890487882,2.2925737500190735,0.5594195450227964
AgriTrust-ACFL,5,8,0,True,0.5969702675938606,0.3330884474220352,0.9999996423721313,0.05,6.0,0.05,0.21259325963110032,4.438274383544922,0.3,collusive_scale,True,True,2796.2391439278626,2.2925737500190735,0.5594195450227964
AgriTrust-ACFL,5,9,2,True,0.5969702675938606,0.3330884474220352,0.9999996423721313,0.05,6.0,0.05,0.29015891334616545,4.438274383544922,0.3,collusive_scale,False,False,0.0,2.2925737500190735,0.5594195450227964
AgriTrust-ACFL,6,0,0,False,0.6074818223714828,0.934661732849601,0.6195448040962219,1.0,7.0,0.7261142665002994,0.7411722915030751,0.9342049360275269,0.3,collusive_scale,True,False,5471.3338558757005,2.2362273931503296,0.5727607772557496
AgriTrust-ACFL,6,1,4,False,0.5947769731283188,1.0,0.3910136818885803,1.0,7.0,0.7191804561242213,0.7242040256637808,0.8944909572601318,0.3,collusive_scale,True,False,2421.496313182029,2.2362273931503296,0.5727607772557496
AgriTrust-ACFL,6,2,0,False,0.5573138445615768,0.9975068174496939,0.6195448040962219,1.0,7.0,0.7178036112437413,0.7151343160106203,0.8930565714836121,0.3,collusive_scale,True,False,8796.86722124664,2.2362273931503296,0.5727607772557496
AgriTrust-ACFL,6,5,1,False,0.6633215248584747,0.17573220368625694,0.30536970496177673,1.0,7.0,0.46422228551014855,0.6280873551130679,0.29247719049453735,0.3,collusive_scale,True,False,184.62412865626453,2.2362273931503296,0.5727607772557496
AgriTrust-ACFL,6,6,0,False,0.6149432212114334,0.6703210886893991,0.3372657895088196,1.0,7.0,0.6678105278910836,0.7148830127260132,0.6916612982749939,0.3,collusive_scale,True,False,734.8997370823415,2.2362273931503296,0.5727607772557496
AgriTrust-ACFL,6,7,4,False,0.7984432578086853,0.4338083601827531,0.30536970496177673,1.0,7.0,0.6868895726642708,0.7788969280371969,1.5302295684814453,0.3,collusive_scale,True,False,1204.5924496565974,2.2362273931503296,0.5727607772557496
AgriTrust-ACFL,6,8,1,True,0.5291786268353462,0.061682530689749805,0.3910136818885803,1.0,7.0,0.2940241701488026,0.23295098726052588,5.362643241882324,0.3,collusive_scale,False,False,0.0,2.2362273931503296,0.5727607772557496
AgriTrust-ACFL,7,0,0,False,0.5860628932714462,0.9954921722702346,0.27681148052215576,1.0,7.0,0.7255143414443344,0.7372578039883899,0.7040109038352966,0.3,collusive_scale,True,False,5442.437109042295,1.8863863497972488,0.5590065502147602
AgriTrust-ACFL,7,1,0,False,0.5995162725448608,0.5867851179438853,0.2864609360694885,1.0,7.0,0.615569877963505,0.6970454887387119,1.190246343612671,0.3,collusive_scale,True,False,14099.836146206664,1.8863863497972488,0.5590065502147602
AgriTrust-ACFL,7,2,2,False,0.5228337664157152,0.8790819183702896,0.11955096572637558,1.0,7.0,0.6672441414823046,0.7031617723785414,0.8019844889640808,0.3,collusive_scale,True,False,3516.662067466583,1.8863863497972488,0.5590065502147602
AgriTrust-ACFL,7,4,3,False,0.7902943193912506,0.7657486027083196,0.45693346858024597,1.0,7.0,0.804810933517293,0.7852502979684778,0.5448484420776367,0.3,collusive_scale,True,False,156.74773877656136,1.8863863497972488,0.5590065502147602
AgriTrust-ACFL,7,5,0,False,0.7586123049259186,0.4045824967434221,0.45693346858024597,1.0,7.0,0.6418527285240925,0.631528698465824,0.2921697497367859,0.3,collusive_scale,True,False,291.1347299927449,1.8863863497972488,0.5590065502147602
AgriTrust-ACFL,7,6,1,False,0.4718204401433468,1.0,0.27681148052215576,1.0,7.0,0.6508581533016037,0.6988767978699109,0.7071245908737183,0.3,collusive_scale,True,False,458.1009794205748,1.8863863497972488,0.5590065502147602
AgriTrust-ACFL,7,8,1,True,0.8048701286315918,0.16007223876153281,0.9999997019767761,0.05,7.0,0.05,0.18721324044539442,4.233407974243164,0.3,collusive_scale,False,False,0.0,1.8863863497972488,0.5590065502147602
AgriTrust-ACFL,7,9,3,True,0.8048701584339142,0.16007223876153281,0.9999997019767761,0.05,7.0,0.05,0.23011918500962408,4.233407974243164,0.3,collusive_scale,True,True,32.39329352332269,1.8863863497972488,0.5590065502147602
AgriTrust-ACFL,8,0,4,False,0.5406845584511757,0.896632987024131,0.567167341709137,1.0,8.0,0.6726186710265825,0.721098020747938,1.1020095348358154,0.3,collusive_scale,True,False,879.9100477300016,2.8904908895492554,0.5441573751406441
AgriTrust-ACFL,8,1,1,False,0.5284779537469149,0.8290645032713426,0.37764838337898254,1.0,8.0,0.6370659211003074,0.6820505968291107,1.2103831768035889,0.3,collusive_scale,True,False,8797.049210165522,2.8904908895492554,0.5441573751406441
AgriTrust-ACFL,8,2,0,False,0.5602118670940399,0.896632987024131,0.567167341709137,1.0,8.0,0.6971948185241966,0.7016700339149552,0.8486387729644775,0.3,collusive_scale,True,False,8631.243087187864,2.8904908895492554,0.5441573751406441
AgriTrust-ACFL,8,3,0,True,0.7331059575080872,0.24970502156594035,0.9999995231628418,0.05,8.0,0.05,0.1781421757096604,5.091833591461182,0.3,collusive_scale,False,False,0.0,2.8904908895492554,0.5441573751406441
AgriTrust-ACFL,8,4,1,False,0.7456225603818893,0.6168795881312329,0.5083783864974976,1.0,8.0,0.7305159837182924,0.7715667194059315,0.5423442721366882,0.3,collusive_scale,True,False,378.8189490837132,2.8904908895492554,0.5441573751406441
AgriTrust-ACFL,8,5,0,False,0.8669547140598297,0.3708822805823145,0.5868978500366211,1.0,8.0,0.6729629912511153,0.6418872716621469,0.29493698477745056,0.3,collusive_scale,True,False,295.9100322362497,2.8904908895492554,0.5441573751406441
AgriTrust-ACFL,8,6,3,False,0.4992841761559248,0.728391283121054,0.45590516924858093,1.0,8.0,0.6105339931443525,0.6767910966885213,0.6617174744606018,0.3,collusive_scale,True,False,180.36414231698487,2.8904908895492554,0.5441573751406441
AgriTrust-ACFL,8,7,1,False,0.8599566519260406,0.7926984355727924,0.5868978500366211,1.0,8.0,0.8573493540138434,0.7985100345313585,1.2771601676940918,0.3,collusive_scale,True,False,4763.630578270619,2.8904908895492554,0.5441573751406441
AgriTrust-ACFL,8,8,0,True,0.7331059575080872,0.24970502156594035,0.9999995231628418,0.05,8.0,0.05,0.15290993033404582,5.091833591461182,0.3,collusive_scale,False,False,0.0,2.8904908895492554,0.5441573751406441
AgriTrust-ACFL,8,9,3,True,0.7331059724092484,0.249705041097838,0.9999995231628418,0.05,8.0,0.05,0.1850893887572181,5.091833114624023,0.3,collusive_scale,False,False,0.0,2.8904908895492554,0.5441573751406441
AgriTrust-ACFL,9,0,2,False,0.5935005843639374,0.6734042605721856,0.28317761421203613,1.0,6.0,0.6497252040039473,0.7032548165619403,0.6774753928184509,0.3,collusive_scale,True,False,2110.6767316692394,3.1002001464366913,0.5404087580311977
AgriTrust-ACFL,9,1,2,False,0.5987663418054581,0.7420413274253939,0.4491792321205139,1.0,6.0,0.6600290994080046,0.6765452224738342,1.1903095245361328,0.3,collusive_scale,True,False,5563.969527491566,3.1002001464366913,0.5404087580311977
AgriTrust-ACFL,9,2,2,False,0.5624279156327248,0.6684553948178846,0.1026308685541153,1.0,6.0,0.639785623775841,0.6861989313801766,0.673427939414978,0.3,collusive_scale,True,False,3431.8272800269397,3.1002001464366913,0.5404087580311977
AgriTrust-ACFL,9,3,2,True,0.7259033769369125,0.1484922923368867,0.9999998807907104,0.05,6.0,0.05,0.1461066317822453,4.398334980010986,0.3,collusive_scale,False,False,0.0,3.1002001464366913,0.5404087580311977
AgriTrust-ACFL,9,6,0,False,0.5716135650873184,0.7420413274253939,0.28317761421203613,1.0,6.0,0.6613691819347381,0.6729356180000755,0.7330558896064758,0.3,collusive_scale,True,False,691.7778153040776,3.1002001464366913,0.5404087580311977
AgriTrust-ACFL,9,7,2,False,0.7606436610221863,0.6721915535548333,0.3660181760787964,1.0,6.0,0.762712597427972,0.7895606752555119,1.2898505926132202,0.3,collusive_scale,True,False,3003.3827995183365,3.1002001464366913,0.5404087580311977
AgriTrust-ACFL,9,8,1,True,0.7259033769369125,0.1484922923368867,0.9999998807907104,0.05,6.0,0.05,0.12718244775053436,4.398334980010986,0.3,collusive_scale,True,True,1066.6439697016974,3.1002001464366913,0.5404087580311977
AgriTrust-ACFL,9,9,4,True,0.7259033769369125,0.1484922923368867,0.9999998807907104,0.05,6.0,0.05,0.1513170415679136,4.398334980010986,0.3,collusive_scale,False,False,0.0,3.1002001464366913,0.5404087580311977
AgriTrust-ACFL,10,0,0,False,0.4622742757201195,1.0,0.43013709783554077,1.0,7.0,0.6376174189687279,0.6868454671636373,1.0166672468185425,0.3,collusive_scale,True,False,5070.29323860197,2.956800162792206,0.5410419381002937
AgriTrust-ACFL,10,1,3,False,0.4855734668672085,0.92734517578859,0.2825136184692383,1.0,7.0,0.6288625647839345,0.6646245580513593,1.1827200651168823,0.3,collusive_scale,True,False,3485.232690372581,2.956800162792206,0.5410419381002937
AgriTrust-ACFL,10,3,4,True,0.7832468152046204,0.43737632876210725,1.000000238418579,0.05,7.0,0.05,0.12207997383668398,5.339580059051514,0.3,collusive_scale,False,False,0.0,2.956800162792206,0.5410419381002937
AgriTrust-ACFL,10,4,0,False,0.8261047005653381,0.6703203802471075,0.6491100788116455,1.0,7.0,0.7923884912129123,0.7767721623576768,0.45578235387802124,0.3,collusive_scale,True,False,598.1145650154111,2.956800162792206,0.5410419381002937
AgriTrust-ACFL,10,5,0,False,0.9198706150054932,0.5359951325046277,0.6491100788116455,1.0,7.0,0.7764621550957289,0.6755309925205424,0.2910469174385071,0.3,collusive_scale,True,False,311.41978755197005,2.956800162792206,0.5410419381002937
AgriTrust-ACFL,10,6,2,False,0.6432455480098724,0.8667700161155354,0.4594532251358032,1.0,7.0,0.7394137701389195,0.6895551560347866,0.7631924748420715,0.3,collusive_scale,True,False,288.20206690595916,2.956800162792206,0.5410419381002937
AgriTrust-ACFL,10,7,6,False,0.8163191974163055,0.8429246992273257,0.5064657926559448,1.0,7.0,0.8486389405770373,0.8043302415858933,1.4322623014450073,0.3,collusive_scale,True,False,505.74256844284133,2.956800162792206,0.5410419381002937
AgriTrust-ACFL,10,8,0,True,0.7832468152046204,0.43737632876210725,1.000000238418579,0.05,7.0,0.05,0.10788683581290077,5.339580059051514,0.3,collusive_scale,False,False,0.0,2.956800162792206,0.5410419381002937
AgriTrust-ACFL,10,9,2,True,0.7832468152046204,0.43737632876210725,1.000000238418579,0.05,7.0,0.05,0.1259877811759352,5.339580059051514,0.3,collusive_scale,False,False,0.0,2.956800162792206,0.5410419381002937
RawTrust,1,0,0,False,0.8648529350757599,0.6703205108973905,0.9046610593795776,1.0,6.0,0.7981202331315473,0.7844710448367872,2.00687837600708,0.3,adaptive_slow_drift,,,,,
RawTrust,1,1,0,False,0.7845435738563538,0.7910664258340714,0.7128185033798218,1.0,6.0,0.7806320364133694,0.8146669677945354,1.5805162191390991,0.3,adaptive_slow_drift,,,,,
RawTrust,1,2,0,False,0.8926522135734558,0.6342960939971528,0.9046610593795776,1.0,6.0,0.8119678586491382,0.7942884086319918,2.1732754707336426,0.3,adaptive_slow_drift,,,,,
RawTrust,1,4,0,False,0.8132224380970001,0.554980769556072,0.7128185033798218,1.0,6.0,0.74230546047423,0.5665297184873817,0.48225727677345276,0.3,adaptive_slow_drift,,,,,
RawTrust,1,5,0,False,0.6393815129995346,0.3740537369423141,0.19746282696723938,1.0,6.0,0.5706509830262975,0.41567555796495426,0.27302640676498413,0.3,adaptive_slow_drift,,,,,
RawTrust,1,8,0,True,0.9633032381534576,0.7910664258340714,1.0,0.05,6.0,0.05,0.3982995206756729,0.8039881587028503,0.3,adaptive_slow_drift,,,,,
RawTrust,1,9,0,True,0.9633032381534576,0.7910664258340714,1.0,0.05,6.0,0.05,0.5289409503023053,0.8039881587028503,0.3,adaptive_slow_drift,,,,,
RawTrust,2,0,0,False,0.7963604927062988,0.6478392144150882,0.5924702882766724,1.0,6.0,0.7549459014350297,0.7770897589863479,1.3191462755203247,0.3,adaptive_slow_drift,,,,,
RawTrust,2,2,0,False,0.8234141767024994,0.6857066519921462,0.5924702882766724,1.0,6.0,0.7950740252008832,0.7944848127742147,1.2695540189743042,0.3,adaptive_slow_drift,,,,,
RawTrust,2,3,1,True,0.952588826417923,0.6703210397739333,1.0,0.05,6.0,0.05,0.4290111474402105,0.7515178918838501,0.3,adaptive_slow_drift,,,,,
RawTrust,2,4,1,False,0.6483596116304398,0.34422809684121114,0.18394199013710022,1.0,6.0,0.5678541444491466,0.5668608249778229,0.47940388321876526,0.3,adaptive_slow_drift,,,,,
RawTrust,2,6,1,False,0.7563188374042511,0.6857066519921462,0.37509170174598694,1.0,6.0,0.7534220905161712,0.6229518995344215,0.7631102800369263,0.3,adaptive_slow_drift,,,,,
RawTrust,2,7,1,False,0.8185932338237762,0.4951494127936135,0.5934717059135437,1.0,6.0,0.724555537373203,0.797839740806023,1.5813688039779663,0.3,adaptive_slow_drift,,,,,
RawTrust,2,9,1,True,0.952588826417923,0.6703210397739333,1.0,0.05,6.0,0.05,0.40920571272672895,0.7515178918838501,0.3,adaptive_slow_drift,,,,,
RawTrust,3,1,0,False,0.5397980883717537,0.6066422856548179,0.16581398248672485,1.0,7.0,0.5868811198221429,0.7577205058014372,1.7955340147018433,0.3,adaptive_slow_drift,,,,,
RawTrust,3,2,2,False,0.7038807570934296,0.5105991793328923,0.4235590994358063,1.0,7.0,0.6676125687552128,0.7627667517694642,2.1761720180511475,0.3,adaptive_slow_drift,,,,,
RawTrust,3,3,0,True,0.8198318183422089,0.9999999653533961,1.0000004768371582,0.05,7.0,0.05,0.3342583605801579,1.0281360149383545,0.3,adaptive_slow_drift,,,,,
RawTrust,3,4,1,False,0.6774464845657349,0.5711625846187957,0.599064290523529,1.0,7.0,0.6771631275317956,0.5944364006163161,0.550441324710846,0.3,adaptive_slow_drift,,,,,
RawTrust,3,5,0,False,0.6288180351257324,0.3242843119258065,0.599064290523529,1.0,7.0,0.5417374447258367,0.4471910296551749,0.2927374839782715,0.3,adaptive_slow_drift,,,,,
RawTrust,3,6,2,False,0.5698747411370277,0.7713318419869315,0.3600400686264038,1.0,7.0,0.6679749694577984,0.6342076670152658,0.7696014046669006,0.3,adaptive_slow_drift,,,,,
RawTrust,3,7,2,False,0.7939501404762268,0.6703206469392081,0.4235590994358063,1.0,7.0,0.7802510682480395,0.7934425726665272,1.6063342094421387,0.3,adaptive_slow_drift,,,,,
RawTrust,3,8,1,True,0.8198318481445312,0.9999999307067933,1.0000004768371582,0.05,7.0,0.05,0.3112246405067547,1.028135895729065,0.3,adaptive_slow_drift,,,,,
RawTrust,3,9,0,True,0.8198318183422089,0.9999999653533961,1.0000004768371582,0.05,7.0,0.05,0.3194042845450467,1.0281360149383545,0.3,adaptive_slow_drift,,,,,
RawTrust,4,2,1,False,0.5107560874894261,0.670320904238336,0.23004668951034546,1.0,6.0,0.6072650012878732,0.7238913141490665,1.2255845069885254,0.3,adaptive_slow_drift,,,,,
RawTrust,4,3,0,True,0.8869209289550781,0.6865454217844081,1.0000001192092896,0.05,6.0,0.05,0.26319377043511843,1.2029030323028564,0.3,adaptive_slow_drift,,,,,
RawTrust,4,4,0,False,0.778222382068634,0.45722123985384067,0.7871279120445251,1.0,6.0,0.6836425638517999,0.616737941425187,0.4866205155849457,0.3,adaptive_slow_drift,,,,,
RawTrust,4,5,0,False,0.8157580494880676,0.239939219808176,0.7871279120445251,1.0,6.0,0.5710990716224456,0.47816804014699255,0.2940829396247864,0.3,adaptive_slow_drift,,,,,
RawTrust,4,6,1,False,0.5975926518440247,0.6865454217844081,0.23004668951034546,1.0,6.0,0.6621140531410412,0.6411842635467097,0.6684725880622864,0.3,adaptive_slow_drift,,,,,
RawTrust,4,7,2,False,0.8102239370346069,0.42874741384021275,0.5943756699562073,1.0,6.0,0.690011865401667,0.7675848958503121,1.737541675567627,0.3,adaptive_slow_drift,,,,,
RawTrust,4,8,2,True,0.8869209289550781,0.6865454217844081,1.0000001192092896,0.05,6.0,0.05,0.24591848038006603,1.2029030323028564,0.3,adaptive_slow_drift,,,,,
RawTrust,5,0,3,False,0.6499436646699905,0.6561291787975428,0.31116682291030884,1.0,6.0,0.6777098095291786,0.7522447716220556,1.299794316291809,0.3,adaptive_slow_drift,,,,,
RawTrust,5,2,0,False,0.5467553585767746,0.6484847108276918,0.30746400356292725,1.0,6.0,0.6242119355355342,0.6989714694956835,1.3104028701782227,0.3,adaptive_slow_drift,,,,,
RawTrust,5,3,3,True,0.8937820792198181,0.684819810281503,1.000000238418579,0.05,6.0,0.05,0.20989532782633885,1.2617768049240112,0.3,adaptive_slow_drift,,,,,
RawTrust,5,4,1,False,0.654175266623497,0.38150745975346273,0.7870206832885742,1.0,6.0,0.5885275625792723,0.6096853467137083,0.4973512887954712,0.3,adaptive_slow_drift,,,,,
RawTrust,5,5,1,False,0.6836597472429276,0.17907073158730794,0.7870206832885742,1.0,6.0,0.47466992642004985,0.47729351171525686,0.29432523250579834,0.3,adaptive_slow_drift,,,,,
RawTrust,5,6,4,False,0.5691484585404396,0.684819810281503,0.31116682291030884,1.0,6.0,0.6441041406333881,0.6419142328183792,0.7462612390518188,0.3,adaptive_slow_drift,,,,,
RawTrust,5,8,0,True,0.8937820792198181,0.684819810281503,1.000000238418579,0.05,6.0,0.05,0.19693886028504953,1.2617768049240112,0.3,adaptive_slow_drift,,,,,
RawTrust,5,9,2,True,0.8937820792198181,0.684819810281503,1.000000238418579,0.05,6.0,0.05,0.25205321340878506,1.2617768049240112,0.3,adaptive_slow_drift,,,,,
RawTrust,6,0,0,False,0.6910665333271027,0.9331320734866548,0.32781901955604553,1.0,7.0,0.7790838150868323,0.7589545324882497,1.0878204107284546,0.3,adaptive_slow_drift,,,,,
RawTrust,6,1,4,False,0.5629537403583527,0.6809936402263331,0.1192021518945694,1.0,7.0,0.6217932499025449,0.7237386918267141,1.4795804023742676,0.3,adaptive_slow_drift,,,,,
RawTrust,6,2,0,False,0.6759165823459625,1.0,0.32781901955604553,1.0,7.0,0.7987615946528358,0.7239190007849715,1.140110731124878,0.3,adaptive_slow_drift,,,,,
RawTrust,6,5,1,False,0.665432333946228,0.1318638080671618,0.3171943426132202,1.0,7.0,0.4266454889538557,0.46463150602490655,0.2884446382522583,0.3,adaptive_slow_drift,,,,,
RawTrust,6,6,0,False,0.7360518872737885,0.47325953147019567,0.30024248361587524,1.0,7.0,0.6641078044602243,0.6474626257288405,0.6863452792167664,0.3,adaptive_slow_drift,,,,,
RawTrust,6,7,4,False,0.7796806395053864,0.519800065291633,0.3171943426132202,1.0,7.0,0.7157616542740883,0.7546290854562562,1.7771189212799072,0.3,adaptive_slow_drift,,,,,
RawTrust,6,8,1,True,0.7584397792816162,0.6703210341628427,0.253903329372406,1.0,7.0,0.7331529334165338,0.33099237856792063,1.4955204725265503,0.3,adaptive_slow_drift,,,,,
RawTrust,7,0,0,False,0.6683126986026764,1.0,0.45710039138793945,1.0,7.0,0.7809157202404249,0.7644448294262935,1.1095499992370605,0.3,adaptive_slow_drift,,,,,
RawTrust,7,1,0,False,0.5082889068871737,0.6809617087075376,0.05237606167793274,1.0,7.0,0.5878151176109834,0.6897577982727814,1.5143378973007202,0.3,adaptive_slow_drift,,,,,
RawTrust,7,2,2,False,0.6332694292068481,0.7912631145876803,0.45710039138793945,1.0,7.0,0.7183662723348432,0.7225308186724394,1.341063141822815,0.3,adaptive_slow_drift,,,,,
RawTrust,7,4,3,False,0.7091923952102661,0.37073591560397845,0.76152503490448,1.0,7.0,0.6099914777112976,0.6097618794631057,0.4969741702079773,0.3,adaptive_slow_drift,,,,,
RawTrust,7,5,0,False,0.7024202197790146,0.19354398593171754,0.76152503490448,1.0,7.0,0.493156300447016,0.4717627046304339,0.29365891218185425,0.3,adaptive_slow_drift,,,,,
RawTrust,7,6,1,False,0.7001436650753021,0.5855903322187979,0.39213043451309204,1.0,7.0,0.6887161162911883,0.6577759983694275,0.7194983959197998,0.3,adaptive_slow_drift,,,,,
RawTrust,7,8,1,True,0.753149151802063,0.6703208419892553,1.0,0.05,7.0,0.05,0.26074428392594046,1.5337666273117065,0.3,adaptive_slow_drift,,,,,
RawTrust,7,9,3,True,0.753149151802063,0.6703209063547259,1.0,0.05,7.0,0.05,0.2015399100565888,1.533766508102417,0.3,adaptive_slow_drift,,,,,
RawTrust,8,0,4,False,0.6055176109075546,0.9931792447198599,0.45988374948501587,1.0,8.0,0.7381478209909497,0.7578705773174575,1.1906683444976807,0.3,adaptive_slow_drift,,,,,
RawTrust,8,1,1,False,0.45067792385816574,0.829960751296644,0.20493707060813904,1.0,8.0,0.583830554177268,0.663275987248903,1.474150538444519,0.3,adaptive_slow_drift,,,,,
RawTrust,8,2,0,False,0.6292476505041122,0.9931792447198599,0.45988374948501587,1.0,8.0,0.7663658460778845,0.7334895755238007,1.1714375019073486,0.3,adaptive_slow_drift,,,,,
RawTrust,8,3,0,True,0.8557606935501099,0.6703206095326782,0.9999997615814209,0.05,8.0,0.05,0.16992149586975414,1.9006596803665161,0.3,adaptive_slow_drift,,,,,
RawTrust,8,4,1,False,0.6519303172826767,0.46716070236107293,0.5782339572906494,1.0,8.0,0.6242156736766176,0.6133753280164836,0.4775967001914978,0.3,adaptive_slow_drift,,,,,
RawTrust,8,5,0,False,0.7503507733345032,0.31108031724074797,0.593437910079956,1.0,8.0,0.5896298656021117,0.5012294948733533,0.2944355905056,0.3,adaptive_slow_drift,,,,,
RawTrust,8,6,3,False,0.5407054796814919,0.6650089374203653,0.4181424379348755,1.0,8.0,0.620705802023334,0.6485084492829041,0.7269348502159119,0.3,adaptive_slow_drift,,,,,
RawTrust,8,7,1,False,0.765173077583313,0.8627081438391851,0.593437910079956,1.0,8.0,0.8246892062599774,0.7721441156571864,1.407827615737915,0.3,adaptive_slow_drift,,,,,
RawTrust,8,8,0,True,0.8557606935501099,0.6703206095326782,0.9999997615814209,0.05,8.0,0.05,0.20805821294445537,1.9006596803665161,0.3,adaptive_slow_drift,,,,,
RawTrust,8,9,3,True,0.8557606935501099,0.6703206095326782,0.9999997615814209,0.05,8.0,0.05,0.16365493254244162,1.9006596803665161,0.3,adaptive_slow_drift,,,,,
RawTrust,9,0,2,False,0.7325466126203537,0.8271050063724258,0.4970504343509674,1.0,6.0,0.7758770636986827,0.7623721989127639,1.1407949924468994,0.3,adaptive_slow_drift,,,,,
RawTrust,9,1,2,False,0.4256799891591072,0.9306515490922611,-0.0011952663771808147,1.0,6.0,0.5855648603132007,0.6438482055149775,1.4346851110458374,0.3,adaptive_slow_drift,,,,,
RawTrust,9,2,2,False,0.7086843252182007,0.9306515490922611,0.4970504343509674,1.0,6.0,0.8023450099893581,0.75070343414019,1.2649614810943604,0.3,adaptive_slow_drift,,,,,
RawTrust,9,3,2,True,0.8442630171775818,0.5432562814016816,1.0,0.05,6.0,0.05,0.1399411219023156,2.2989449501037598,0.3,adaptive_slow_drift,,,,,
RawTrust,9,6,0,False,0.746360570192337,0.5102492241344347,0.49231642484664917,1.0,6.0,0.6844876560781508,0.6575032509817158,0.7472414970397949,0.3,adaptive_slow_drift,,,,,
RawTrust,9,7,2,False,0.6773241460323334,0.9254606520011673,0.247196227312088,1.0,6.0,0.7876056283979967,0.776009493842389,1.4417312145233154,0.3,adaptive_slow_drift,,,,,
RawTrust,9,8,1,True,0.8442630171775818,0.5432562814016816,1.0,0.05,6.0,0.05,0.16854365970834154,2.2989449501037598,0.3,adaptive_slow_drift,,,,,
RawTrust,9,9,4,True,0.8442630171775818,0.5432562814016816,0.9999998807907104,0.05,6.0,0.05,0.13524119940683121,2.2989449501037598,0.3,adaptive_slow_drift,,,,,
RawTrust,10,0,0,False,0.55333636328578,1.0,0.4594213366508484,1.0,7.0,0.7038974461267553,0.7477535107162618,1.138764500617981,0.3,adaptive_slow_drift,,,,,
RawTrust,10,1,3,False,0.4563271626830101,0.8572075092187417,0.1190449446439743,1.0,7.0,0.5935685237948382,0.6312782850849427,1.442673683166504,0.3,adaptive_slow_drift,,,,,
RawTrust,10,3,4,True,0.7480799853801727,0.6703204826364695,0.9999996423721313,0.05,7.0,0.05,0.1174558414267367,2.1044819355010986,0.3,adaptive_slow_drift,,,,,
RawTrust,10,4,0,False,0.8078999519348145,0.597333612178597,0.763729453086853,1.0,7.0,0.7561289860137917,0.6490637425158107,0.516245424747467,0.3,adaptive_slow_drift,,,,,
RawTrust,10,5,0,False,0.8685004711151123,0.41479697310033115,0.763729453086853,1.0,7.0,0.6966209558097205,0.5500773601074451,0.29491084814071655,0.3,adaptive_slow_drift,,,,,
RawTrust,10,6,2,False,0.6745747625827789,0.7588632369387606,0.4594213366508484,1.0,7.0,0.729331110979912,0.6754602159812648,0.7454989552497864,0.3,adaptive_slow_drift,,,,,
RawTrust,10,7,6,False,0.8242918252944946,0.820744395778002,0.4852691888809204,1.0,7.0,0.8463894480844371,0.793604482402901,1.5422396659851074,0.3,adaptive_slow_drift,,,,,
RawTrust,10,8,0,True,0.7480799853801727,0.6703204826364695,0.9999996423721313,0.05,7.0,0.05,0.13890774478125617,2.1044819355010986,0.3,adaptive_slow_drift,,,,,
RawTrust,10,9,2,True,0.7480799853801727,0.6703204826364695,0.9999996423721313,0.05,7.0,0.05,0.11393089955512341,2.1044819355010986,0.3,adaptive_slow_drift,,,,,
AgriTrust-ACFL,1,0,0,False,0.8083010911941528,0.6116894330234053,0.8040083646774292,1.0,6.0,0.7481520278919593,0.7118351647280845,1.3217952251434326,0.3,adaptive_slow_drift,True,False,5254.76718602272,1.205185428261757,0.5612763641859281
AgriTrust-ACFL,1,1,0,False,0.6539822220802307,0.7397612444938374,0.36388975381851196,1.0,6.0,0.6922003862712414,0.7216579208883303,1.0378786325454712,0.3,adaptive_slow_drift,True,False,14597.696423729145,1.205185428261757,0.5612763641859281
AgriTrust-ACFL,1,2,0,False,0.8565927147865295,0.628369032629175,0.8040083646774292,1.0,6.0,0.7915280482101359,0.7743127188254869,1.2773276567459106,0.3,adaptive_slow_drift,True,False,9524.820754272314,1.205185428261757,0.5612763641859281
AgriTrust-ACFL,1,4,0,False,0.6946345865726471,0.6703205730143643,0.35624098777770996,1.0,6.0,0.7203356637735323,0.7007951744150305,0.4252658486366272,0.3,adaptive_slow_drift,True,False,539.6122842995735,1.205185428261757,0.5612763641859281
AgriTrust-ACFL,1,5,0,False,0.5420776680111885,0.48831442547196907,0.35624098777770996,1.0,6.0,0.5645027074000117,0.551895579351164,0.2842196226119995,0.3,adaptive_slow_drift,False,False,0.0,1.205185428261757,0.5612763641859281
AgriTrust-ACFL,1,8,0,True,0.9736944139003754,0.7397612444938373,0.9999998807907104,0.05,6.0,0.05,0.4354062450514969,0.48207417130470276,0.3,adaptive_slow_drift,False,False,0.0,1.205185428261757,0.5612763641859281
AgriTrust-ACFL,1,9,0,True,0.9736944139003754,0.7397612444938373,0.9999998807907104,0.05,6.0,0.05,0.6192655723760958,0.48207417130470276,0.3,adaptive_slow_drift,True,False,672.52241160044,1.205185428261757,0.5612763641859281
AgriTrust-ACFL,2,0,0,False,0.7863796353340149,0.7095602738420194,0.5338760614395142,1.0,6.0,0.7704773089651248,0.7264957007873446,1.0748066902160645,0.3,adaptive_slow_drift,True,False,5362.991263212178,1.8964125216007233,0.5818602644845537
AgriTrust-ACFL,2,2,0,False,0.7946134805679321,0.9233657628947395,0.5338760614395142,1.0,6.0,0.8524597073625703,0.7938494659597578,0.8650966882705688,0.3,adaptive_slow_drift,True,False,9765.14228077098,1.8964125216007233,0.5818602644845537
AgriTrust-ACFL,2,3,1,True,0.9664829671382904,0.5928727631992597,1.0,0.05,6.0,0.05,0.454992555329297,0.5265303254127502,0.3,adaptive_slow_drift,False,False,0.0,1.8964125216007233,0.5818602644845537
AgriTrust-ACFL,2,4,1,False,0.5289873108267784,0.4976110317216749,0.12307511270046234,1.0,6.0,0.5670822065804209,0.6673669324563781,0.45575547218322754,0.3,adaptive_slow_drift,True,False,327.659596568653,1.8964125216007233,0.5818602644845537
AgriTrust-ACFL,2,6,1,False,0.7345229238271713,0.9233657628947395,0.48549461364746094,1.0,6.0,0.8106328731356175,0.7516759541533439,0.7585650086402893,0.3,adaptive_slow_drift,True,False,492.70986224475877,1.8964125216007233,0.5818602644845537
AgriTrust-ACFL,2,7,1,False,0.7840982675552368,0.6703208594199723,0.5236790776252747,1.0,6.0,0.774911147797809,0.7721033740193142,1.126396656036377,0.3,adaptive_slow_drift,True,False,4606.097710748156,1.8964125216007233,0.5818602644845537
AgriTrust-ACFL,2,9,1,True,0.9664829671382904,0.5928727631992597,1.0,0.05,6.0,0.05,0.47694917928207187,0.5265303254127502,0.3,adaptive_slow_drift,False,False,0.0,1.8964125216007233,0.5818602644845537
AgriTrust-ACFL,3,1,0,False,0.5121900206431746,0.45752135786892006,0.24367119371891022,1.0,7.0,0.5239062988834516,0.6722200153871105,1.3625015020370483,0.3,adaptive_slow_drift,True,False,13597.666471250472,1.88920259475708,0.5383901315879177
AgriTrust-ACFL,3,2,2,False,0.5792375057935715,0.4993051391496578,0.3118835985660553,1.0,7.0,0.595740261423083,0.7443221648255891,1.2757306098937988,0.3,adaptive_slow_drift,True,False,3722.513973082759,1.88920259475708,0.5383901315879177
AgriTrust-ACFL,3,3,0,True,0.8173922598361969,0.9990684419148207,1.0000004768371582,0.05,7.0,0.05,0.35374441649697275,0.755681037902832,0.3,adaptive_slow_drift,False,False,0.0,1.88920259475708,0.5383901315879177
AgriTrust-ACFL,3,4,1,False,0.7865473628044128,0.6703209362930629,0.5459941625595093,1.0,7.0,0.7712899091496692,0.6933476766297009,0.5595548748970032,0.3,adaptive_slow_drift,True,False,340.41545806009833,1.88920259475708,0.5383901315879177
AgriTrust-ACFL,3,5,0,False,0.71590755879879,0.2850943286905622,0.5459941625595093,1.0,7.0,0.5597450013134491,0.5538579348417352,0.2939518690109253,0.3,adaptive_slow_drift,True,False,255.3285079620399,1.88920259475708,0.5383901315879177
AgriTrust-ACFL,3,6,2,False,0.5409221574664116,1.0,0.3118835985660553,1.0,7.0,0.7016705688744971,0.7391746078336321,0.756211519241333,0.3,adaptive_slow_drift,True,False,308.94069592209325,1.88920259475708,0.5383901315879177
AgriTrust-ACFL,3,7,2,False,0.7570838034152985,0.5610241229126419,0.36004409193992615,1.0,7.0,0.7205878789455114,0.7592245002508635,1.1685518026351929,0.3,adaptive_slow_drift,True,False,2887.9880628406845,1.88920259475708,0.5383901315879177
AgriTrust-ACFL,3,8,1,True,0.8173922896385193,0.9990684419148207,1.0000004768371582,0.05,7.0,0.05,0.3390546837886227,0.755681037902832,0.3,adaptive_slow_drift,False,False,0.0,1.88920259475708,0.5383901315879177
AgriTrust-ACFL,3,9,0,True,0.8173922598361969,0.9990684419148207,1.0000004768371582,0.05,7.0,0.05,0.3702118844615539,0.755681037902832,0.3,adaptive_slow_drift,False,False,0.0,1.88920259475708,0.5383901315879177
AgriTrust-ACFL,4,2,1,False,0.5099988933652639,0.808618190545887,-0.004441746510565281,1.0,6.0,0.6418922029091568,0.7187146743464811,0.7738649249076843,0.3,adaptive_slow_drift,True,False,5637.212597677341,1.9346623122692108,0.5756283348283486
AgriTrust-ACFL,4,3,0,True,0.8924440145492554,0.670321119773279,1.0000003576278687,0.05,6.0,0.05,0.27780831237272957,0.8700014352798462,0.3,adaptive_slow_drift,False,False,0.0,1.9346623122692108,0.5756283348283486
AgriTrust-ACFL,4,4,0,False,0.8866347670555115,0.6915170451319745,0.8776642084121704,1.0,6.0,0.8315428121726458,0.7278964605154371,0.5383461713790894,0.3,adaptive_slow_drift,True,False,560.4802745968866,1.9346623122692108,0.5756283348283486
AgriTrust-ACFL,4,5,0,False,0.8847990930080414,0.2623649589263299,0.8776642084121704,1.0,6.0,0.6134210092877217,0.5687487034532318,0.29396864771842957,0.3,adaptive_slow_drift,False,False,0.0,1.9346623122692108,0.5756283348283486
AgriTrust-ACFL,4,6,1,False,0.7452255934476852,0.8086181905458871,0.36264973878860474,1.0,6.0,0.7852183808858604,0.7506855510966892,0.593575656414032,0.3,adaptive_slow_drift,True,False,492.06067112601295,1.9346623122692108,0.5756283348283486
AgriTrust-ACFL,4,7,2,False,0.8864424228668213,0.2740380841983834,0.7210532426834106,1.0,6.0,0.6338907085265777,0.7278910523197921,1.5206806659698486,0.3,adaptive_slow_drift,True,False,2768.79983384824,1.9346623122692108,0.5756283348283486
AgriTrust-ACFL,4,8,2,True,0.8924440145492554,0.670321119773279,1.0000003576278687,0.05,6.0,0.05,0.26679101284146706,0.8700014352798462,0.3,adaptive_slow_drift,False,False,0.0,1.9346623122692108,0.5756283348283486
AgriTrust-ACFL,5,0,3,False,0.7087808102369308,0.48748260821431655,0.4557068943977356,1.0,6.0,0.6501815387661869,0.7074171602820551,1.0697369575500488,0.3,adaptive_slow_drift,True,False,1353.7924285627291,2.0796475559473038,0.5025362604879168
AgriTrust-ACFL,5,2,0,False,0.5198514778167009,0.9836826100924346,0.07813220471143723,1.0,6.0,0.6879645710870721,0.7110271485316288,0.7520309090614319,0.3,adaptive_slow_drift,True,False,8746.344954087566,2.0796475559473038,0.5025362604879168
AgriTrust-ACFL,5,3,3,True,0.8538508117198944,0.670321381479099,1.0000001192092896,0.05,6.0,0.05,0.2208562342795472,0.9116871356964111,0.3,adaptive_slow_drift,True,True,753.0727492629032,2.0796475559473038,0.5025362604879168
AgriTrust-ACFL,5,4,1,False,0.7596058249473572,0.5227578389287595,0.8780215382575989,1.0,6.0,0.7022598742525535,0.7214873139497162,0.538581371307373,0.3,adaptive_slow_drift,True,False,354.23127925748304,2.0796475559473038,0.5025362604879168
AgriTrust-ACFL,5,5,1,False,0.7600982189178467,0.15702356400505224,0.8780215382575989,1.0,6.0,0.4837156308361199,0.5474904352989538,0.29448753595352173,0.3,adaptive_slow_drift,True,False,160.9329398878154,2.0796475559473038,0.5025362604879168
AgriTrust-ACFL,5,6,4,False,0.6553974747657776,0.9836826100924346,0.4557068943977356,1.0,6.0,0.7759670042786443,0.757005914392178,0.7397123575210571,0.3,adaptive_slow_drift,True,False,128.63593863492594,2.0796475559473038,0.5025362604879168
AgriTrust-ACFL,5,8,0,True,0.8538508117198944,0.670321381479099,1.0000001192092896,0.05,6.0,0.05,0.21259325963110032,0.9116871356964111,0.3,adaptive_slow_drift,True,True,2796.2391439278626,2.0796475559473038,0.5025362604879168
AgriTrust-ACFL,5,9,2,True,0.8538508117198944,0.670321381479099,1.0000001192092896,0.05,6.0,0.05,0.29015891334616545,0.9116871356964111,0.3,adaptive_slow_drift,False,False,0.0,2.0796475559473038,0.5025362604879168
AgriTrust-ACFL,6,0,0,False,0.6651659905910492,1.0,0.20232351124286652,1.0,7.0,0.7788912822256842,0.7252856907679623,0.7561554312705994,0.3,adaptive_slow_drift,True,False,5354.058969249098,1.8903885781764984,0.553028361598111
AgriTrust-ACFL,6,1,4,False,0.5793273597955704,0.689068590272544,0.1447119414806366,1.0,7.0,0.6339135779749637,0.6626434060340738,0.9107739925384521,0.3,adaptive_slow_drift,True,False,2215.658167869449,1.8903885781764984,0.553028361598111
AgriTrust-ACFL,6,2,0,False,0.6304038316011429,0.7662192604793067,0.08320993185043335,1.0,7.0,0.7096958298968168,0.7106943188729258,0.6619681715965271,0.3,adaptive_slow_drift,True,False,8742.25081645586,1.8903885781764984,0.553028361598111
AgriTrust-ACFL,6,5,1,False,0.7142920792102814,0.14943185375975335,0.3015187978744507,1.0,7.0,0.4605608237306658,0.5257580324068818,0.2925405204296112,0.3,adaptive_slow_drift,False,False,0.0,1.8903885781764984,0.553028361598111
AgriTrust-ACFL,6,6,0,False,0.7275483906269073,0.6703213878257215,0.42718881368637085,1.0,7.0,0.7325176538099831,0.7508838492466293,0.6191943287849426,0.3,adaptive_slow_drift,True,False,771.908597025535,1.8903885781764984,0.553028361598111
AgriTrust-ACFL,6,7,4,False,0.8080514073371887,0.2391651543246705,0.42718881368637085,1.0,7.0,0.5783145685328308,0.6904969313730518,1.545240879058838,0.3,adaptive_slow_drift,True,False,1067.8786372146355,1.8903885781764984,0.553028361598111
AgriTrust-ACFL,6,8,1,True,0.7918349504470825,0.49107084744294277,0.28940942883491516,1.0,7.0,0.68382571507684,0.33040137349253523,1.078715205192566,0.3,adaptive_slow_drift,False,False,0.0,1.8903885781764984,0.553028361598111
AgriTrust-ACFL,7,0,0,False,0.6127208694815636,1.0,0.25009575486183167,1.0,7.0,0.7444915849634461,0.7300871643168333,0.669890820980072,0.3,adaptive_slow_drift,True,False,5389.503446986863,1.8264175951480865,0.5340454696841189
AgriTrust-ACFL,7,1,0,False,0.5107729490846395,0.49440531403032545,0.1842801868915558,1.0,7.0,0.535418501302253,0.6308371798511185,1.239538311958313,0.3,adaptive_slow_drift,True,False,12760.574474028426,1.8264175951480865,0.5340454696841189
AgriTrust-ACFL,7,2,2,False,0.558071993291378,0.8264837178667923,0.027482733130455017,1.0,7.0,0.6789313857908116,0.7027535856023973,0.7912432551383972,0.3,adaptive_slow_drift,True,False,3514.620638298368,1.8264175951480865,0.5340454696841189
AgriTrust-ACFL,7,4,3,False,0.7728138864040375,0.7891820515744441,0.4367436468601227,1.0,7.0,0.8021923110200893,0.7416635632173094,0.5447229743003845,0.3,adaptive_slow_drift,True,False,148.04717268881225,1.8264175951480865,0.5340454696841189
AgriTrust-ACFL,7,5,0,False,0.7524059414863586,0.3883591004908755,0.4367436468601227,1.0,7.0,0.6311623639282494,0.5521091152872237,0.2931899428367615,0.3,adaptive_slow_drift,True,False,254.52230214741013,1.8264175951480865,0.5340454696841189
AgriTrust-ACFL,7,6,1,False,0.6487918496131897,0.9906154103712681,0.275674432516098,1.0,7.0,0.773283284184196,0.7564837079810209,0.6643953919410706,0.3,adaptive_slow_drift,True,False,495.8612570885776,1.8264175951480865,0.5340454696841189
AgriTrust-ACFL,7,8,1,True,0.786798357963562,0.569361647136736,1.0000001192092896,0.05,7.0,0.05,0.2603010301194014,1.0957272052764893,0.3,adaptive_slow_drift,False,False,0.0,1.8264175951480865,0.5340454696841189
AgriTrust-ACFL,7,9,3,True,0.7867982983589172,0.5693615762325469,1.0000001192092896,0.05,7.0,0.05,0.23011918500962408,1.0957273244857788,0.3,adaptive_slow_drift,True,True,32.39329352332269,1.8264175951480865,0.5340454696841189
AgriTrust-ACFL,8,0,4,False,0.6108720004558563,0.8636875909855164,0.5497779250144958,1.0,8.0,0.7112871255423799,0.72538715462322,1.0937163829803467,0.3,adaptive_slow_drift,True,False,885.1438049784339,2.9297783970832825,0.5314739176699261
AgriTrust-ACFL,8,1,1,False,0.4583252891898155,0.7519619050649529,0.3981194794178009,1.0,8.0,0.572067729508556,0.6161448172654779,1.2501063346862793,0.3,adaptive_slow_drift,True,False,7947.0002713463045,2.9297783970832825,0.5314739176699261
AgriTrust-ACFL,8,2,0,False,0.6306894421577454,0.8636875909855164,0.5497779250144958,1.0,8.0,0.7358368484295832,0.7110244013091938,0.8243289589881897,0.3,adaptive_slow_drift,True,False,8746.311160504392,2.9297783970832825,0.5314739176699261
AgriTrust-ACFL,8,3,0,True,0.8875824809074402,0.6634969959822443,0.9999998211860657,0.05,8.0,0.05,0.1781421757096604,1.4105536937713623,0.3,adaptive_slow_drift,False,False,0.0,2.9297783970832825,0.5314739176699261
AgriTrust-ACFL,8,4,1,False,0.6711992919445038,0.5617841439796126,0.5432143211364746,1.0,8.0,0.6703834639581029,0.7238435384025078,0.5443662405014038,0.3,adaptive_slow_drift,True,False,355.38812344031544,2.9297783970832825,0.5314739176699261
AgriTrust-ACFL,8,5,0,False,0.7434359192848206,0.2974881244163204,0.6114468574523926,1.0,8.0,0.5788248479795712,0.5587880484603106,0.2947911024093628,0.3,adaptive_slow_drift,True,False,257.6012903402032,2.9297783970832825,0.5314739176699261
AgriTrust-ACFL,8,6,3,False,0.5506732985377312,0.6772146645711252,0.4587146043777466,1.0,8.0,0.6304036989305758,0.7249637057184097,0.6519136428833008,0.3,adaptive_slow_drift,True,False,193.202093870071,2.9297783970832825,0.5314739176699261
AgriTrust-ACFL,8,7,1,False,0.786051869392395,0.6796415331797048,0.6114468574523926,1.0,8.0,0.7791937358779781,0.7126711324992834,1.3782130479812622,0.3,adaptive_slow_drift,True,False,4251.545819354404,2.9297783970832825,0.5314739176699261
AgriTrust-ACFL,8,8,0,True,0.8875824809074402,0.6634969959822443,0.9999998211860657,0.05,8.0,0.05,0.20772577258955108,1.4105536937713623,0.3,adaptive_slow_drift,False,False,0.0,2.9297783970832825,0.5314739176699261
AgriTrust-ACFL,8,9,3,True,0.8875824809074402,0.6634969959822443,0.9999998211860657,0.05,8.0,0.05,0.1850893887572181,1.4105536937713623,0.3,adaptive_slow_drift,False,False,0.0,2.9297783970832825,0.5314739176699261
AgriTrust-ACFL,9,0,2,False,0.5599442459642887,0.667037357593498,0.26559850573539734,1.0,6.0,0.6274657179640031,0.7009067954584158,0.6431208848953247,0.3,adaptive_slow_drift,True,False,2103.6296224394646,3.286200314760208,0.5267680524000123
AgriTrust-ACFL,9,1,2,False,0.5617383867502213,0.7601536513811673,0.18479838967323303,1.0,6.0,0.6418850615855475,0.6225798783454953,1.237972378730774,0.3,adaptive_slow_drift,True,False,5120.153622365894,3.286200314760208,0.5267680524000123
AgriTrust-ACFL,9,2,2,False,0.5531186833977699,0.6838309692481219,0.07000339031219482,1.0,6.0,0.6382791821420379,0.6928380965174048,0.6587273478507996,0.3,adaptive_slow_drift,True,False,3465.0311615729456,3.286200314760208,0.5267680524000123
AgriTrust-ACFL,9,3,2,True,0.9312906861305237,0.5557694488920772,0.9999997615814209,0.05,6.0,0.05,0.1461066317822453,1.6744108200073242,0.3,adaptive_slow_drift,False,False,0.0,3.286200314760208,0.5267680524000123
AgriTrust-ACFL,9,6,0,False,0.5725748315453529,0.7601536513811673,0.26559850573539734,1.0,6.0,0.6667872576487214,0.7104195937009876,0.7294872999191284,0.3,adaptive_slow_drift,True,False,730.3113423246152,3.286200314760208,0.5267680524000123
AgriTrust-ACFL,9,7,2,False,0.6937985718250275,0.6736202866785398,0.30888575315475464,1.0,6.0,0.7255481427097202,0.7158903850518926,1.3909878730773926,0.3,adaptive_slow_drift,True,False,2723.1509068123432,3.286200314760208,0.5267680524000123
AgriTrust-ACFL,9,8,1,True,0.9312906861305237,0.5557694488920772,0.9999997019767761,0.05,6.0,0.05,0.16829432944216333,1.6744108200073242,0.3,adaptive_slow_drift,True,True,1411.4379366764476,3.286200314760208,0.5267680524000123
AgriTrust-ACFL,9,9,4,True,0.9312906861305237,0.5557694488920772,0.9999997615814209,0.05,6.0,0.05,0.1513170415679136,1.6744108200073242,0.3,adaptive_slow_drift,False,False,0.0,3.286200314760208,0.5267680524000123
AgriTrust-ACFL,10,0,0,False,0.5569647736847401,1.0,0.5042403936386108,1.0,7.0,0.7064323416537692,0.7022881820072542,0.9205354452133179,0.3,adaptive_slow_drift,True,False,5184.291359577551,3.0658772587776184,0.48992899608668883
AgriTrust-ACFL,10,1,3,False,0.4508312791585922,0.8073037973600609,0.11691012978553772,1.0,7.0,0.5791111370357,0.6117126930180465,1.2263509035110474,0.3,adaptive_slow_drift,True,False,3207.767526787047,3.0658772587776184,0.48992899608668883
AgriTrust-ACFL,10,3,4,True,0.7524898648262024,0.6703205462593531,1.000000238418579,0.05,7.0,0.05,0.12207997383668398,1.5733634233474731,0.3,adaptive_slow_drift,False,False,0.0,3.0658772587776184,0.48992899608668883
AgriTrust-ACFL,10,4,0,False,0.8449811637401581,0.650045121755764,0.8047269582748413,1.0,7.0,0.7949376141343953,0.7416170573354797,0.5168650150299072,0.3,adaptive_slow_drift,True,False,571.0451341483193,3.0658772587776184,0.48992899608668883
AgriTrust-ACFL,10,5,0,False,0.8839882016181946,0.4264437069856201,0.8047269582748413,1.0,7.0,0.7092941857631138,0.5964145827860113,0.2937920391559601,0.3,adaptive_slow_drift,True,False,274.94712266435124,3.0658772587776184,0.48992899608668883
AgriTrust-ACFL,10,6,2,False,0.6720959544181824,0.8665244649868378,0.5042403936386108,1.0,7.0,0.7574092237945591,0.7221670012243804,0.7597387433052063,0.3,adaptive_slow_drift,True,False,301.83230533866833,3.0658772587776184,0.48992899608668883
AgriTrust-ACFL,10,7,6,False,0.8259890675544739,0.7198979341519257,0.4664934277534485,1.0,7.0,0.8146676279151438,0.7405846957677055,1.4298923015594482,0.3,adaptive_slow_drift,True,False,465.66097707395784,3.0658772587776184,0.48992899608668883
AgriTrust-ACFL,10,8,0,True,0.7524898648262024,0.6703205462593531,1.0000003576278687,0.05,7.0,0.05,0.13872074708162252,1.5733634233474731,0.3,adaptive_slow_drift,False,False,0.0,3.0658772587776184,0.48992899608668883
AgriTrust-ACFL,10,9,2,True,0.7524898648262024,0.6703205462593531,1.0000003576278687,0.05,7.0,0.05,0.1259877811759352,1.5733634233474731,0.3,adaptive_slow_drift,False,False,0.0,3.0658772587776184,0.48992899608668883
RawTrust,1,0,0,False,0.8816466331481934,0.5759488590369405,0.9046610593795776,1.0,7.0,0.7707126800963511,0.7776191565779882,2.00687837600708,0.3,alie_jitter,,,,,
RawTrust,1,1,0,False,0.7913429737091064,0.6703204719153877,0.7128185033798218,1.0,7.0,0.7463257982139766,0.8060904082446871,1.5805162191390991,0.3,alie_jitter,,,,,
RawTrust,1,2,0,False,0.9099478125572205,0.5475266011481897,0.9046610593795776,1.0,7.0,0.7851571750519293,0.7875857377326896,2.1732754707336426,0.3,alie_jitter,,,,,
RawTrust,1,4,0,False,0.8204891085624695,0.7017591862505923,0.7128185033798218,1.0,7.0,0.8003512247439513,0.581041159554812,0.48225727677345276,0.3,alie_jitter,,,,,
RawTrust,1,5,0,False,0.6376951932907104,0.4888916129803684,0.19144682586193085,1.0,7.0,0.6174806236398181,0.4273829681183344,0.27302640676498413,0.3,alie_jitter,,,,,
RawTrust,1,8,0,True,0.9487147927284241,1.0,0.9180775880813599,1.0,7.0,0.9349270716975598,0.6195312886000629,0.842119038105011,0.3,alie_jitter,,,,,
RawTrust,1,9,0,True,0.9499779939651489,0.9983699278460719,0.9180775880813599,1.0,7.0,0.933094740843756,0.7497146355132442,0.839959442615509,0.3,alie_jitter,,,,,
RawTrust,2,0,0,False,0.8238692283630371,0.661304255016432,0.6113525629043579,1.0,7.0,0.7739408561239712,0.7766995814644839,1.3064899444580078,0.3,alie_jitter,,,,,
RawTrust,2,2,0,False,0.8475639820098877,0.6703205969947407,0.6113525629043579,1.0,7.0,0.8023347639569509,0.7912729942887549,1.2851407527923584,0.3,alie_jitter,,,,,
RawTrust,2,3,1,True,0.9343647956848145,0.9999131118315757,0.9179018139839172,1.0,7.0,0.9357241927082681,0.6504421956172776,0.7898647785186768,0.3,alie_jitter,,,,,
RawTrust,2,4,1,False,0.6517936885356903,0.6633227248597401,0.1935444176197052,1.0,7.0,0.6933654168400708,0.6091222238761267,0.47940388321876526,0.3,alie_jitter,,,,,
RawTrust,2,6,1,False,0.7615174055099487,0.9719896825874068,0.36876869201660156,1.0,7.0,0.8397142855898303,0.6445249483028364,0.7631102800369263,0.3,alie_jitter,,,,,
RawTrust,2,7,1,False,0.8285025358200073,0.565250184703885,0.574260950088501,1.0,7.0,0.7589220016879378,0.8064313568847068,1.5813688039779663,0.3,alie_jitter,,,,,
RawTrust,2,9,1,True,0.9344947934150696,1.0,0.9179018139839172,1.0,7.0,0.9251520848575117,0.793573997849311,0.7899482846260071,0.3,alie_jitter,,,,,
RawTrust,3,1,0,False,0.5566047020256519,0.6082980577913978,0.13842543959617615,1.0,9.0,0.5973499122187464,0.7539052842382019,1.778497576713562,0.3,alie_jitter,,,,,
RawTrust,3,2,2,False,0.6061133593320847,0.5018130740726319,0.4235590994358063,1.0,9.0,0.611706622532089,0.7463814013495884,2.1761720180511475,0.3,alie_jitter,,,,,
RawTrust,3,3,0,True,0.9454584717750549,0.9994156681557552,0.9178762435913086,1.0,9.0,0.941677774003562,0.7232510902138487,1.0553629398345947,0.3,alie_jitter,,,,,
RawTrust,3,4,1,False,0.6242993772029877,0.529704843807785,0.6224120259284973,1.0,9.0,0.6329368916511992,0.6150758908198948,0.5423474311828613,0.3,alie_jitter,,,,,
RawTrust,3,5,0,False,0.6113898307085037,0.29352970054252936,0.6224120259284973,1.0,9.0,0.5177176373060498,0.44996663541526327,0.29202765226364136,0.3,alie_jitter,,,,,
RawTrust,3,6,2,False,0.5479066520929337,0.7395570812798599,0.3600400686264038,1.0,9.0,0.6454896180795273,0.644766115747009,0.7696014046669006,0.3,alie_jitter,,,,,
RawTrust,3,7,2,False,0.7045132517814636,0.6703206852608437,0.4235590994358063,1.0,9.0,0.7306125778599704,0.7874766621285227,1.6063342094421387,0.3,alie_jitter,,,,,
RawTrust,3,8,1,True,0.9452993273735046,1.0,0.9178762435913086,1.0,9.0,0.9330743640442699,0.6979170574611147,1.0560100078582764,0.3,alie_jitter,,,,,
RawTrust,3,9,0,True,0.9453120827674866,0.9984996247527412,0.9176711440086365,1.0,9.0,0.9306075706746629,0.827832391055649,1.0576740503311157,0.3,alie_jitter,,,,,
RawTrust,4,2,1,False,0.5118798613548279,0.9590508074495814,0.260981023311615,1.0,7.0,0.6769722680112239,0.7290291180149973,1.277849555015564,0.3,alie_jitter,,,,,
RawTrust,4,3,0,True,0.8768761157989502,1.0,0.9181674122810364,1.0,7.0,0.9036310694036555,0.7683460850113004,1.23582923412323,0.3,alie_jitter,,,,,
RawTrust,4,4,0,False,0.7456749081611633,0.2989724157540831,0.7054013609886169,1.0,7.0,0.5878624334091126,0.6082725264671992,0.4705660939216614,0.3,alie_jitter,,,,,
RawTrust,4,5,0,False,0.8107805848121643,0.16528922242834496,0.7054013609886169,1.0,7.0,0.5089704016088121,0.46471757696365046,0.2929466664791107,0.3,alie_jitter,,,,,
RawTrust,4,6,1,False,0.5701605379581451,0.47529567069235085,0.260981023311615,1.0,7.0,0.5778255341700356,0.6280309703527657,0.6817520260810852,0.3,alie_jitter,,,,,
RawTrust,4,7,2,False,0.8133555054664612,0.6703208842504709,0.5641211271286011,1.0,7.0,0.7906829382853723,0.7882782311677352,1.7016888856887817,0.3,alie_jitter,,,,,
RawTrust,4,8,2,True,0.8773205578327179,0.9942001964929001,0.9181674122810364,1.0,7.0,0.8939893339699603,0.7469351265883262,1.241591215133667,0.3,alie_jitter,,,,,
RawTrust,5,0,3,False,0.5959730893373489,0.9607659524343409,0.35430431365966797,1.0,8.0,0.7244781001489151,0.7636442111355917,1.2886807918548584,0.3,alie_jitter,,,,,
RawTrust,5,2,0,False,0.5176221020519733,0.4758279460511764,0.35430431365966797,1.0,8.0,0.5519732101525913,0.6847651410493957,1.510223627090454,0.3,alie_jitter,,,,,
RawTrust,5,3,3,True,0.9608169496059418,0.9607659524343412,0.9176443815231323,1.0,8.0,0.938885785851493,0.8109810102213486,1.3097587823867798,0.3,alie_jitter,,,,,
RawTrust,5,4,1,False,0.569718025624752,0.007611302802617593,0.7035181522369385,1.0,8.0,0.16855234884860978,0.4983424820625519,0.4833841919898987,0.3,alie_jitter,,,,,
RawTrust,5,5,1,False,0.6061176285147667,0.0006448534906263937,0.7035181522369385,1.0,8.0,0.08214231703663435,0.36907376198189645,0.29310616850852966,0.3,alie_jitter,,,,,
RawTrust,5,6,4,False,0.5692776590585709,0.06486401966309964,0.3331684470176697,1.0,8.0,0.3176424749696498,0.5504338465069867,0.7462612390518188,0.3,alie_jitter,,,,,
RawTrust,5,8,0,True,0.9609293937683105,0.9497455874123769,0.9184657335281372,1.0,8.0,0.9270765884361875,0.7919704920502915,1.3128248453140259,0.3,alie_jitter,,,,,
RawTrust,5,9,2,True,0.9601077139377594,0.9443190586996416,0.9184657335281372,1.0,8.0,0.9230122150645413,0.851627347057872,1.3143503665924072,0.3,alie_jitter,,,,,
RawTrust,6,0,0,False,0.7537292838096619,0.7139754251745322,0.6033012270927429,1.0,7.0,0.7541170607643956,0.7612624235427926,1.2363108396530151,0.3,alie_jitter,,,,,
RawTrust,6,1,4,False,0.5262693576514721,0.8418438714678877,0.08243825286626816,1.0,7.0,0.638523681170631,0.7250598834713091,1.4766539335250854,0.3,alie_jitter,,,,,
RawTrust,6,2,0,False,0.7246738374233246,1.0,0.6033012270927429,1.0,7.0,0.8299547026308659,0.7210625314447632,1.3905516862869263,0.3,alie_jitter,,,,,
RawTrust,6,5,1,False,0.6106086522340775,0.01069646304312732,0.35699886083602905,1.0,7.0,0.19154199755257786,0.3246908208745668,0.285404235124588,0.3,alie_jitter,,,,,
RawTrust,6,6,0,False,0.7202480286359787,0.15278441791124409,0.3393562436103821,1.0,7.0,0.46746381448909136,0.5296913385025128,0.7218701243400574,0.3,alie_jitter,,,,,
RawTrust,6,7,4,False,0.7451867908239365,0.5252571000931516,0.35699886083602905,1.0,7.0,0.7003590217180531,0.7662984288053147,1.7408751249313354,0.3,alie_jitter,,,,,
RawTrust,6,8,1,True,0.7447865009307861,0.670321966917368,0.2180861383676529,1.0,7.0,0.7258646377819536,0.775444028483207,1.5988516807556152,0.3,alie_jitter,,,,,
RawTrust,7,0,0,False,0.5979878678917885,0.770601089519003,0.5815058350563049,1.0,8.0,0.6793522435437281,0.7407848785430264,1.197682499885559,0.3,alie_jitter,,,,,
RawTrust,7,1,0,False,0.4837911929935217,0.6464690209098303,0.06430281698703766,1.0,8.0,0.5632086142956397,0.6845970661773917,1.682778239250183,0.3,alie_jitter,,,,,
RawTrust,7,2,2,False,0.6086402013897896,0.770601089519003,0.5815058350563049,1.0,8.0,0.6973056824429507,0.71512331919431,1.544542908668518,0.3,alie_jitter,,,,,
RawTrust,7,4,3,False,0.5978105887770653,0.11940633507540349,0.7123181223869324,1.0,8.0,0.39527770842219684,0.4725762886524631,0.48210757970809937,0.3,alie_jitter,,,,,
RawTrust,7,5,0,False,0.5890570729970932,0.042373598492171635,0.7123181223869324,1.0,8.0,0.283816401648158,0.3144722160679646,0.2907831370830536,0.3,alie_jitter,,,,,
RawTrust,7,6,1,False,0.5677578002214432,0.28905767527752235,0.4151833653450012,1.0,8.0,0.49658568754025245,0.5214149257619477,0.7422014474868774,0.3,alie_jitter,,,,,
RawTrust,7,8,1,True,0.9352319240570068,0.6950538866261182,0.9164776802062988,1.0,8.0,0.8316953744160778,0.7895068649664247,1.6243088245391846,0.3,alie_jitter,,,,,
RawTrust,7,9,3,True,0.9351762533187866,0.6954780367182984,0.9164776802062988,1.0,8.0,0.8299888900336413,0.8462177328018143,1.6238253116607666,0.3,alie_jitter,,,,,
RawTrust,8,0,4,False,0.5471352934837341,0.859908688830062,0.4586676359176636,1.0,10.0,0.6685796076367895,0.7227335608164672,1.1985690593719482,0.3,alie_jitter,,,,,
RawTrust,8,1,1,False,0.46926893666386604,0.8481376209041134,0.30083411931991577,1.0,10.0,0.6008485098888634,0.6636599271052597,1.6304916143417358,0.3,alie_jitter,,,,,
RawTrust,8,2,0,False,0.5069114016368985,0.9828442666852111,0.4586676359176636,1.0,10.0,0.6783190516504207,0.7059222523083377,1.3653535842895508,0.3,alie_jitter,,,,,
RawTrust,8,3,0,True,0.9491312503814697,0.6665487680436528,0.9176082611083984,1.0,10.0,0.8357072144564263,0.817162561280118,2.062234401702881,0.3,alie_jitter,,,,,
RawTrust,8,4,1,False,0.5521170794963837,0.3386805701236957,0.4225742518901825,1.0,10.0,0.51729510098916,0.4837559917366373,0.48318561911582947,0.3,alie_jitter,,,,,
RawTrust,8,5,0,False,0.6364831775426865,0.20313022073342338,0.5400104522705078,1.0,10.0,0.4739554292396046,0.3543430193608746,0.2935260832309723,0.3,alie_jitter,,,,,
RawTrust,8,6,3,False,0.5207498297095299,0.5249978053208615,0.4167742431163788,1.0,10.0,0.5663728255921536,0.5326544007194992,0.7408387660980225,0.3,alie_jitter,,,,,
RawTrust,8,7,1,False,0.6371100544929504,0.9828442666852111,0.5400104522705078,1.0,10.0,0.7754015798141988,0.7685742165575358,1.412212610244751,0.3,alie_jitter,,,,,
RawTrust,8,8,0,True,0.9496379494667053,0.6711589981299476,0.9172735810279846,1.0,10.0,0.8299609795567234,0.7996203936139994,2.048421621322632,0.3,alie_jitter,,,,,
RawTrust,8,9,3,True,0.9494860172271729,0.669483515921357,0.9176082611083984,1.0,10.0,0.8274400280331214,0.8415233066096411,2.053419828414917,0.3,alie_jitter,,,,,
RawTrust,9,0,2,False,0.5808915942907333,0.7916887407978714,0.5684744715690613,1.0,8.0,0.6740373530533983,0.7105595088757,1.2283157110214233,0.3,alie_jitter,,,,,
RawTrust,9,1,2,False,0.4618239961564541,0.9448166631761805,-0.03551424294710159,1.0,8.0,0.6151902328859861,0.6515425035504413,1.5866014957427979,0.3,alie_jitter,,,,,
RawTrust,9,2,2,False,0.559535525739193,0.9250196255986362,0.5684744715690613,1.0,8.0,0.7032770898582646,0.7052609616958194,1.4089566469192505,0.3,alie_jitter,,,,,
RawTrust,9,3,2,True,0.9612989127635956,0.5675588907672126,0.9176251888275146,1.0,8.0,0.8019560161135668,0.8133609249884801,2.4864540100097656,0.3,alie_jitter,,,,,
RawTrust,9,6,0,False,0.5761855766177177,0.44533756638186117,0.4140459895133972,1.0,8.0,0.5699348926465765,0.5419745237012685,0.7396886944770813,0.3,alie_jitter,,,,,
RawTrust,9,7,2,False,0.5980443805456161,0.9448166631761805,0.1862410604953766,1.0,8.0,0.7400668606198387,0.7614473775731115,1.435504674911499,0.3,alie_jitter,,,,,
RawTrust,9,8,1,True,0.9614913463592529,0.5664651863739091,0.9176251888275146,1.0,8.0,0.7941911473740385,0.7982630820540092,2.49068546295166,0.3,alie_jitter,,,,,
RawTrust,9,9,4,True,0.9610441327095032,0.5658656692366262,0.9176062345504761,1.0,8.0,0.791988145012708,0.8291395162104078,2.493011474609375,0.3,alie_jitter,,,,,
RawTrust,10,0,0,False,0.5140670379623771,0.9749797416385205,0.31546229124069214,1.0,9.0,0.670849140290862,0.7006319167294905,1.4746153354644775,0.3,alie_jitter,,,,,
RawTrust,10,1,3,False,0.46375391632318497,0.9468884397358842,0.23096522688865662,1.0,9.0,0.6170081707749875,0.6429089203565779,1.600055456161499,0.3,alie_jitter,,,,,
RawTrust,10,3,4,True,0.8964438140392303,0.6703207021637111,0.9175889492034912,1.0,9.0,0.8112367248184051,0.8128298749459615,2.2771735191345215,0.3,alie_jitter,,,,,
RawTrust,10,4,0,False,0.6600331664085388,0.3498225492070714,0.6245226860046387,1.0,9.0,0.576235006527623,0.5068757454343837,0.5174903273582458,0.3,alie_jitter,,,,,
RawTrust,10,5,0,False,0.721145749092102,0.19924587804275945,0.6245226860046387,1.0,9.0,0.5047215046749991,0.39193764068940573,0.29117631912231445,0.3,alie_jitter,,,,,
RawTrust,10,6,2,False,0.5975980907678604,0.498543761112268,0.31546229124069214,1.0,9.0,0.6015132285035028,0.5568591999018271,0.7431657314300537,0.3,alie_jitter,,,,,
RawTrust,10,7,6,False,0.6929831802845001,1.0,0.4057634472846985,1.0,9.0,0.8163206788827259,0.7751657029005151,1.5132865905761719,0.3,alie_jitter,,,,,
RawTrust,10,8,0,True,0.8972001373767853,0.6722359035247997,0.9185147285461426,1.0,9.0,0.8048199979530457,0.7999023110287683,2.270545721054077,0.3,alie_jitter,,,,,
RawTrust,10,9,2,True,0.8975234031677246,0.6680669086294866,0.9185147285461426,1.0,9.0,0.8017094681298763,0.822282004190275,2.285022258758545,0.3,alie_jitter,,,,,
AgriTrust-ACFL,1,0,0,False,0.8248274922370911,0.5123691279363639,0.8040083646774292,1.0,7.0,0.7173645804965718,0.7041383028792376,1.3217952251434326,0.3,alie_jitter,True,False,5197.948951854532,1.2630818784236908,0.5711947216870861
AgriTrust-ACFL,1,1,0,False,0.6653829216957092,0.6061833693645258,0.35114404559135437,1.0,7.0,0.6582846205900387,0.7131789794680296,1.0378786325454712,0.3,alie_jitter,True,False,14426.184396679302,1.2630818784236908,0.5711947216870861
AgriTrust-ACFL,1,2,0,False,0.874507486820221,0.5247068523547501,0.8040083646774292,1.0,7.0,0.7584394821044931,0.7660405772990762,1.2773276567459106,0.3,alie_jitter,True,False,9423.065141355935,1.2630818784236908,0.5711947216870861
AgriTrust-ACFL,1,4,0,False,0.6978753209114075,0.8870913827902304,0.35624098777770996,1.0,7.0,0.7855113256408465,0.7170890898818589,0.4252658486366272,0.3,alie_jitter,True,False,552.1585992090314,1.2630818784236908,0.5711947216870861
AgriTrust-ACFL,1,5,0,False,0.5375325717031956,0.6703205121241416,0.35624098777770996,1.0,7.0,0.6179163885777925,0.5652489996456092,0.2842196226119995,0.3,alie_jitter,False,False,0.0,1.2630818784236908,0.5711947216870861
AgriTrust-ACFL,1,8,0,True,0.9602305591106415,1.0,0.9181916117668152,1.0,7.0,0.9411517483239209,0.658194182132477,0.5052327513694763,0.3,alie_jitter,True,False,17314.45615517694,1.2630818784236908,0.5711947216870861
AgriTrust-ACFL,1,9,0,True,0.9604894518852234,0.9983768620076151,0.9181916117668152,1.0,7.0,0.9387611896450035,0.8414558697873468,0.5040537714958191,0.3,alie_jitter,True,False,913.8210745890586,1.2630818784236908,0.5711947216870861
AgriTrust-ACFL,2,0,0,False,0.8088284134864807,0.6757873132268676,0.5498339533805847,1.0,7.0,0.7711331142148659,0.7208870057131447,1.0411521196365356,0.3,alie_jitter,True,False,5321.587876174434,1.8964125216007233,0.6073773078640956
AgriTrust-ACFL,2,2,0,False,0.8103165626525879,0.8130409520749429,0.5498339533805847,1.0,7.0,0.8294109978822586,0.7818831824448718,0.8966565728187561,0.3,alie_jitter,True,False,9617.945027254367,1.8964125216007233,0.6073773078640956
AgriTrust-ACFL,2,3,1,True,0.9479897916316986,0.670320875592574,0.9176570177078247,1.0,7.0,0.8365693693598167,0.6516348976692512,0.5490617752075195,0.3,alie_jitter,True,False,10930.162869792213,1.8964125216007233,0.6073773078640956
AgriTrust-ACFL,2,4,1,False,0.5345650985836983,0.5323263278935707,0.12307511270046234,1.0,7.0,0.5820199145177589,0.683321796040834,0.45575547218322754,0.3,alie_jitter,True,False,335.4930146047383,1.8964125216007233,0.6073773078640956
AgriTrust-ACFL,2,6,1,False,0.745976060628891,1.0,0.49828073382377625,1.0,7.0,0.8373515454076002,0.7583556222213395,0.7585650086402893,0.3,alie_jitter,True,False,497.08826269170373,1.8964125216007233,0.6073773078640956
AgriTrust-ACFL,2,7,1,False,0.7885897755622864,0.6130755405418635,0.4899635910987854,1.0,7.0,0.7568078732972686,0.767577555394179,1.126396656036377,0.3,alie_jitter,True,False,4579.098265453704,1.8964125216007233,0.6073773078640956
AgriTrust-ACFL,2,9,1,True,0.9483039081096649,0.6698675707296489,0.9176570177078247,1.0,7.0,0.8270155543953458,0.8378457909393465,0.5487617254257202,0.3,alie_jitter,True,False,580.1781924405217,1.8964125216007233,0.6073773078640956
AgriTrust-ACFL,3,1,0,False,0.5470825210213661,0.46927837637808434,0.16690753400325775,1.0,9.0,0.5473956236710358,0.6717331405187812,1.2772367000579834,0.3,alie_jitter,True,False,13587.817966413906,1.8210233747959137,0.5811936547697135
AgriTrust-ACFL,3,2,2,False,0.5559210665524006,0.47002488398578185,0.3118835985660553,1.0,9.0,0.5719649914106807,0.729403634686324,1.2757306098937988,0.3,alie_jitter,True,False,3647.9032204736604,1.8210233747959137,0.5811936547697135
AgriTrust-ACFL,3,3,0,True,0.9373869597911835,0.9963641059876067,0.9178911447525024,1.0,9.0,0.9363882243669096,0.7228232293436658,0.7264425158500671,0.3,alie_jitter,True,False,19014.587871114472,1.8210233747959137,0.5811936547697135
AgriTrust-ACFL,3,4,1,False,0.6893628239631653,0.6703209490719856,0.6672968864440918,1.0,9.0,0.7173238831824974,0.6918223178262498,0.5412848591804504,0.3,alie_jitter,True,False,339.66654704000683,1.8210233747959137,0.5811936547697135
AgriTrust-ACFL,3,5,0,False,0.6786090433597565,0.29293269635893077,0.6672968864440918,1.0,9.0,0.5479532251841507,0.5609250560302446,0.29279205203056335,0.3,alie_jitter,False,False,0.0,1.8210233747959137,0.5811936547697135
AgriTrust-ACFL,3,6,2,False,0.5298055298626423,0.9507898187490555,0.3118835985660553,1.0,9.0,0.683279767286485,0.7395866584876258,0.756211519241333,0.3,alie_jitter,True,False,309.1129139805207,1.8210233747959137,0.5811936547697135
AgriTrust-ACFL,3,7,2,False,0.6764580011367798,0.5290087971109236,0.36024782061576843,1.0,9.0,0.6654794448751571,0.7420530277644236,1.1685518026351929,0.3,alie_jitter,True,False,2822.6700870036957,1.8210233747959137,0.5811936547697135
AgriTrust-ACFL,3,8,1,True,0.9375203251838684,0.9972308440411282,0.9178911447525024,1.0,9.0,0.9280710100479225,0.7256633891113384,0.7269115447998047,0.3,alie_jitter,True,False,12171.875785047601,1.8210233747959137,0.5811936547697135
AgriTrust-ACFL,3,9,0,True,0.9371965825557709,1.0,0.9177297949790955,1.0,9.0,0.9266222569503406,0.860039907442095,0.7284093499183655,0.3,alie_jitter,True,False,934.0033394821152,1.8210233747959137,0.5811936547697135
AgriTrust-ACFL,4,2,1,False,0.5087329503148794,1.0,0.10374178737401962,1.0,7.0,0.6831961287824911,0.7178517582103657,0.8094018697738647,0.3,alie_jitter,True,False,5630.4443461209485,2.023504674434662,0.5816200930687065
AgriTrust-ACFL,4,3,0,True,0.8842033743858337,0.9500912496572456,0.9183244705200195,1.0,7.0,0.8939400814242624,0.765602442363815,0.8333749771118164,0.3,alie_jitter,True,False,20139.93784882252,2.023504674434662,0.5816200930687065
AgriTrust-ACFL,4,4,0,False,0.7917764186859131,0.38325177411102224,0.7418062686920166,1.0,7.0,0.6545770772027274,0.6825110076703692,0.46849358081817627,0.3,alie_jitter,True,False,525.5334759061843,2.023504674434662,0.5816200930687065
AgriTrust-ACFL,4,5,0,False,0.8368954360485077,0.16773091727963133,0.7418062686920166,1.0,7.0,0.5202060820036168,0.5507453125235876,0.29248732328414917,0.3,alie_jitter,False,False,0.0,2.023504674434662,0.5816200930687065
AgriTrust-ACFL,4,6,1,False,0.6457755118608475,0.6703212218062775,0.2132238745689392,1.0,7.0,0.6860233403750958,0.7261958289594933,0.6443563103675842,0.3,alie_jitter,True,False,476.0081054506599,2.023504674434662,0.5816200930687065
AgriTrust-ACFL,4,7,2,False,0.8422441482543945,0.38533669032377443,0.5967069864273071,1.0,7.0,0.6826629397980127,0.727205505772821,1.3940600156784058,0.3,alie_jitter,True,False,2766.1921068274173,2.023504674434662,0.5816200930687065
AgriTrust-ACFL,4,8,2,True,0.8851649761199951,0.944287549618916,0.9183244705200195,1.0,7.0,0.8846015918288799,0.7653979397907238,0.8362912535667419,0.3,alie_jitter,True,False,8186.100478082366,2.023504674434662,0.5816200930687065
AgriTrust-ACFL,5,0,3,False,0.6202277392148972,0.6939506402055643,0.47492730617523193,1.0,8.0,0.6716871650455511,0.7085870455462462,1.0373302698135376,0.3,alie_jitter,True,False,1356.031251568263,2.2222325950860977,0.5677276882588673
AgriTrust-ACFL,5,2,0,False,0.5501811429858208,0.5557172293344768,0.3365304470062256,1.0,8.0,0.5980125026642084,0.6878919443238264,1.139449954032898,0.3,alie_jitter,True,False,8461.758807127388,2.2222325950860977,0.5677276882588673
AgriTrust-ACFL,5,3,3,True,0.955070286989212,0.9981483899847593,0.9177361726760864,1.0,8.0,0.9465707694501535,0.8108445241353996,0.8881967067718506,0.3,alie_jitter,True,False,5529.614475292754,2.2222325950860977,0.5677276882588673
AgriTrust-ACFL,5,4,1,False,0.5915930867195129,0.23302238292686733,0.735901951789856,1.0,8.0,0.4803039099454573,0.6319592332391413,0.48024100065231323,0.3,alie_jitter,True,False,310.2753482987518,2.2222325950860977,0.5677276882588673
AgriTrust-ACFL,5,5,1,False,0.6139511838555336,0.07213385726116973,0.735901951789856,1.0,8.0,0.34059454548869383,0.4982076207648642,0.2925529181957245,0.3,alie_jitter,True,True,73.2232126031779,2.2222325950860977,0.5677276882588673
AgriTrust-ACFL,5,6,4,False,0.6098088026046753,0.6474971909677819,0.47492730617523193,1.0,8.0,0.6578653794099724,0.7091132165721131,0.7397123575210571,0.3,alie_jitter,True,False,120.4976638596363,2.2222325950860977,0.5677276882588673
AgriTrust-ACFL,5,8,0,True,0.9555843770503998,0.9970151598032987,0.9183990359306335,1.0,8.0,0.937802997641846,0.8084992042535044,0.8900166153907776,0.3,alie_jitter,True,False,21268.380067092687,2.2222325950860977,0.5677276882588673
AgriTrust-ACFL,5,9,2,True,0.9548738896846771,0.9981483899847593,0.9183990359306335,1.0,8.0,0.9356742713279897,0.8789484984135687,0.8895893692970276,0.3,alie_jitter,True,False,388.08621803545344,2.2222325950860977,0.5677276882588673
AgriTrust-ACFL,6,0,0,False,0.7354744970798492,1.0,0.5455074906349182,1.0,7.0,0.823147214891629,0.7372270878825918,0.9550667405128479,0.3,alie_jitter,True,False,5442.210362749293,2.3876668512821198,0.545114028081651
AgriTrust-ACFL,6,1,4,False,0.4923881711438298,0.9126552969169277,0.062035899609327316,1.0,7.0,0.6306731124454322,0.661468133500444,0.9318901300430298,0.3,alie_jitter,True,False,2211.728449162679,2.3876668512821198,0.545114028081651
AgriTrust-ACFL,6,2,0,False,0.6841951310634613,0.8975677997178232,0.5455074906349182,1.0,7.0,0.7784758376284775,0.7105379176499892,0.9832152724266052,0.3,alie_jitter,True,False,8740.326925012518,2.3876668512821198,0.545114028081651
AgriTrust-ACFL,6,5,1,False,0.6190134733915329,0.010838910986191387,0.39460110664367676,1.0,7.0,0.19375507204010448,0.42209448358367424,0.2830505669116974,0.3,alie_jitter,False,False,0.0,2.3876668512821198,0.545114028081651
AgriTrust-ACFL,6,6,0,False,0.7030791789293289,0.3136705803099302,0.30942654609680176,1.0,7.0,0.5724052427215481,0.6749362231094719,0.6993467807769775,0.3,alie_jitter,True,False,693.8344373565371,2.3876668512821198,0.545114028081651
AgriTrust-ACFL,6,7,4,False,0.7284844219684601,0.23134510822114637,0.39460110664367676,1.0,7.0,0.5408446783503073,0.6806152989171925,1.415507197380066,0.3,alie_jitter,True,False,1052.5963329480032,2.3876668512821198,0.545114028081651
AgriTrust-ACFL,6,8,1,True,0.7634603679180145,0.6703225399139879,0.21902987360954285,1.0,7.0,0.7358187258383481,0.7903290846497154,1.0634726285934448,0.3,alie_jitter,True,False,13256.542347337223,2.3876668512821198,0.545114028081651
AgriTrust-ACFL,7,0,0,False,0.5262887701392174,0.7770743257651861,0.45510783791542053,1.0,8.0,0.6348590984906826,0.7116350905346145,0.8387119770050049,0.3,alie_jitter,True,False,5253.290238326525,2.48609259724617,0.5438611604363582
AgriTrust-ACFL,7,1,0,False,0.48377731069922447,0.6202008396688802,0.09036711603403091,1.0,8.0,0.5562343743975847,0.6351596937247291,1.3245420455932617,0.3,alie_jitter,True,False,12848.01028466382,2.48609259724617,0.5438611604363582
AgriTrust-ACFL,7,2,2,False,0.5986519008874893,0.7244917627963483,0.45510783791542053,1.0,8.0,0.6783157583463421,0.7024823778240774,1.201734185218811,0.3,alie_jitter,True,False,3513.264270327462,2.48609259724617,0.5438611604363582
AgriTrust-ACFL,7,4,3,False,0.6006221175193787,0.31892296574067497,0.6584004163742065,1.0,8.0,0.5321334937620648,0.6070027983698721,0.4802652597427368,0.3,alie_jitter,True,False,121.16686401988721,2.48609259724617,0.5438611604363582
AgriTrust-ACFL,7,5,0,False,0.5882209837436676,0.14406824970684673,0.6584004163742065,1.0,8.0,0.40939270092077995,0.4189190379179507,0.2920311689376831,0.3,alie_jitter,False,False,0.0,2.48609259724617,0.5438611604363582
AgriTrust-ACFL,7,6,1,False,0.5287306532263756,0.6108164831697411,0.3040712773799896,1.0,8.0,0.597669825201138,0.6556196236323883,0.7213746309280396,0.3,alie_jitter,True,False,429.74669158962564,2.48609259724617,0.5438611604363582
AgriTrust-ACFL,7,8,1,True,0.9452425241470337,0.7770743257651861,0.9165596961975098,1.0,8.0,0.8650489271790103,0.8090090452820391,1.1501621007919312,0.3,alie_jitter,True,False,13569.869661210209,2.48609259724617,0.5438611604363582
AgriTrust-ACFL,7,9,3,True,0.9453403353691101,0.7769431169745976,0.9165596961975098,1.0,8.0,0.8631496829223163,0.8749987945407557,1.150283694267273,0.3,alie_jitter,True,False,246.3427182998828,2.48609259724617,0.5438611604363582
AgriTrust-ACFL,8,0,4,False,0.536403127014637,0.9174183511068014,0.5044450759887695,1.0,10.0,0.6743040461469622,0.7023023294377013,0.9780550599098206,0.3,alie_jitter,True,False,856.9748611644434,2.6173310726881027,0.555702201743554
AgriTrust-ACFL,8,1,1,False,0.46595630049705505,0.7227713291753527,0.4012060761451721,1.0,10.0,0.5704705443508138,0.6189874063812504,1.3389252424240112,0.3,alie_jitter,True,False,7983.663821604875,2.6173310726881027,0.555702201743554
AgriTrust-ACFL,8,2,0,False,0.5029093422926962,0.8925728337776223,0.5044450759887695,1.0,10.0,0.6561277498439956,0.6908937208290569,0.9577425718307495,0.3,alie_jitter,True,False,8498.683659918228,2.6173310726881027,0.555702201743554
AgriTrust-ACFL,8,3,0,True,0.958817332983017,0.6664353711856439,0.9176213145256042,1.0,10.0,0.8403443143089054,0.8182194716787762,1.424609899520874,0.3,alie_jitter,True,False,21524.081421981886,2.6173310726881027,0.555702201743554
AgriTrust-ACFL,8,4,1,False,0.5755850151181221,0.41413644411133854,0.41318538784980774,1.0,10.0,0.5621955182566611,0.5958009783415694,0.532502293586731,0.3,alie_jitter,True,False,292.5225969468719,2.6173310726881027,0.555702201743554
AgriTrust-ACFL,8,5,0,False,0.6177396178245544,0.19011364314129353,0.5855293273925781,1.0,10.0,0.45705589496878996,0.4284532521806605,0.29366692900657654,0.3,alie_jitter,False,False,0.0,2.6173310726881027,0.555702201743554
AgriTrust-ACFL,8,6,3,False,0.4989922111853957,0.6334224476955285,0.4194580316543579,1.0,10.0,0.5852868182531061,0.6380364222875679,0.7368708252906799,0.3,alie_jitter,True,False,170.03606081103243,2.6173310726881027,0.555702201743554
AgriTrust-ACFL,8,7,1,False,0.6155008673667908,0.9174183511068014,0.5855293273925781,1.0,10.0,0.7452625729862271,0.6967771174344511,1.1158097982406616,0.3,alie_jitter,True,False,4156.727704490307,2.6173310726881027,0.555702201743554
AgriTrust-ACFL,8,8,0,True,0.9597082138061523,0.6711229988278726,0.917400598526001,1.0,10.0,0.8347766999819105,0.8154509589570069,1.4169974327087402,0.3,alie_jitter,True,False,21451.252926323024,2.6173310726881027,0.555702201743554
AgriTrust-ACFL,8,9,3,True,0.9590842723846436,0.6695198056734903,0.9176213145256042,1.0,10.0,0.8320436227371862,0.8642600015898634,1.4195903539657593,0.3,alie_jitter,True,False,243.31937305268062,2.6173310726881027,0.555702201743554
AgriTrust-ACFL,9,0,2,False,0.4779284819960594,0.6144933305041601,0.3996812105178833,1.0,8.0,0.5611385135763449,0.6670113754723621,0.8207173347473145,0.3,alie_jitter,True,False,2001.8993923864734,3.0478140711784363,0.5491306457225411
AgriTrust-ACFL,9,1,2,False,0.4920909693464637,0.9137623074098586,0.03566848114132881,1.0,8.0,0.6306930358003887,0.6219138137360349,1.3077161312103271,0.3,alie_jitter,True,False,5114.675846354371,3.0478140711784363,0.5491306457225411
AgriTrust-ACFL,9,2,2,False,0.4762607179582119,0.6868935451237466,0.3996812105178833,1.0,8.0,0.5886503675761148,0.6653328825158213,0.8979224562644958,0.3,alie_jitter,True,False,3327.4717171655393,3.0478140711784363,0.5491306457225411
AgriTrust-ACFL,9,3,2,True,0.968067854642868,0.6707804200205404,0.9176359176635742,1.0,8.0,0.8464424293858369,0.8252752111055414,1.678340196609497,0.3,alie_jitter,True,False,8826.501155761896,3.0478140711784363,0.5491306457225411
AgriTrust-ACFL,9,6,0,False,0.5355422422289848,0.5300761159904057,0.2951725423336029,1.0,8.0,0.5768290980510506,0.6227345912284385,0.728432834148407,0.3,alie_jitter,True,False,640.1711597828348,3.0478140711784363,0.5491306457225411
AgriTrust-ACFL,9,7,2,False,0.589143231511116,0.9137623074098586,0.12997132539749146,1.0,8.0,0.7266658976632318,0.7042493124916464,1.1305351257324219,0.3,alie_jitter,True,False,2678.869829763927,3.0478140711784363,0.5491306457225411
AgriTrust-ACFL,9,8,1,True,0.9683006107807159,0.6698616477686336,0.9176359176635742,1.0,8.0,0.8384057782947973,0.8211896637914545,1.680198073387146,0.3,alie_jitter,True,False,13774.180609931516,3.0478140711784363,0.5491306457225411
AgriTrust-ACFL,9,9,4,True,0.9681734442710876,0.6693369919806299,0.9175445437431335,1.0,8.0,0.8363027682039798,0.8572706932433926,1.6812610626220703,0.3,alie_jitter,True,False,153.89259925291654,3.0478140711784363,0.5491306457225411
AgriTrust-ACFL,10,0,0,False,0.5349279046058655,1.0,0.34757810831069946,1.0,9.0,0.6909199177649671,0.6729885110455134,1.2015278339385986,0.3,alie_jitter,True,False,4968.00118853798,3.0038195848464966,0.5390056301883484
AgriTrust-ACFL,10,1,3,False,0.42121176421642303,0.866604926522592,0.21058706939220428,1.0,9.0,0.5698554592056438,0.6088992251034372,1.313189148902893,0.3,alie_jitter,True,False,3193.013948649549,3.0038195848464966,0.5390056301883484
AgriTrust-ACFL,10,3,4,True,0.8904079794883728,0.6703211260054593,0.9175533056259155,1.0,9.0,0.8082281418318491,0.8210134437871183,1.5401298999786377,0.3,alie_jitter,True,False,3570.0559047963875,3.0038195848464966,0.5390056301883484
AgriTrust-ACFL,10,4,0,False,0.6892572641372681,0.2588840318859624,0.6692715883255005,1.0,9.0,0.5391696694496383,0.5816431511185867,0.5193466544151306,0.3,alie_jitter,True,False,447.8652263613117,3.0038195848464966,0.5390056301883484
AgriTrust-ACFL,10,5,0,False,0.7275727093219757,0.10226700280262317,0.6692715883255005,1.0,9.0,0.4152168868183596,0.4251441608400853,0.2918044924736023,0.3,alie_jitter,True,True,97.99572907363965,3.0038195848464966,0.5390056301883484
AgriTrust-ACFL,10,6,2,False,0.6167165413498878,0.4490819510674648,0.34757810831069946,1.0,9.0,0.593135468632781,0.6153348105795242,0.7310342192649841,0.3,alie_jitter,True,False,257.18140557165134,3.0038195848464966,0.5390056301883484
AgriTrust-ACFL,10,7,6,False,0.7021162062883377,0.9728299545661959,0.44759294390678406,1.0,9.0,0.8154537712437406,0.73205042717967,1.181159496307373,0.3,alie_jitter,True,False,460.29484424400977,3.0038195848464966,0.5390056301883484
AgriTrust-ACFL,10,8,0,True,0.8918089270591736,0.6738849731080466,0.918453574180603,1.0,9.0,0.802746361347704,0.8165788381805169,1.5350693464279175,0.3,alie_jitter,True,False,21480.92291717668,3.0038195848464966,0.5390056301883484
AgriTrust-ACFL,10,9,2,True,0.8917584419250488,0.6659091514239782,0.918453574180603,1.0,9.0,0.7980981712457095,0.8424775627439718,1.5464555025100708,0.3,alie_jitter,True,False,371.98303620196174,3.0038195848464966,0.5390056301883484
RawTrust,1,0,0,False,0.9344777464866638,1.0,0.9046610593795776,1.0,7.0,0.939027374959874,0.8196978302938689,2.00687837600708,0.4,sign_flip,,,,,
RawTrust,1,1,0,False,0.7079577147960663,0.6703211687099064,0.6644703149795532,1.0,7.0,0.7019917399739589,0.7950068936846828,1.5805162191390991,0.4,sign_flip,,,,,
RawTrust,1,2,0,False,0.9469714760780334,0.8751073466291043,0.9046610593795776,1.0,7.0,0.9238036256424901,0.8222473503803298,2.1732754707336426,0.4,sign_flip,,,,,
RawTrust,1,4,0,True,0.26928824186325073,0.7353080332338341,-0.1133178249001503,1.0,7.0,0.4397891278861454,0.49090063534036055,2.4112868309020996,0.4,sign_flip,,,,,
RawTrust,1,5,0,False,0.6410812884569168,0.03540509363495865,0.1358092874288559,1.0,7.0,0.2817372420456252,0.3434471227197862,0.27302640676498413,0.4,sign_flip,,,,,
RawTrust,1,8,0,True,0.9124705791473389,0.08983371854488091,0.7134050130844116,1.0,7.0,0.4441250888907804,0.496830792898368,8.460501670837402,0.4,sign_flip,,,,,
RawTrust,1,9,0,False,0.841922402381897,0.19728250936185934,0.6644703149795532,1.0,7.0,0.5368118023308517,0.6506439008850182,0.7614408135414124,0.4,sign_flip,,,,,
RawTrust,2,0,0,False,0.7576239705085754,1.0,0.6945537328720093,1.0,7.0,0.8366905463888478,0.8239460093176136,1.740721583366394,0.4,sign_flip,,,,,
RawTrust,2,2,0,False,0.7421434372663498,0.8837997086207965,0.6945537328720093,1.0,7.0,0.8103085924445135,0.8192626608963757,1.57696533203125,0.4,sign_flip,,,,,
RawTrust,2,3,1,True,0.5627782493829727,0.14618482082432382,0.6706541776657104,1.0,7.0,0.397677777933831,0.5159305919236683,8.103184700012207,0.4,sign_flip,,,,,
RawTrust,2,4,1,True,0.5997772440314293,0.6703208841265909,0.3480983376502991,1.0,7.0,0.6644517462316349,0.5342884130631791,2.397019386291504,0.4,sign_flip,,,,,
RawTrust,2,6,1,True,0.5873083919286728,0.3748592185685279,0.18394199013710022,1.0,7.0,0.5469479621428752,0.5713333674410976,3.815551519393921,0.4,sign_flip,,,,,
RawTrust,2,7,1,False,0.7025930285453796,0.88688635760495,0.21698936820030212,1.0,7.0,0.7934340219029993,0.8150593619384722,1.5813688039779663,0.4,sign_flip,,,,,
RawTrust,2,9,1,False,0.4866666039451957,0.35237846636144415,0.6706541776657104,1.0,7.0,0.47258072330194323,0.6061281064892494,0.7558212876319885,0.4,sign_flip,,,,,
RawTrust,3,1,0,False,0.43324318528175354,1.0,0.4738200902938843,1.0,9.0,0.6041510761646065,0.7472929393046638,2.748908519744873,0.4,sign_flip,,,,,
RawTrust,3,2,2,False,0.71414515376091,0.8403390036079368,0.4235590994358063,1.0,9.0,0.7814386676864077,0.8098066625938837,2.1761720180511475,0.4,sign_flip,,,,,
RawTrust,3,3,0,True,0.6752082407474518,0.22369506829339322,0.754381537437439,1.0,9.0,0.49941639895099355,0.5118020436804996,20.542505264282227,0.4,sign_flip,,,,,
RawTrust,3,4,1,True,0.6314950883388519,0.9819088505764587,0.33297470211982727,1.0,9.0,0.7664943720996239,0.5923399028222903,2.817148208618164,0.4,sign_flip,,,,,
RawTrust,3,5,0,False,0.5459895357489586,0.18912309099847635,0.34056568145751953,1.0,9.0,0.42638024215963327,0.364180402579748,0.2935873866081238,0.4,sign_flip,,,,,
RawTrust,3,6,2,True,0.5796970576047897,0.7784704789162643,0.25494784116744995,1.0,9.0,0.6761489587046046,0.5975372652569744,3.848006010055542,0.4,sign_flip,,,,,
RawTrust,3,7,2,False,0.6879031360149384,0.6703205451105582,0.4235590994358063,1.0,9.0,0.7210876953671349,0.7915664452956378,1.6063342094421387,0.4,sign_flip,,,,,
RawTrust,3,8,1,True,0.7593761682510376,0.24305976515781896,0.754381537437439,1.0,9.0,0.5411508783054416,0.5079108142501364,18.37489128112793,0.4,sign_flip,,,,,
RawTrust,3,9,0,False,0.6337982416152954,0.34630374923064033,0.4738200902938843,1.0,9.0,0.5436333221257756,0.590504410398381,0.6615968942642212,0.4,sign_flip,,,,,
RawTrust,4,2,1,False,0.5625199675559998,0.6703205355507567,0.24956101179122925,1.0,7.0,0.6403782834620582,0.7674495678109272,1.6481122970581055,0.4,sign_flip,,,,,
RawTrust,4,3,0,True,0.7711386978626251,0.18644158351008894,0.40363743901252747,1.0,7.0,0.5086989378873854,0.5110262672322211,28.42851448059082,0.4,sign_flip,,,,,
RawTrust,4,4,0,True,0.6241349577903748,1.0,0.40363743901252747,1.0,7.0,0.7657505371738106,0.6356925614101704,2.8501505851745605,0.4,sign_flip,,,,,
RawTrust,4,5,0,False,0.419263556599617,0.19146008317401367,0.1716139018535614,1.0,7.0,0.3700954235976773,0.3656591578342303,0.29633134603500366,0.4,sign_flip,,,,,
RawTrust,4,6,1,True,0.6753092855215073,0.8440602640200076,0.11191564798355103,1.0,7.0,0.7534382592427863,0.6365125137534273,3.5949158668518066,0.4,sign_flip,,,,,
RawTrust,4,7,2,False,0.5414170771837234,0.9723426388633488,0.24956101179122925,1.0,7.0,0.7067270076589282,0.7703565858864604,2.7427620887756348,0.4,sign_flip,,,,,
RawTrust,4,8,2,True,0.6388687491416931,0.2542331001312183,0.2047097086906433,1.0,7.0,0.4987686500145265,0.5056252731912338,18.59159278869629,0.4,sign_flip,,,,,
RawTrust,5,0,3,False,0.5715974867343903,0.796899168745391,0.2180626094341278,1.0,8.0,0.6694004595520202,0.7853096218762152,1.7189905643463135,0.4,sign_flip,,,,,
RawTrust,5,2,0,False,0.6256037354469299,0.9092368733221362,0.2180626094341278,1.0,8.0,0.7439499431351813,0.7615746616419907,4.272356033325195,0.4,sign_flip,,,,,
RawTrust,5,3,3,True,0.5424220934510231,0.5382849139182594,0.29727646708488464,1.0,8.0,0.5761881715917875,0.5273167433221128,18.79393196105957,0.4,sign_flip,,,,,
RawTrust,5,4,1,True,0.46094103530049324,0.9538654448998526,0.1657843291759491,1.0,8.0,0.6390505613116239,0.6365320613855338,2.857114553451538,0.4,sign_flip,,,,,
RawTrust,5,5,1,False,0.5677284225821495,0.4277452176823426,0.11108559370040894,1.0,8.0,0.5564872627727477,0.41336618406885967,0.2962600886821747,0.4,sign_flip,,,,,
RawTrust,5,6,4,True,0.6760472357273102,0.9538654448998527,0.2666204869747162,1.0,8.0,0.7820646285700373,0.6729005424575798,3.731306791305542,0.4,sign_flip,,,,,
RawTrust,5,8,0,True,0.47652022913098335,0.3790795399569864,0.29727646708488464,1.0,8.0,0.4785385806454352,0.4988536000547842,50.62274932861328,0.4,sign_flip,,,,,
RawTrust,5,9,2,False,0.710613489151001,0.5638470960338722,0.2666204869747162,1.0,8.0,0.6701046705170906,0.6104044754280584,0.646710216999054,0.4,sign_flip,,,,,
RawTrust,6,0,0,False,0.8385200500488281,1.0,0.9184681177139282,1.0,7.0,0.8847034514918233,0.8101580792801173,3.5313310623168945,0.4,sign_flip,,,,,
RawTrust,6,1,4,False,0.7033725529909134,0.6703209032012538,0.21779263019561768,1.0,7.0,0.699487414055875,0.7353415579924666,2.5827841758728027,0.4,sign_flip,,,,,
RawTrust,6,2,0,False,0.8302828371524811,0.6663693854948571,0.9184681177139282,1.0,7.0,0.7918899184224236,0.769153475837099,4.850614547729492,0.4,sign_flip,,,,,
RawTrust,6,5,1,False,0.6668762266635895,0.04175891290797428,0.20853036642074585,1.0,7.0,0.30253244971016324,0.3856577504791856,0.2946707308292389,0.4,sign_flip,,,,,
RawTrust,6,6,0,True,0.4983103107661009,0.9245925186843369,0.0473644882440567,1.0,7.0,0.6551174675193051,0.6684547737230112,3.7546193599700928,0.4,sign_flip,,,,,
RawTrust,6,7,4,False,0.7269103229045868,0.7331209104489758,0.21779263019561768,1.0,7.0,0.7635376528422747,0.768651852625414,2.770148754119873,0.4,sign_flip,,,,,
RawTrust,6,8,1,True,0.43737851083278656,0.033483169782201616,0.03337399289011955,1.0,7.0,0.22043100360877674,0.42924795094328233,50.29829406738281,0.4,sign_flip,,,,,
RawTrust,7,0,0,False,0.79961097240448,0.9600003819150769,0.7493335008621216,1.0,8.0,0.8513929598511497,0.8204667994228755,3.4127676486968994,0.4,sign_flip,,,,,
RawTrust,7,1,0,False,0.7963078916072845,0.5247268171400037,0.7493335008621216,1.0,8.0,0.6958532103582867,0.7254694710839217,9.561156272888184,0.4,sign_flip,,,,,
RawTrust,7,2,2,False,0.7679119110107422,0.8982271963411793,0.27380526065826416,1.0,8.0,0.8296847392188454,0.7842862916825357,4.263574600219727,0.4,sign_flip,,,,,
RawTrust,7,4,3,True,0.45824821293354034,0.8563114130897341,0.18883644044399261,1.0,8.0,0.6167072860556165,0.6315758675530544,2.8742778301239014,0.4,sign_flip,,,,,
RawTrust,7,5,0,False,0.6777940988540649,0.18841868529924044,0.21040335297584534,1.0,8.0,0.4796929113533042,0.40916654069771524,0.29559558629989624,0.4,sign_flip,,,,,
RawTrust,7,6,1,True,0.5444320626556873,0.9600003819150769,0.18883644044399261,1.0,8.0,0.6956000261333426,0.675241086825594,3.8581323623657227,0.4,sign_flip,,,,,
RawTrust,7,8,1,True,0.27976901829242706,0.15101680120933492,0.17397268116474152,1.0,8.0,0.2708946861807845,0.38965963475265786,62.110252380371094,0.4,sign_flip,,,,,
RawTrust,7,9,3,False,0.6146554201841354,0.35049600697990874,0.21040335297584534,1.0,8.0,0.5364734214735793,0.5919217119394387,0.7510691285133362,0.4,sign_flip,,,,,
RawTrust,8,0,4,False,0.7474886626005173,0.7656543577043848,0.32228079438209534,1.0,10.0,0.7665803564201887,0.8069951886722038,2.8555119037628174,0.4,sign_flip,,,,,
RawTrust,8,1,1,False,0.7673142552375793,0.586856922792138,0.35103148221969604,1.0,10.0,0.7050794589685494,0.7203719680550786,9.536849021911621,0.4,sign_flip,,,,,
RawTrust,8,2,0,False,0.6616194248199463,0.9081290547130395,0.35103148221969604,1.0,10.0,0.766928323408734,0.7799467996140853,4.93833065032959,0.4,sign_flip,,,,,
RawTrust,8,3,0,True,0.4115854352712631,0.17051262020641775,0.9164121150970459,1.0,10.0,0.3506348505248393,0.48314627012279443,61.45207977294922,0.4,sign_flip,,,,,
RawTrust,8,4,1,True,0.43513472378253937,0.7676778402554366,0.19402441382408142,1.0,10.0,0.5800706471937769,0.618699562463235,2.8668951988220215,0.4,sign_flip,,,,,
RawTrust,8,5,0,False,0.6872244775295258,0.16894523530763098,0.36853888630867004,1.0,10.0,0.4677893761523801,0.4238222495613815,0.2926861345767975,0.4,sign_flip,,,,,
RawTrust,8,6,3,True,0.5621032379567623,0.9328865655748745,0.06648069620132446,1.0,10.0,0.7018699290569536,0.6818982973834339,3.846027135848999,0.4,sign_flip,,,,,
RawTrust,8,7,1,False,0.6316382586956024,0.9328865655748745,0.36853888630867004,1.0,10.0,0.7597480662643059,0.766425906035137,4.74211311340332,0.4,sign_flip,,,,,
RawTrust,8,8,0,True,0.42187051475048065,0.17023447747885334,0.9164121150970459,1.0,10.0,0.35197832260645273,0.38023930671610656,61.603492736816406,0.4,sign_flip,,,,,
RawTrust,8,9,3,False,0.7016623765230179,0.3213493452456087,0.2496899664402008,1.0,10.0,0.5621595267119391,0.5844811656325638,0.7714602947235107,0.4,sign_flip,,,,,
RawTrust,9,0,2,False,0.8641622066497803,0.7734651709847568,0.9341638684272766,1.0,8.0,0.8327697664301135,0.8134388331116812,3.357431173324585,0.4,sign_flip,,,,,
RawTrust,9,1,2,False,0.8286685943603516,0.5809306765929292,0.7835447788238525,1.0,8.0,0.7333138260855693,0.7236074325627012,9.649362564086914,0.4,sign_flip,,,,,
RawTrust,9,2,2,False,0.8645375967025757,0.9967701148640381,0.9341638684272766,1.0,8.0,0.913662096979627,0.8133756239554707,4.692149639129639,0.4,sign_flip,,,,,
RawTrust,9,3,2,True,0.2076546549797058,0.15307078400793533,0.34969213604927063,1.0,8.0,0.23301331223451333,0.42061303065072414,56.089359283447266,0.4,sign_flip,,,,,
RawTrust,9,6,0,True,0.5445903837680817,0.819066492751881,0.03803885355591774,1.0,8.0,0.6633509675011897,0.6772614649128729,3.621077537536621,0.4,sign_flip,,,,,
RawTrust,9,7,2,False,0.7047690004110336,0.9967701148640382,0.270322322845459,1.0,8.0,0.8231283414912859,0.7806015148991743,4.73238468170166,0.4,sign_flip,,,,,
RawTrust,9,8,1,True,0.41548264771699905,0.1423090510394043,0.34969213604927063,1.0,8.0,0.33077064657253497,0.36787214168021365,61.7533073425293,0.4,sign_flip,,,,,
RawTrust,9,9,4,False,0.699298769235611,0.2497963072093485,0.18945974111557007,1.0,8.0,0.5202788466401934,0.5684305858844712,0.755530595779419,0.4,sign_flip,,,,,
RawTrust,10,0,0,False,0.6931405812501907,0.985208824529079,0.411190927028656,1.0,9.0,0.7931869139532747,0.8083758533220796,3.5669095516204834,0.4,sign_flip,,,,,
RawTrust,10,1,3,False,0.6719194203615189,0.6703203284949542,0.411190927028656,1.0,9.0,0.6821066284771485,0.7132322315413131,9.547937393188477,0.4,sign_flip,,,,,
RawTrust,10,3,4,True,0.39972156286239624,0.3037349335377342,0.48944634199142456,1.0,9.0,0.4102893205048123,0.4180321031142462,62.48438262939453,0.4,sign_flip,,,,,
RawTrust,10,4,0,True,0.38988304138183594,0.8809463386921431,0.32140329480171204,1.0,9.0,0.5690924933290578,0.6062977951796906,2.7353122234344482,0.4,sign_flip,,,,,
RawTrust,10,5,0,False,0.67277891933918,0.3422291341642854,0.3695511221885681,1.0,9.0,0.5714092005662709,0.46071898731260386,0.29007595777511597,0.4,sign_flip,,,,,
RawTrust,10,6,2,True,0.5269975494593382,1.0,0.21094383299350739,1.0,9.0,0.6916778432731112,0.6808655595029325,3.6953065395355225,0.4,sign_flip,,,,,
RawTrust,10,7,6,False,0.7703520357608795,0.958788447567363,0.28363466262817383,1.0,9.0,0.8543960528426151,0.7990501493850345,4.083430290222168,0.4,sign_flip,,,,,
RawTrust,10,8,0,True,0.4083331376314163,0.2987787534521413,0.48944634199142456,1.0,9.0,0.4092758066180216,0.37822305791466565,64.97222900390625,0.4,sign_flip,,,,,
RawTrust,10,9,2,False,0.7239947021007538,0.5098694910489999,0.3695511221885681,1.0,9.0,0.656882989852865,0.5905436868765697,0.7471450567245483,0.4,sign_flip,,,,,
AgriTrust-ACFL,1,0,0,False,0.882575273513794,0.9734981496455132,0.8040083646774292,1.0,7.0,0.9026706631841144,0.7504648235511233,1.3217952251434326,0.4,sign_flip,True,False,5539.931327454392,3.1933191418647766,0.5763277363137337
AgriTrust-ACFL,1,1,0,False,0.5932756066322327,0.8496459856752705,0.48758161067962646,1.0,7.0,0.6839204186395342,0.7195879289804035,1.0378786325454712,0.4,sign_flip,True,False,14555.8246274156,3.1933191418647766,0.5763277363137337
AgriTrust-ACFL,1,2,0,False,0.926164984703064,1.0,0.8040083646774292,1.0,7.0,0.9498489925429405,0.8138929549086881,1.2773276567459106,0.4,sign_flip,True,False,10011.697238331772,3.1933191418647766,0.5763277363137337
AgriTrust-ACFL,1,4,0,True,0.4427935257554054,0.6703205721607274,0.08918978273868561,1.0,7.0,0.5623148973387989,0.6612899828063471,2.1263294219970703,0.4,sign_flip,True,False,509.19328676088725,3.1933191418647766,0.5763277363137337
AgriTrust-ACFL,1,5,0,False,0.45841410756111145,0.3074294440193354,-0.12344060093164444,1.0,7.0,0.44806173164278756,0.5227853354118579,0.2842196226119995,0.4,sign_flip,False,False,0.0,3.1933191418647766,0.5763277363137337
AgriTrust-ACFL,1,8,0,True,0.9013510346412659,0.4148956376518035,0.6646533608436584,1.0,7.0,0.6981141729296946,0.5974347882839205,3.918095588684082,0.4,sign_flip,True,False,15716.119540596812,3.1933191418647766,0.5763277363137337
AgriTrust-ACFL,1,9,0,False,0.814277172088623,0.6005510339707676,0.5507420897483826,1.0,7.0,0.7360131319481344,0.7907688553631295,0.6670514941215515,0.4,sign_flip,True,False,858.7749769243586,3.1933191418647766,0.5763277363137337
AgriTrust-ACFL,2,0,0,False,0.7345269918441772,1.0,0.6099364757537842,1.0,7.0,0.822563796453544,0.7684895667767285,1.3190877437591553,0.4,sign_flip,True,False,5672.98998194581,3.297719359397888,0.5857785829889027
AgriTrust-ACFL,2,2,0,False,0.7151652425527573,0.7987433494183218,0.6099364757537842,1.0,7.0,0.7702321916003104,0.8029777640815936,0.9702616333961487,0.4,sign_flip,True,False,9877.429475967683,3.297719359397888,0.5857785829889027
AgriTrust-ACFL,2,3,1,True,0.5800292938947678,0.4145371972016538,0.570812463760376,1.0,7.0,0.5527663974873506,0.5806841547011347,4.395097732543945,0.4,sign_flip,False,False,0.0,3.297719359397888,0.5857785829889027
AgriTrust-ACFL,2,4,1,True,0.6622668504714966,0.6703205364842074,0.4151287078857422,1.0,7.0,0.7016766872388268,0.671386658914467,2.278777599334717,0.4,sign_flip,True,False,329.6331764473052,3.297719359397888,0.5857785829889027
AgriTrust-ACFL,2,6,1,True,0.5103332325816154,0.4617364664204427,0.05478063225746155,1.0,7.0,0.5389481760621206,0.6837547798849697,3.7928245067596436,0.4,sign_flip,True,False,448.18877276150266,3.297719359397888,0.5857785829889027
AgriTrust-ACFL,2,7,1,False,0.6777337789535522,0.8908833522472883,0.18796370923519135,1.0,7.0,0.7789186313722906,0.7731052449129345,1.126396656036377,0.4,sign_flip,True,False,4612.074520829359,3.297719359397888,0.5857785829889027
AgriTrust-ACFL,2,9,1,False,0.4803171046078205,0.6103870941869782,0.570812463760376,1.0,7.0,0.5532454822652576,0.7313880120886614,0.6718153357505798,0.4,sign_flip,True,False,506.4599946853282,3.297719359397888,0.5857785829889027
AgriTrust-ACFL,3,1,0,False,0.6567609012126923,1.0,0.6710257530212402,1.0,9.0,0.7594813363608491,0.7295612808255149,1.4006590843200684,0.4,sign_flip,True,False,14757.565588538515,3.501647710800171,0.5444774254084127
AgriTrust-ACFL,3,2,2,False,0.677654504776001,0.9483500564514892,0.714961588382721,1.0,9.0,0.7872653792350781,0.7990496678699647,1.2757306098937988,0.4,sign_flip,True,False,3996.217893806864,3.501647710800171,0.5444774254084127
AgriTrust-ACFL,3,3,0,True,0.69509556889534,0.3335141014502319,0.8155220746994019,1.0,9.0,0.5720498401565424,0.5785255760649866,9.692708969116211,0.4,sign_flip,True,False,15218.693803965536,3.501647710800171,0.5444774254084127
AgriTrust-ACFL,3,4,1,True,0.658862292766571,0.6703204265395761,0.35849279165267944,1.0,9.0,0.6996904174183703,0.6784625985404429,2.8337690830230713,0.4,sign_flip,True,False,333.10727654192283,3.501647710800171,0.5444774254084127
AgriTrust-ACFL,3,5,0,False,0.5689351558685303,0.41215567055364316,0.4410633444786072,1.0,9.0,0.5509665548730556,0.5298306402771573,0.2939000129699707,0.4,sign_flip,False,False,0.0,3.501647710800171,0.5444774254084127
AgriTrust-ACFL,3,6,2,True,0.6727598905563354,0.5690958952792251,0.48764634132385254,1.0,9.0,0.6680174733789112,0.6798204532584551,3.781059503555298,0.4,sign_flip,True,False,284.13341273623763,3.501647710800171,0.5444774254084127
AgriTrust-ACFL,3,7,2,False,0.5359037630259991,0.902267162585667,0.16960471868515015,1.0,9.0,0.687165909203345,0.7516204109855371,1.1685518026351929,0.4,sign_flip,True,False,2859.0631282267705,3.501647710800171,0.5444774254084127
AgriTrust-ACFL,3,8,1,True,0.7662257552146912,0.28028199319757896,0.8155220746994019,1.0,9.0,0.567581047254166,0.5899713530264818,13.166923522949219,0.4,sign_flip,True,False,9895.852723903941,3.501647710800171,0.5444774254084127
AgriTrust-ACFL,3,9,0,False,0.7744160592556,0.6790422014007726,0.6710257530212402,1.0,9.0,0.7428493831295336,0.7342533548488794,0.7082571387290955,0.4,sign_flip,True,False,797.3991433658831,3.501647710800171,0.5444774254084127
AgriTrust-ACFL,4,2,1,False,0.6762638688087463,0.6703202573322511,0.0847133919596672,1.0,7.0,0.7086382240275654,0.7764468069093649,0.7864507436752319,0.4,sign_flip,True,False,6090.03249490595,6.993840336799622,0.5564971322738118
AgriTrust-ACFL,4,3,0,True,0.8030447363853455,0.5506514753617937,0.5863146781921387,1.0,7.0,0.7198549929551951,0.6138579302875387,18.570411682128906,0.4,sign_flip,True,False,16148.146714143992,6.993840336799622,0.5564971322738118
AgriTrust-ACFL,4,4,0,True,0.592167317867279,1.0,0.37905341386795044,1.0,7.0,0.7439239998356576,0.6948279488642466,2.7975361347198486,0.4,sign_flip,True,False,535.0175206254698,6.993840336799622,0.5564971322738118
AgriTrust-ACFL,4,5,0,False,0.44788211211562157,0.49204088176015404,0.5395575761795044,1.0,7.0,0.5094044449911679,0.5247240914556599,0.2949009835720062,0.4,sign_flip,False,False,0.0,6.993840336799622,0.5564971322738118
AgriTrust-ACFL,4,6,1,True,0.6930207312107086,0.9690968686768479,0.09076037257909775,1.0,7.0,0.7965805864512191,0.7090104865566461,3.090470552444458,0.4,sign_flip,True,False,464.7434273122284,6.993840336799622,0.5564971322738118
AgriTrust-ACFL,4,7,2,False,0.39193813502788544,0.9401561589028086,0.5395575761795044,1.0,7.0,0.585723909035883,0.7101462854981235,2.3001439571380615,0.4,sign_flip,True,False,2701.301123332526,6.993840336799622,0.5564971322738118
AgriTrust-ACFL,4,8,2,True,0.7856738865375519,0.6119930264085954,0.5863146781921387,1.0,7.0,0.7273782872614577,0.6243230865852258,13.283239364624023,0.4,sign_flip,True,False,6677.273679323686,6.993840336799622,0.5564971322738118
AgriTrust-ACFL,5,0,3,False,0.45698385685682297,0.7563128345076713,0.38272732496261597,1.0,8.0,0.5826680928816309,0.7220341983029541,1.2947673797607422,0.4,sign_flip,True,False,1381.7652238407186,6.705434322357178,0.5653835509596866
AgriTrust-ACFL,5,2,0,False,0.5309233237057924,0.9826115714332484,0.38272732496261597,1.0,8.0,0.6957577048479859,0.75627453139402,2.559750556945801,0.4,sign_flip,True,False,9302.93301067784,6.705434322357178,0.5653835509596866
AgriTrust-ACFL,5,3,3,True,0.5840120613574982,0.5340387432299645,0.370716392993927,1.0,8.0,0.5986582211312036,0.6100580029984549,13.72118854522705,0.4,sign_flip,True,False,4160.3358766533875,6.705434322357178,0.5653835509596866
AgriTrust-ACFL,5,4,1,True,0.5006720749661326,0.9826115714332485,0.2901039719581604,1.0,8.0,0.6747657742783567,0.6898124052177741,2.8045969009399414,0.4,sign_flip,True,False,338.67973285667983,6.705434322357178,0.5653835509596866
AgriTrust-ACFL,5,5,1,False,0.5294506214559078,0.4285011380925355,0.18853722512722015,1.0,8.0,0.5358113727329699,0.5274959117749873,0.294913649559021,0.4,sign_flip,True,True,77.52780906062581,6.705434322357178,0.5653835509596866
AgriTrust-ACFL,5,6,4,True,0.7315671741962433,0.8835552533111153,0.5244851112365723,1.0,8.0,0.7982134951456694,0.7313112387039019,3.6985628604888916,0.4,sign_flip,True,False,124.26971287335404,6.705434322357178,0.5653835509596866
AgriTrust-ACFL,5,8,0,True,0.5636069625616074,0.4398327338745204,0.370716392993927,1.0,8.0,0.5487523236357309,0.6054303958478521,22.743494033813477,0.4,sign_flip,True,False,15926.451993173596,6.705434322357178,0.5653835509596866
AgriTrust-ACFL,5,9,2,False,0.7246915400028229,0.5941050961239076,0.5244851112365723,1.0,8.0,0.6880802352394247,0.7227100749465157,0.69057297706604,0.4,sign_flip,True,False,319.10154033864904,6.705434322357178,0.5653835509596866
AgriTrust-ACFL,6,0,0,False,0.8471976816654205,1.0,0.8754052519798279,1.0,7.0,0.8897273491870666,0.7639574860239822,2.765184164047241,0.4,sign_flip,True,False,5639.534161829037,6.912960410118103,0.5721694934957049
AgriTrust-ACFL,6,1,4,False,0.7680844068527222,0.49144856536638465,0.38453686237335205,1.0,7.0,0.6689003750299382,0.7143960543766207,1.6267948150634766,0.4,sign_flip,True,False,2388.701733933612,6.912960410118103,0.5721694934957049
AgriTrust-ACFL,6,2,0,False,0.8656206727027893,0.8450586878294665,0.8754052519798279,1.0,7.0,0.8701061169545757,0.784732427784159,3.1356089115142822,0.4,sign_flip,True,False,9652.99359417294,6.912960410118103,0.5721694934957049
AgriTrust-ACFL,6,5,1,False,0.6985158026218414,0.049977619096586066,0.28701984882354736,1.0,7.0,0.32753063529002563,0.4775045926537469,0.2951372563838959,0.4,sign_flip,False,False,0.0,6.912960410118103,0.5721694934957049
AgriTrust-ACFL,6,6,0,True,0.5160825625061989,0.6703209436762546,0.042424485087394714,1.0,7.0,0.6064423540732111,0.7000940175462292,3.7277674674987793,0.4,sign_flip,True,False,719.6966500375237,6.912960410118103,0.5721694934957049
AgriTrust-ACFL,6,7,4,False,0.7530908286571503,0.785870403485645,0.28701984882354736,1.0,7.0,0.7949405368312746,0.7313448483314112,2.3098113536834717,0.4,sign_flip,True,False,1131.0514275814369,6.912960410118103,0.5721694934957049
AgriTrust-ACFL,6,8,1,True,0.33694027364254,0.05933841608886129,0.042424485087394714,1.0,7.0,0.22672948878019025,0.5107551690809367,22.790061950683594,0.4,sign_flip,False,False,0.0,6.912960410118103,0.5721694934957049
AgriTrust-ACFL,7,0,0,False,0.7892534732818604,0.7184967252385018,0.717588484287262,1.0,8.0,0.7749288633238814,0.7667003303489569,2.105234146118164,0.4,sign_flip,True,False,5659.7818386359995,6.801813542842865,0.5413890627000681
AgriTrust-ACFL,7,1,0,False,0.8553261160850525,0.8832221604802627,0.717588484287262,1.0,8.0,0.8461289148462813,0.7473292694940358,2.992405652999878,0.4,sign_flip,True,False,15116.976463325356,6.801813542842865,0.5413890627000681
AgriTrust-ACFL,7,2,2,False,0.7407823354005814,0.9483240481914019,0.4194474220275879,1.0,8.0,0.8267854754418815,0.7952456896985896,2.6091630458831787,0.4,sign_flip,True,False,3977.1933872619547,6.801813542842865,0.5413890627000681
AgriTrust-ACFL,7,4,3,True,0.4072834402322769,0.948324048191402,0.25288718938827515,1.0,8.0,0.5959562430505472,0.6663483646759674,2.8322877883911133,0.4,sign_flip,True,False,133.01312927946222,6.801813542842865,0.5413890627000681
AgriTrust-ACFL,7,5,0,False,0.6993636935949326,0.05685107715137446,0.3556680381298065,1.0,8.0,0.3406674455104169,0.4432953058679144,0.29609188437461853,0.4,sign_flip,False,False,0.0,6.801813542842865,0.5413890627000681
AgriTrust-ACFL,7,6,1,True,0.5945672318339348,0.6253753295244578,0.14355844259262085,1.0,8.0,0.6420397153132856,0.6855804419879933,3.907982110977173,0.4,sign_flip,True,False,449.3854609332022,6.801813542842865,0.5413890627000681
AgriTrust-ACFL,7,8,1,True,0.20763084292411804,0.03750350740319034,0.25288718938827515,1.0,8.0,0.15138582369819598,0.4209128327352515,34.428009033203125,0.4,sign_flip,False,False,0.0,6.801813542842865,0.5413890627000681
AgriTrust-ACFL,7,9,3,False,0.7135894298553467,0.16488124895364034,0.3556680381298065,1.0,8.0,0.46445522152966456,0.6581463615923029,0.6745287179946899,0.4,sign_flip,True,False,185.29118527405447,6.801813542842865,0.5413890627000681
AgriTrust-ACFL,8,0,4,False,0.7103667557239532,0.749588299575265,0.4008779525756836,1.0,10.0,0.7406748679840883,0.7601939647577398,1.654226303100586,0.4,sign_flip,True,False,927.6163414236562,7.457118332386017,0.5364422567312411
AgriTrust-ACFL,8,1,1,False,0.734136313199997,0.979442546117411,0.4378855228424072,1.0,10.0,0.8024425965080121,0.7611076012475299,3.1093080043792725,0.4,sign_flip,True,False,9816.721887691758,7.457118332386017,0.5364422567312411
AgriTrust-ACFL,8,2,0,False,0.6327315717935562,0.5994349223451377,0.23092502355575562,1.0,10.0,0.6606467606081274,0.7615959574259741,1.0479243993759155,0.4,sign_flip,True,False,9368.391872296907,7.457118332386017,0.5364422567312411
AgriTrust-ACFL,8,3,0,True,0.3455899804830551,0.4368583924256387,0.935020923614502,1.0,10.0,0.42236308728048383,0.5631342740689622,16.171907424926758,0.4,sign_flip,True,False,14813.81021365812,7.457118332386017,0.5364422567312411
AgriTrust-ACFL,8,4,1,True,0.31423646211624146,0.9794425461174111,0.4204906225204468,1.0,10.0,0.5217577845920933,0.6302007196549988,2.856386661529541,0.4,sign_flip,True,False,309.41196441873274,7.457118332386017,0.5364422567312411
AgriTrust-ACFL,8,5,0,False,0.7367945611476898,0.3232424881880152,0.7233982086181641,1.0,10.0,0.5905020201558655,0.4800969844399022,0.2968696355819702,0.4,sign_flip,False,False,0.0,7.457118332386017,0.5364422567312411
AgriTrust-ACFL,8,6,3,True,0.521665109321475,0.8771656117905129,0.07833829522132874,1.0,10.0,0.6613008796842829,0.6795105514120657,3.8947808742523193,0.4,sign_flip,True,False,181.0888742485689,7.457118332386017,0.5364422567312411
AgriTrust-ACFL,8,7,1,False,0.7623508274555206,0.8734155365468013,0.7233982086181641,1.0,10.0,0.8260660471852415,0.7550251480448688,3.929009199142456,0.4,sign_flip,True,False,4504.215009271235,7.457118332386017,0.5364422567312411
AgriTrust-ACFL,8,8,0,True,0.33852337300777435,0.4634464399862884,0.935020923614502,1.0,10.0,0.421140243050886,0.4209696853141601,14.333721160888672,0.4,sign_flip,False,False,0.0,7.457118332386017,0.5364422567312411
AgriTrust-ACFL,8,9,3,False,0.7421955019235611,0.5096336117949508,0.4187871217727661,1.0,10.0,0.6658223027050084,0.6600653468704792,0.7522855997085571,0.4,sign_flip,True,False,185.83144664670186,7.457118332386017,0.5364422567312411
AgriTrust-ACFL,9,0,2,False,0.7939955592155457,0.7172263609599301,0.7239426374435425,1.0,8.0,0.7770735676673811,0.7644138654851502,2.115133285522461,0.4,sign_flip,True,False,2294.23321568213,8.633758127689362,0.5797042261294137
AgriTrust-ACFL,9,1,2,False,0.8358314335346222,0.9300951247642604,0.7204685807228088,1.0,8.0,0.8485288083800987,0.7829629030306721,3.089879035949707,0.4,sign_flip,True,False,6439.158224618871,8.633758127689362,0.5797042261294137
AgriTrust-ACFL,9,2,2,False,0.8061124384403229,0.6264822443765033,0.7239426374435425,1.0,8.0,0.7648322498531684,0.7624050305327728,1.7364581823349,0.4,sign_flip,True,False,3812.9502430870834,8.633758127689362,0.5797042261294137
AgriTrust-ACFL,9,3,2,True,0.23176810145378113,0.26472775859204795,0.8337306976318359,1.0,8.0,0.2917389944875833,0.49528545417361747,23.855575561523438,0.4,sign_flip,False,False,0.0,8.633758127689362,0.5797042261294137
AgriTrust-ACFL,9,6,0,True,0.5636181682348251,0.9300951247642604,0.09969736635684967,1.0,8.0,0.7022780394147622,0.6852024234127398,3.8171274662017822,0.4,sign_flip,True,False,704.3880912682965,8.633758127689362,0.5797042261294137
AgriTrust-ACFL,9,7,2,False,0.7453824281692505,0.9110879752716013,0.42521971464157104,1.0,8.0,0.8263041684858129,0.7728449031551048,3.933812141418457,0.4,sign_flip,True,False,2939.798246765903,8.633758127689362,0.5797042261294137
AgriTrust-ACFL,9,8,1,True,0.2975575178861618,0.37937910092712124,0.8337306976318359,1.0,8.0,0.369435943145695,0.4080862497720439,14.115309715270996,0.4,sign_flip,True,True,3422.50636889242,8.633758127689362,0.5797042261294137
AgriTrust-ACFL,9,9,4,False,0.7538182735443115,0.3502115099237456,0.42096322774887085,1.0,8.0,0.600055792904105,0.6450629583788856,0.7435683012008667,0.4,sign_flip,True,False,115.79821418031166,8.633758127689362,0.5797042261294137
AgriTrust-ACFL,10,0,0,False,0.605407789349556,0.6703204326606985,0.374601274728775,1.0,9.0,0.6559586493456498,0.737300061450275,1.5140392780303955,0.4,sign_flip,True,False,5442.74905362593,7.5729310512542725,0.5126211501513337
AgriTrust-ACFL,10,1,3,False,0.6935794353485107,1.0,0.374601274728775,1.0,9.0,0.7826111131304441,0.7828749555556151,3.029172420501709,0.4,sign_flip,True,False,4105.327367944722,7.5729310512542725,0.5126211501513337
AgriTrust-ACFL,10,3,4,True,0.39740318059921265,0.24167911260662966,0.6906522512435913,1.0,9.0,0.38187752024946875,0.4669334706925803,35.53428649902344,0.4,sign_flip,False,False,0.0,7.5729310512542725,0.5126211501513337
AgriTrust-ACFL,10,4,0,True,0.3450812101364136,0.9738467734229178,0.48746979236602783,1.0,9.0,0.5483881244227697,0.6097475708469415,2.893139362335205,0.4,sign_flip,True,False,469.50562955214497,7.5729310512542725,0.5126211501513337
AgriTrust-ACFL,10,5,0,False,0.6661679297685623,0.2620760617446002,0.6796588897705078,1.0,9.0,0.5245919018053059,0.4912207137812531,0.2971726357936859,0.4,sign_flip,True,True,113.22637452657884,7.5729310512542725,0.5126211501513337
AgriTrust-ACFL,10,6,2,True,0.5980914086103439,0.8683030848540897,0.20840144157409668,1.0,9.0,0.7107759094731433,0.6915957949278407,3.869492292404175,0.4,sign_flip,True,False,289.0549592984529,7.5729310512542725,0.5126211501513337
AgriTrust-ACFL,10,7,6,False,0.7653022706508636,0.9760347872436225,0.2816867232322693,1.0,9.0,0.8558764105066567,0.7936027799929928,3.159284830093384,0.4,sign_flip,True,False,498.9974111699178,7.5729310512542725,0.5126211501513337
AgriTrust-ACFL,10,8,0,True,0.3630124628543854,0.34013360836111795,0.6906522512435913,1.0,9.0,0.3988456171019961,0.40577609160453193,19.648868560791016,0.4,sign_flip,False,False,0.0,7.5729310512542725,0.5126211501513337
AgriTrust-ACFL,10,9,2,False,0.7157266736030579,0.4411250595139339,0.6796588897705078,1.0,9.0,0.6249932472670225,0.6400455306009198,0.7329503893852234,0.4,sign_flip,True,False,282.6022796440692,7.5729310512542725,0.5126211501513337
RawTrust,1,0,0,False,0.8055307865142822,1.0,0.9046610593795776,1.0,7.0,0.8653872693838295,0.8012878038998578,2.00687837600708,0.4,model_replace,,,,,
RawTrust,1,1,0,False,0.8446044325828552,0.864014603128318,0.7128186225891113,1.0,7.0,0.8347544965352612,0.8281975828250083,1.5805162191390991,0.4,model_replace,,,,,
RawTrust,1,2,0,False,0.8432656526565552,0.9524195663202039,0.9046610593795776,1.0,7.0,0.889006402207086,0.8135480445214788,2.1732754707336426,0.4,model_replace,,,,,
RawTrust,1,4,0,True,0.8934335708618164,0.6703204562780577,0.7556198835372925,1.0,7.0,0.8272811322317347,0.5877736364267578,3.858058214187622,0.4,model_replace,,,,,
RawTrust,1,5,0,False,0.6556451767683029,0.29498916189690877,0.1358092874288559,1.0,7.0,0.5388055071479868,0.4077141889953766,0.27302640676498413,0.4,model_replace,,,,,
RawTrust,1,8,0,True,0.20931434631347656,0.3109188531952127,-0.12136933207511902,1.0,7.0,0.28680497495382395,0.4575007644141289,13.53680419921875,0.4,model_replace,,,,,
RawTrust,1,9,0,False,0.9208666682243347,0.5526044857864535,0.7556198835372925,1.0,7.0,0.7681187752345904,0.708470644110953,0.7614408135414124,0.4,model_replace,,,,,
RawTrust,2,0,0,False,0.8941744565963745,0.8897094556548331,0.9176180958747864,1.0,7.0,0.8849567124807888,0.8222050310450906,3.348191738128662,0.4,model_replace,,,,,
RawTrust,2,2,0,False,0.922633707523346,0.9282912235633775,0.9176180958747864,1.0,7.0,0.9269309159477627,0.8418937623780497,4.181646347045898,0.4,model_replace,,,,,
RawTrust,2,3,1,True,0.2183632254600525,0.3506088711052306,-0.21698933839797974,1.0,7.0,0.30716428519926336,0.49330221874002633,12.965096473693848,0.4,model_replace,,,,,
RawTrust,2,4,1,True,0.790477842092514,1.0,0.7561544179916382,1.0,7.0,0.872014017241466,0.6588337316304349,3.835231065750122,0.4,model_replace,,,,,
RawTrust,2,6,1,True,0.719408705830574,0.6703206228287744,0.287360817193985,1.0,7.0,0.7279985924471952,0.6165960250171776,6.10488224029541,0.4,model_replace,,,,,
RawTrust,2,7,1,False,0.7611940503120422,0.46657931049222423,0.41919100284576416,1.0,7.0,0.6838540470348381,0.7876643682214318,1.5813688039779663,0.4,model_replace,,,,,
RawTrust,2,9,1,False,0.8281951546669006,0.24719829184040093,0.7561544179916382,1.0,7.0,0.5692230278619148,0.6736587400486933,0.7558212876319885,0.4,model_replace,,,,,
RawTrust,3,1,0,False,0.8551509976387024,0.9955359309999949,0.792114794254303,1.0,9.0,0.8769679500516808,0.8403901746316765,4.336692810058594,0.4,model_replace,,,,,
RawTrust,3,2,2,False,0.8073190450668335,0.736414197387189,0.4235590994358063,1.0,9.0,0.8035029476524309,0.832296058696645,2.1761720180511475,0.4,model_replace,,,,,
RawTrust,3,3,0,True,0.5656375288963318,0.6384282034494221,0.15400046110153198,1.0,9.0,0.6205899818248242,0.5251241595112257,11.634014129638672,0.4,model_replace,,,,,
RawTrust,3,4,1,True,0.8139905035495758,1.0,0.4702874720096588,1.0,9.0,0.8861857591185928,0.7156717385024743,4.293808937072754,0.4,model_replace,,,,,
RawTrust,3,5,0,False,0.8090769946575165,0.29696938163782527,0.5271999835968018,1.0,9.0,0.6060804151420482,0.4573057455320445,0.28948432207107544,0.4,model_replace,,,,,
RawTrust,3,6,2,True,0.7419169545173645,0.8502311021394248,0.3600400984287262,1.0,9.0,0.7951803607660326,0.6612421089543914,6.156810760498047,0.4,model_replace,,,,,
RawTrust,3,7,2,False,0.7091363370418549,0.6423316177603388,0.4235590994358063,1.0,9.0,0.723923147392615,0.7717290630142276,1.6063342094421387,0.4,model_replace,,,,,
RawTrust,3,8,1,True,0.5257347617298365,0.6703203478173012,0.15400046110153198,1.0,9.0,0.5993210309572409,0.4929558310499069,10.440128326416016,0.4,model_replace,,,,,
RawTrust,3,9,0,False,0.8676556348800659,0.4695850967938868,0.792114794254303,1.0,9.0,0.7079477429624483,0.6822309907771321,0.8010350465774536,0.4,model_replace,,,,,
RawTrust,4,2,1,False,0.8153657615184784,1.0,0.5352351665496826,1.0,7.0,0.8855637458584017,0.8456129804870841,4.4846577644348145,0.4,model_replace,,,,,
RawTrust,4,3,0,True,0.5033642540220171,0.4130248211034309,0.18270106613636017,1.0,7.0,0.5107439982653572,0.5215291191997586,13.611857414245605,0.4,model_replace,,,,,
RawTrust,4,4,0,True,0.8239734172821045,0.9688626383481139,0.501702070236206,1.0,7.0,0.8837207527386953,0.7576839920615296,4.310025691986084,0.4,model_replace,,,,,
RawTrust,4,5,0,False,0.8374285697937012,0.11211562672577288,0.501702070236206,1.0,7.0,0.46115131257679154,0.4582671372932313,0.2873895466327667,0.4,model_replace,,,,,
RawTrust,4,6,1,True,0.7548145651817322,0.7769109739978457,0.3326050341129303,1.0,7.0,0.7813266948297901,0.6912632554232411,6.157173156738281,0.4,model_replace,,,,,
RawTrust,4,7,2,False,0.8519234359264374,0.6703205798916062,0.5352351665496826,1.0,7.0,0.8110887796438567,0.7815689921716349,2.713977098464966,0.4,model_replace,,,,,
RawTrust,4,8,2,True,0.5319327265024185,0.55625347490271,0.18270106613636017,1.0,7.0,0.570369281412139,0.5123091936404649,9.366341590881348,0.4,model_replace,,,,,
RawTrust,5,0,3,False,0.8282791972160339,0.8133062900598902,0.5702700614929199,1.0,8.0,0.8259215106262703,0.8231341509403856,3.349215507507324,0.4,model_replace,,,,,
RawTrust,5,2,0,False,0.8368977904319763,0.9767395426860414,0.5702700614929199,1.0,8.0,0.8920299424708498,0.8572172209830256,4.67526912689209,0.4,model_replace,,,,,
RawTrust,5,3,3,True,0.5216306261718273,0.5524727765580606,-0.009901277720928192,1.0,8.0,0.5683529023732937,0.5332350649931424,10.676165580749512,0.4,model_replace,,,,,
RawTrust,5,4,1,True,0.8366548120975494,0.9767395426860414,0.5193227529525757,1.0,8.0,0.8933429903678051,0.7915987416380985,4.367000102996826,0.4,model_replace,,,,,
RawTrust,5,5,1,False,0.7728010714054108,0.14893407468566705,0.49553999304771423,1.0,8.0,0.4804606163996473,0.4638155070698353,0.2861348092556,0.4,model_replace,,,,,
RawTrust,5,6,4,True,0.7111686170101166,0.8251070056613675,0.291904091835022,1.0,8.0,0.7699227271587366,0.710928123357115,5.970089912414551,0.4,model_replace,,,,,
RawTrust,5,8,0,True,0.6121179834008217,0.4721822075142253,0.1441296637058258,1.0,8.0,0.5866044151264391,0.5308829990119585,13.404375076293945,0.4,model_replace,,,,,
RawTrust,5,9,2,False,0.8723190426826477,0.2959338419381174,0.543664813041687,1.0,8.0,0.6181952709907853,0.6662220608305455,0.7739211320877075,0.4,model_replace,,,,,
RawTrust,6,0,0,False,0.8769052922725677,0.7258040880439295,0.9123117923736572,1.0,7.0,0.8236356312472035,0.8232595210170901,2.8409082889556885,0.4,model_replace,,,,,
RawTrust,6,1,4,False,0.8118686676025391,1.0,0.5223833918571472,1.0,7.0,0.8534150077514283,0.8436463829116145,3.2233517169952393,0.4,model_replace,,,,,
RawTrust,6,2,0,False,0.9003328084945679,0.914849859421835,0.9123117923736572,1.0,7.0,0.9105475063996354,0.870549792337178,3.338409185409546,0.4,model_replace,,,,,
RawTrust,6,5,1,False,0.7776078283786774,0.0022231118055308476,0.3326376974582672,1.0,7.0,0.13656174697123333,0.3820020670451848,0.2902393937110901,0.4,model_replace,,,,,
RawTrust,6,6,0,True,0.773603767156601,0.18460471923424693,0.4819659888744354,1.0,7.0,0.5145969322536209,0.6618453255812415,6.273043632507324,0.4,model_replace,,,,,
RawTrust,6,7,4,False,0.8105603456497192,0.6703217469442525,0.5223833918571472,1.0,7.0,0.789187601412278,0.7834736444817957,2.7532565593719482,0.4,model_replace,,,,,
RawTrust,6,8,1,True,0.5906875133514404,0.03889574343662134,0.2333088219165802,1.0,7.0,0.27200101416581063,0.4661625028004215,11.588342666625977,0.4,model_replace,,,,,
RawTrust,7,0,0,False,0.8229655921459198,0.7406292838013515,0.6359736919403076,1.0,8.0,0.8002128294917084,0.8174978481357447,2.1861910820007324,0.4,model_replace,,,,,
RawTrust,7,1,0,False,0.8096713423728943,0.7999706721050583,0.492448091506958,1.0,8.0,0.7969574566460358,0.8319741513452199,2.4231560230255127,0.4,model_replace,,,,,
RawTrust,7,2,2,False,0.8262065649032593,0.7648310687722413,0.6359736919403076,1.0,8.0,0.8230844159156244,0.8586834482317895,4.669381141662598,0.4,model_replace,,,,,
RawTrust,7,4,3,True,0.8529375493526459,0.7999706721050585,0.8119627237319946,1.0,8.0,0.850375675701619,0.8062929751539787,4.397558212280273,0.4,model_replace,,,,,
RawTrust,7,5,0,False,0.6703456342220306,0.16329967189062433,0.2755545675754547,1.0,8.0,0.45675388991584986,0.40069002276285104,0.290387362241745,0.4,model_replace,,,,,
RawTrust,7,6,1,True,0.7588599324226379,0.606686296367792,0.3505045473575592,1.0,8.0,0.7275909432484671,0.6782817299980479,6.361826419830322,0.4,model_replace,,,,,
RawTrust,7,8,1,True,0.5946881249547005,0.32939302427901307,0.2755545675754547,1.0,8.0,0.518234750409702,0.4791805647027416,14.379448890686035,0.4,model_replace,,,,,
RawTrust,7,9,3,False,0.8820785880088806,0.3421691971119,0.8119627237319946,1.0,8.0,0.6496764460183475,0.662085657127496,0.7796808481216431,0.4,model_replace,,,,,
RawTrust,8,0,4,False,0.7995381951332092,0.9508657806665863,0.4769620895385742,1.0,10.0,0.8489119698435117,0.8253513785626865,3.068112373352051,0.4,model_replace,,,,,
RawTrust,8,1,1,False,0.7705723643302917,0.9080461737637531,0.7022424936294556,1.0,10.0,0.8056063158585463,0.8253821924735516,2.442387580871582,0.4,model_replace,,,,,
RawTrust,8,2,0,False,0.7341970205307007,0.9508657806665863,0.4620540738105774,1.0,10.0,0.8233958523124925,0.8498615492519652,2.6235997676849365,0.4,model_replace,,,,,
RawTrust,8,3,0,True,0.4251021146774292,0.3341477053567792,0.7878279685974121,1.0,10.0,0.436745021505056,0.5091125541211209,15.57177734375,0.4,model_replace,,,,,
RawTrust,8,4,1,True,0.767702579498291,0.7532460340790478,0.7022424936294556,1.0,10.0,0.7881726067700345,0.8017628830579926,4.405905246734619,0.4,model_replace,,,,,
RawTrust,8,5,0,False,0.6684722155332565,0.2289084937200201,0.24408401548862457,1.0,10.0,0.5046807617655708,0.4266877075135309,0.2872527539730072,0.4,model_replace,,,,,
RawTrust,8,6,3,True,0.7308530211448669,0.5965242727422767,0.5704660415649414,1.0,10.0,0.7090944691419692,0.6859849147840282,6.329877853393555,0.4,model_replace,,,,,
RawTrust,8,7,1,False,0.7598552703857422,0.8449907323368812,0.5433443188667297,1.0,10.0,0.8164336275854764,0.7917136402577158,2.1840646266937256,0.4,model_replace,,,,,
RawTrust,8,8,0,True,0.4347526952624321,0.37447803428878795,0.7878279685974121,1.0,10.0,0.4533298074465217,0.47271787538868665,13.045778274536133,0.4,model_replace,,,,,
RawTrust,8,9,3,False,0.8358933925628662,0.4419907299716902,0.5704660415649414,1.0,10.0,0.6810873021019501,0.6668360683711095,0.7982043027877808,0.4,model_replace,,,,,
RawTrust,9,0,2,False,0.8687179982662201,0.917804827348298,0.888697624206543,1.0,8.0,0.8791718522408769,0.8388064969822341,2.196908950805664,0.4,model_replace,,,,,
RawTrust,9,1,2,False,0.7914215326309204,0.9790008515133324,0.500722348690033,1.0,8.0,0.8361849398064307,0.8280828793067714,2.387568712234497,0.4,model_replace,,,,,
RawTrust,9,2,2,False,0.891985297203064,0.9790008515133325,0.888697624206543,1.0,8.0,0.9245015066867759,0.8685215386106678,2.52187442779541,0.4,model_replace,,,,,
RawTrust,9,3,2,True,0.47820048220455647,0.23376450519900652,0.12436696141958237,1.0,8.0,0.41859515579184964,0.48648320453880306,15.98456859588623,0.4,model_replace,,,,,
RawTrust,9,6,0,True,0.697827160358429,0.48956994746335686,0.22860898077487946,1.0,8.0,0.6515007039876672,0.6773638620849379,6.162756443023682,0.4,model_replace,,,,,
RawTrust,9,7,2,False,0.8379576206207275,0.9234323632944125,0.5202316641807556,1.0,8.0,0.8848241632253231,0.8149912709996177,2.214292287826538,0.4,model_replace,,,,,
RawTrust,9,8,1,True,0.36561451852321625,0.2868704228595513,0.07243968546390533,1.0,8.0,0.3804711542391066,0.4496561951012916,12.276342391967773,0.4,model_replace,,,,,
RawTrust,9,9,4,False,0.7826378643512726,0.42359248592497034,0.444116473197937,1.0,8.0,0.6485430196107339,0.6622628061810156,0.8106769323348999,0.4,model_replace,,,,,
RawTrust,10,0,0,False,0.8066503405570984,1.0,0.46023449301719666,1.0,9.0,0.8660485721987614,0.8456170157863659,3.313021659851074,0.4,model_replace,,,,,
RawTrust,10,1,3,False,0.7685610353946686,0.8087790712505543,0.4098578095436096,1.0,9.0,0.7769895309135537,0.8153095422084669,2.3949053287506104,0.4,model_replace,,,,,
RawTrust,10,3,4,True,0.5437141805887222,0.3780518254268481,0.1162533313035965,1.0,9.0,0.518912804163204,0.4945906044449033,14.661697387695312,0.4,model_replace,,,,,
RawTrust,10,4,0,True,0.870440661907196,0.833698858769482,0.48780685663223267,1.0,9.0,0.8706496636496344,0.8189845782059031,4.375300884246826,0.4,model_replace,,,,,
RawTrust,10,5,0,False,0.8158282041549683,0.20377360090449018,0.48780685663223267,1.0,9.0,0.5438085087794521,0.4559679078300112,0.2909729480743408,0.4,model_replace,,,,,
RawTrust,10,6,2,True,0.7127013206481934,0.6703204844155832,0.37633469700813293,1.0,9.0,0.7242575708420614,0.6890872892742188,6.107354640960693,0.4,model_replace,,,,,
RawTrust,10,7,6,False,0.8131657838821411,0.8187761973444982,0.46023449301719666,1.0,9.0,0.8394819875965536,0.8211139501488517,2.4403183460235596,0.4,model_replace,,,,,
RawTrust,10,8,0,True,0.4898567646741867,0.4025599073522646,0.03706800192594528,1.0,9.0,0.49469814496335496,0.46091668256680746,13.319013595581055,0.4,model_replace,,,,,
RawTrust,10,9,2,False,0.8096343874931335,0.38707441456721425,0.4557691216468811,1.0,9.0,0.6431216121350475,0.6574775076695236,0.7761164903640747,0.4,model_replace,,,,,
AgriTrust-ACFL,1,0,0,False,0.7118769139051437,0.9791504770902116,0.8040083646774292,1.0,7.0,0.8034204004606375,0.7256522578702541,1.3217952251434326,0.4,model_replace,True,False,5356.764967598216,3.1933191418647766,0.5811847396076907
AgriTrust-ACFL,1,1,0,False,0.7289343178272247,0.8800157283742801,0.48758161067962646,1.0,7.0,0.7740496970309272,0.7421202485782517,1.0378786325454712,0.4,model_replace,True,False,15011.608388240875,3.1933191418647766,0.5811847396076907
AgriTrust-ACFL,1,2,0,False,0.780993789434433,1.0,0.8040083646774292,1.0,7.0,0.864832772885196,0.792638899994252,1.2773276567459106,0.4,model_replace,True,False,9750.251108829294,3.1933191418647766,0.5811847396076907
AgriTrust-ACFL,1,4,0,True,0.8083064556121826,0.5470768994767701,0.42103689908981323,1.0,7.0,0.7366572540269237,0.7048755719783782,3.4021267890930176,0.4,model_replace,True,False,542.7541904233512,3.1933191418647766,0.5811847396076907
AgriTrust-ACFL,1,5,0,False,0.6157387048006058,0.3964236820601517,0.35624098777770996,1.0,7.0,0.5687720623683012,0.5529629180932363,0.2842196226119995,0.4,model_replace,False,False,0.0,3.1933191418647766,0.5811847396076907
AgriTrust-ACFL,1,8,0,True,0.26630017161369324,0.3755020489895351,0.1644008606672287,1.0,7.0,0.3464903186465315,0.5095288247131298,6.268950462341309,0.4,model_replace,False,False,0.0,3.1933191418647766,0.5811847396076907
AgriTrust-ACFL,1,9,0,False,0.8390293121337891,0.6703204587568278,0.48758161067962646,1.0,7.0,0.7733178064226366,0.800095023981755,0.6670514941215515,0.4,model_replace,True,False,868.903196044186,3.1933191418647766,0.5811847396076907
AgriTrust-ACFL,2,0,0,False,0.7978398203849792,0.9787372980455742,0.5244743227958679,1.0,7.0,0.8553006546141745,0.7580643570562342,1.0955497026443481,0.4,model_replace,True,False,5596.031083789121,2.8159916400909424,0.601123412423787
AgriTrust-ACFL,2,2,0,False,0.831871747970581,0.8085638660882598,0.5244743227958679,1.0,7.0,0.8400812172226962,0.8044994793013631,0.8559710383415222,0.4,model_replace,True,False,9896.148094886068,2.8159916400909424,0.601123412423787
AgriTrust-ACFL,2,3,1,True,0.4528481103479862,0.24230556068037334,0.0342048816382885,1.0,7.0,0.41063696784324866,0.5451517972901092,7.032155990600586,0.4,model_replace,False,False,0.0,2.8159916400909424,0.601123412423787
AgriTrust-ACFL,2,4,1,True,0.5585965886712074,0.40286493308384436,0.33889147639274597,1.0,7.0,0.54844871607455,0.6657688580024211,3.6460437774658203,0.4,model_replace,True,False,326.8749840782754,2.8159916400909424,0.601123412423787
AgriTrust-ACFL,2,6,1,True,0.7467480003833771,0.2715837203784258,0.4861103892326355,1.0,7.0,0.566664484116648,0.6906838568986015,6.0685200691223145,0.4,model_replace,True,False,452.7306562180718,2.8159916400909424,0.601123412423787
AgriTrust-ACFL,2,7,1,False,0.7883008718490601,1.0,0.3023778200149536,1.0,7.0,0.8762820595586149,0.7974461019595156,1.126396656036377,0.4,model_replace,True,False,4757.283530001621,2.8159916400909424,0.601123412423787
AgriTrust-ACFL,2,9,1,False,0.5319887325167656,0.6703205648629069,0.33889147639274597,1.0,7.0,0.6019036075334119,0.7505471698696693,0.6718153357505798,0.4,model_replace,True,False,519.7270250270401,2.8159916400909424,0.601123412423787
AgriTrust-ACFL,3,1,0,False,0.6339614987373352,1.0,0.6806092858314514,1.0,9.0,0.7448651959625112,0.7428064854243166,1.3488680124282837,0.4,model_replace,True,False,15025.489587163076,3.3721700310707092,0.5585728632107542
AgriTrust-ACFL,3,2,2,False,0.3161773383617401,0.9816088693038733,0.3118835985660553,1.0,9.0,0.5230213512270636,0.7341299472827882,1.2757306098937988,0.4,model_replace,True,False,3671.5405182902823,3.3721700310707092,0.5585728632107542
AgriTrust-ACFL,3,3,0,True,0.7982860207557678,0.4640767266702115,0.8895326852798462,1.0,9.0,0.6816151696479522,0.57926764037957,13.5291748046875,0.4,model_replace,True,False,15238.21454782497,3.3721700310707092,0.5585728632107542
AgriTrust-ACFL,3,4,1,True,0.8260735869407654,0.6703202692366496,0.5450587272644043,1.0,9.0,0.7923720376337824,0.6974196529102614,4.484154224395752,0.4,model_replace,True,False,342.4146912261989,3.3721700310707092,0.5585728632107542
AgriTrust-ACFL,3,5,0,False,0.8250942826271057,0.602139649571727,0.5450587272644043,1.0,9.0,0.7573706385309646,0.6040648482026684,0.29400405287742615,0.4,model_replace,True,False,278.4738950214301,3.3721700310707092,0.5585728632107542
AgriTrust-ACFL,3,6,2,True,0.3951118513941765,0.6067053411493225,0.3118835985660553,1.0,9.0,0.5081577025896696,0.6450523183213686,6.049692153930664,0.4,model_replace,True,False,269.6019452188979,3.3721700310707092,0.5585728632107542
AgriTrust-ACFL,3,7,2,False,0.6679831296205521,0.953341273837212,0.36064085364341736,1.0,9.0,0.7886037847540933,0.7952355226581601,1.1685518026351929,0.4,model_replace,True,False,3024.9691571133235,3.3721700310707092,0.5585728632107542
AgriTrust-ACFL,3,8,1,True,0.7689869999885559,0.4874119054144855,0.8895326852798462,1.0,9.0,0.6713939204698919,0.5499950986523203,11.675724029541016,0.4,model_replace,False,False,0.0,3.3721700310707092,0.5585728632107542
AgriTrust-ACFL,3,9,0,False,0.6198478788137436,0.8098457526042537,0.6806092858314514,1.0,9.0,0.6929044537179905,0.7361364908317496,0.7159489989280701,0.4,model_replace,True,False,799.4442290432801,3.3721700310707092,0.5585728632107542
AgriTrust-ACFL,4,2,1,False,0.6632747054100037,0.4792577659767906,0.17038464546203613,1.0,7.0,0.6339837215083017,0.7090933908391666,0.7705248594284058,0.4,model_replace,True,False,5561.748407882447,8.70952308177948,0.5485344052212331
AgriTrust-ACFL,4,3,0,True,0.6396134197711945,1.0,0.44170594215393066,1.0,7.0,0.7596784103330542,0.6243703328679411,3.483809232711792,0.4,model_replace,True,False,16424.685976424058,8.70952308177948,0.5485344052212331
AgriTrust-ACFL,4,4,0,True,0.5139571335166693,0.9128146049239879,0.6024379134178162,1.0,7.0,0.6695895986951564,0.6904621393564851,4.2007222175598145,0.4,model_replace,True,False,531.6558473044936,8.70952308177948,0.5485344052212331
AgriTrust-ACFL,4,5,0,False,0.587268128991127,0.2926206002238111,0.6024379134178162,1.0,7.0,0.5059106663832422,0.5795263027478119,0.2800615429878235,0.4,model_replace,True,False,267.1616255667413,8.70952308177948,0.5485344052212331
AgriTrust-ACFL,4,6,1,True,0.7528209090232849,0.8601699576876192,0.3663177192211151,1.0,7.0,0.804386618991341,0.6848858934888616,4.745102405548096,0.4,model_replace,True,False,448.9301970745692,8.70952308177948,0.5485344052212331
AgriTrust-ACFL,4,7,2,False,0.6830899566411972,0.6703203728042938,0.3663177192211151,1.0,7.0,0.7183083041698933,0.7760037180360934,1.533546805381775,0.4,model_replace,True,False,2951.813954459746,8.70952308177948,0.5485344052212331
AgriTrust-ACFL,4,8,2,True,0.636089026927948,0.5521693726037354,0.44170594215393066,1.0,7.0,0.627927721822461,0.5694782544448556,11.780316352844238,0.4,model_replace,True,False,6090.696053144827,8.70952308177948,0.5485344052212331
AgriTrust-ACFL,5,0,3,False,0.5696981847286224,0.4598568219315104,0.45571115612983704,1.0,8.0,0.5665741721541451,0.7101918108307119,1.0921705961227417,0.4,model_replace,True,False,1359.1023095149826,10.656894445419312,0.551309087065728
AgriTrust-ACFL,5,2,0,False,0.7901670932769775,0.9315325697960642,0.29554516077041626,1.0,8.0,0.8520808395318805,0.744840253012345,4.82704496383667,0.4,model_replace,True,False,9162.279952304856,10.656894445419312,0.551309087065728
AgriTrust-ACFL,5,3,3,True,0.29666227102279663,0.5417983152466779,0.05735563859343529,1.0,8.0,0.41425779736362045,0.571842198991861,12.481033325195312,0.4,model_replace,True,False,3899.720361927995,10.656894445419312,0.551309087065728
AgriTrust-ACFL,5,4,1,True,0.775311678647995,0.9979388835507537,0.6116858720779419,1.0,8.0,0.8622382669344245,0.73340617125097,4.247340679168701,0.4,model_replace,True,False,360.08312444932346,10.656894445419312,0.551309087065728
AgriTrust-ACFL,5,5,1,False,0.8007906079292297,0.2117808283787633,0.6116858720779419,1.0,8.0,0.5445324379833565,0.570777836556698,0.2805546224117279,0.4,model_replace,True,False,167.77819179565844,10.656894445419312,0.551309087065728
AgriTrust-ACFL,5,6,4,True,0.6902776509523392,0.8293297785076637,0.45571115612983704,1.0,8.0,0.7585608264863385,0.7033046267382309,5.917698860168457,0.4,model_replace,True,False,119.51062612159343,10.656894445419312,0.551309087065728
AgriTrust-ACFL,5,8,0,True,0.6097765117883682,0.9979388835507538,0.11899003386497498,1.0,8.0,0.7327033537297617,0.6102845292660821,4.278174877166748,0.4,model_replace,True,False,16054.144826873557,10.656894445419312,0.551309087065728
AgriTrust-ACFL,5,9,2,False,0.5072623048909009,0.3565169421160132,0.2225785255432129,1.0,8.0,0.4851743372634503,0.6733959524396748,0.6990653872489929,0.4,model_replace,True,False,297.32764649394744,10.656894445419312,0.551309087065728
AgriTrust-ACFL,6,0,0,False,0.8747009634971619,1.0,0.9147255420684814,1.0,7.0,0.9054992728922455,0.7590186763460953,2.8997368812561035,0.4,model_replace,True,False,5603.075868786876,7.249342203140259,0.5697663173423019
AgriTrust-ACFL,6,1,4,False,0.4586332403123379,0.47719752535125987,-0.0424538180232048,1.0,7.0,0.4992965802127661,0.681929009121429,0.9207617044448853,0.4,model_replace,True,False,2280.142781484678,7.249342203140259,0.5697663173423019
AgriTrust-ACFL,6,2,0,False,0.8774991631507874,0.8757706878358963,0.9147255420684814,1.0,7.0,0.8860919320487006,0.7801531727714339,3.561952829360962,0.4,model_replace,True,False,9596.664178261408,7.249342203140259,0.5697663173423019
AgriTrust-ACFL,6,5,1,False,0.7880241572856903,0.2255851645736404,0.3102100193500519,1.0,7.0,0.5500627451249792,0.5655990636987683,0.28813791275024414,0.4,model_replace,False,False,0.0,7.249342203140259,0.5697663173423019
AgriTrust-ACFL,6,6,0,True,0.7686946988105774,0.6147435199200543,0.41293463110923767,1.0,7.0,0.7356681625412688,0.7113955106889904,6.16609525680542,0.4,model_replace,True,False,731.3145849882821,7.249342203140259,0.5697663173423019
AgriTrust-ACFL,6,7,4,False,0.5815435722470284,0.670320478332336,0.020966384559869766,1.0,7.0,0.6574584411075771,0.7463673988039643,1.559523105621338,0.4,model_replace,True,False,1154.2843486810543,7.249342203140259,0.5697663173423019
AgriTrust-ACFL,6,8,1,True,0.6110221818089485,0.7366433306589452,0.3102100193500519,1.0,7.0,0.6696712140623147,0.6251312004651403,4.657896041870117,0.4,model_replace,True,False,10485.604531789226,7.249342203140259,0.5697663173423019
AgriTrust-ACFL,7,0,0,False,0.8229993581771851,0.6618656398738468,0.6012786030769348,1.0,8.0,0.7736882423959948,0.7626860678585702,2.016204357147217,0.4,model_replace,True,False,5630.148552931965,9.138500392436981,0.5771761558171974
AgriTrust-ACFL,7,1,0,False,0.8116071224212646,0.8935659733807269,0.4299640953540802,1.0,8.0,0.8249379828595125,0.7176812525559497,3.0796825885772705,0.4,model_replace,True,False,14517.256376701751,9.138500392436981,0.5771761558171974
AgriTrust-ACFL,7,2,2,False,0.8024424016475677,0.8199258063801849,0.6012786030769348,1.0,8.0,0.8270579952381072,0.7918793783881022,4.777159690856934,0.4,model_replace,True,False,3960.3577460796555,9.138500392436981,0.5771761558171974
AgriTrust-ACFL,7,4,3,True,0.7904528081417084,0.8935659733807269,0.804114818572998,1.0,8.0,0.843051078184447,0.7608173979843392,4.2311177253723145,0.4,model_replace,True,False,151.87056542918958,9.138500392436981,0.5771761558171974
AgriTrust-ACFL,7,5,0,False,0.7072978913784027,0.16789999112820198,0.3030221462249756,1.0,8.0,0.4743717643197105,0.5427922388540039,0.29093852639198303,0.4,model_replace,False,False,0.0,9.138500392436981,0.5771761558171974
AgriTrust-ACFL,7,6,1,True,0.7730627357959747,0.6788834074634462,0.37980490922927856,1.0,8.0,0.7602664070179396,0.7236132347712277,6.235431671142578,0.4,model_replace,True,False,474.31526211876474,9.138500392436981,0.5771761558171974
AgriTrust-ACFL,7,8,1,True,0.626309722661972,0.6502413034724175,0.3030221462249756,1.0,8.0,0.6538972574139738,0.6323227147023487,6.626539707183838,0.4,model_replace,True,False,10606.231008631194,9.138500392436981,0.5771761558171974
AgriTrust-ACFL,7,9,3,False,0.8060149252414703,0.3300498171661483,0.804114818572998,1.0,8.0,0.6115872030872264,0.6579437651015626,0.7551894783973694,0.4,model_replace,True,False,185.23414728662138,9.138500392436981,0.5771761558171974
AgriTrust-ACFL,8,0,4,False,0.7289119511842728,0.9144293914458825,0.502001166343689,1.0,10.0,0.7974099771469111,0.7713670451806554,2.3246397972106934,0.4,model_replace,True,False,941.2501407759571,6.759683787822723,0.584740692784995
AgriTrust-ACFL,8,1,1,False,0.7755966484546661,0.9144293914458825,0.5967572927474976,1.0,10.0,0.8101919194079393,0.7408089192689471,3.0831072330474854,0.4,model_replace,True,False,9554.910659760477,6.759683787822723,0.584740692784995
AgriTrust-ACFL,8,2,0,False,0.7742345929145813,0.8461843792467129,0.502001166343689,1.0,10.0,0.8186445696167901,0.7985706761952742,2.056792736053467,0.4,model_replace,True,False,9823.217887878069,6.759683787822723,0.584740692784995
AgriTrust-ACFL,8,3,0,True,0.41210946440696716,0.5646953784023323,0.8633251190185547,1.0,10.0,0.502546573212324,0.5545182925469767,6.5975470542907715,0.4,model_replace,False,False,0.0,6.759683787822723,0.584740692784995
AgriTrust-ACFL,8,4,1,True,0.791612833738327,0.7225303939841708,0.6160394549369812,1.0,10.0,0.7916314170408099,0.768520902748457,4.471351623535156,0.4,model_replace,True,False,377.3235332806903,6.759683787822723,0.584740692784995
AgriTrust-ACFL,8,5,0,False,0.6251958310604095,0.24321980764667891,0.19739454984664917,1.0,10.0,0.49537131158345354,0.5309370070363663,0.287473201751709,0.4,model_replace,False,False,0.0,6.759683787822723,0.584740692784995
AgriTrust-ACFL,8,6,3,True,0.7329190671443939,0.5866853672935483,0.560050368309021,1.0,10.0,0.7066616520635413,0.7193753390943062,6.2115068435668945,0.4,model_replace,True,False,191.7127998204875,6.759683787822723,0.584740692784995
AgriTrust-ACFL,8,7,1,False,0.7692049741744995,0.8833048027630378,0.6160394549369812,1.0,10.0,0.8329513574155132,0.7680133884568515,2.200993537902832,0.4,model_replace,True,False,4581.698292522351,6.759683787822723,0.584740692784995
AgriTrust-ACFL,8,8,0,True,0.386194571852684,0.6218832276732007,0.8633251190185547,1.0,10.0,0.4945488082843647,0.5978792380978527,5.665789604187012,0.4,model_replace,True,False,15727.811237402113,6.759683787822723,0.584740692784995
AgriTrust-ACFL,8,9,3,False,0.8176289796829224,0.4590465194201355,0.560050368309021,1.0,10.0,0.6805480689199143,0.6635948410561505,0.7833976745605469,0.4,model_replace,True,False,186.82512252071064,6.759683787822723,0.584740692784995
AgriTrust-ACFL,9,0,2,False,0.875187873840332,0.8056461118421395,0.8952823281288147,1.0,8.0,0.8489152361456613,0.7907540929219068,2.039738893508911,0.4,model_replace,True,False,2373.288067278359,6.790705919265747,0.5908312634400856
AgriTrust-ACFL,9,1,2,False,0.8069525957107544,0.8976477606654347,0.520973801612854,1.0,8.0,0.823457699159094,0.7614711142414838,3.0897042751312256,0.4,model_replace,True,False,6262.407796203935,6.790705919265747,0.5908312634400856
AgriTrust-ACFL,9,2,2,False,0.9072237014770508,0.8976477606654347,0.8952823281288147,1.0,8.0,0.9091816640689087,0.8262234231636828,2.342860460281372,0.4,model_replace,True,False,4132.119642488095,6.790705919265747,0.5908312634400856
AgriTrust-ACFL,9,3,2,True,0.6307902932167053,0.3086477209538505,0.4355226755142212,1.0,8.0,0.5298473852782932,0.5483505657298058,12.133373260498047,0.4,model_replace,False,False,0.0,6.790705919265747,0.5908312634400856
AgriTrust-ACFL,9,6,0,True,0.7617415189743042,0.5235199724912314,0.37293046712875366,1.0,8.0,0.6975627931433813,0.7139222026065749,6.165409088134766,0.4,model_replace,True,False,733.912024279559,6.790705919265747,0.5908312634400856
AgriTrust-ACFL,9,7,2,False,0.8440318703651428,0.8610409064351003,0.5590794086456299,1.0,8.0,0.869896967805837,0.7934842832940979,2.221149444580078,0.4,model_replace,True,False,3018.3076776998996,6.790705919265747,0.5908312634400856
AgriTrust-ACFL,9,8,1,True,0.32695093750953674,0.5577258536700365,0.11294101178646088,1.0,8.0,0.4367619250729838,0.5575999098416354,5.685153484344482,0.4,model_replace,False,False,0.0,6.790705919265747,0.5908312634400856
AgriTrust-ACFL,9,9,4,False,0.7407165616750717,0.38645020265257174,0.3701297640800476,1.0,8.0,0.6121143158320608,0.6507247097501281,0.7957478761672974,0.4,model_replace,True,False,116.81458117117168,6.790705919265747,0.5908312634400856
AgriTrust-ACFL,10,0,0,False,0.5874104723334312,0.6451515252106588,0.2520706057548523,1.0,9.0,0.6377959664931345,0.7525145613147137,1.025993824005127,0.4,model_replace,True,False,5555.062491625216,7.684965133666992,0.5677185679406777
AgriTrust-ACFL,10,1,3,False,0.7438963055610657,1.0,0.470394492149353,1.0,9.0,0.8133452175006683,0.7744396400562799,3.073986053466797,0.4,model_replace,True,False,4061.0933158385437,7.684965133666992,0.5677185679406777
AgriTrust-ACFL,10,3,4,True,0.7024779617786407,0.6703203137634145,0.1941259652376175,1.0,9.0,0.7094271804349782,0.5886197194060989,8.368454933166504,0.4,model_replace,True,False,2559.5260599535477,7.684965133666992,0.5677185679406777
AgriTrust-ACFL,10,4,0,True,0.7186052650213242,0.8734770598309105,0.7365635633468628,1.0,9.0,0.7945647587323488,0.7750318667444299,4.313131809234619,0.4,model_replace,True,False,596.7745373932111,7.684965133666992,0.5677185679406777
AgriTrust-ACFL,10,5,0,False,0.6700435876846313,0.3917715224558391,0.7365635633468628,1.0,9.0,0.5937298295893366,0.5466352126746088,0.2942814230918884,0.4,model_replace,True,True,125.99941652149732,7.684965133666992,0.5677185679406777
AgriTrust-ACFL,10,6,2,True,0.6126497983932495,0.7657488253991662,0.3343042731285095,1.0,9.0,0.6935883668418876,0.7088387436654031,5.996796607971191,0.4,model_replace,True,False,296.2617119740406,7.684965133666992,0.5677185679406777
AgriTrust-ACFL,10,7,6,False,0.6969062834978104,0.7498032256906322,0.30701982975006104,1.0,9.0,0.751092485521046,0.782886333850835,1.4948675632476807,0.4,model_replace,True,False,492.2591801345807,7.684965133666992,0.5677185679406777
AgriTrust-ACFL,10,8,0,True,0.48359355702996254,0.59577949691896,0.34128591418266296,1.0,9.0,0.5525137111876157,0.5563283601781305,11.241615295410156,0.4,model_replace,False,False,0.0,7.684965133666992,0.5677185679406777
AgriTrust-ACFL,10,9,2,False,0.7167479693889618,0.5831615403629374,0.470394492149353,1.0,9.0,0.6801176821158937,0.6580729528415695,0.7967069745063782,0.4,model_replace,True,False,290.56201122211905,7.684965133666992,0.5677185679406777
RawTrust,1,0,0,False,0.8453490734100342,0.7172785665486032,0.9046610593795776,1.0,7.0,0.804343439340195,0.7860268463889492,2.00687837600708,0.4,gaussian,,,,,
RawTrust,1,1,0,False,0.8052988946437836,1.0,0.6644703149795532,1.0,7.0,0.8496097799162816,0.8319114036702635,1.5805162191390991,0.4,gaussian,,,,,
RawTrust,1,2,0,False,0.8737111389636993,0.6420316027072777,0.9046610593795776,1.0,7.0,0.8053695795030442,0.7926388388454684,2.1732754707336426,0.4,gaussian,,,,,
RawTrust,1,4,0,True,0.6975447535514832,0.8123016984617929,0.275945782661438,1.0,7.0,0.7648283563218443,0.5721604424492852,1.361161708831787,0.4,gaussian,,,,,
RawTrust,1,5,0,False,0.6665341854095459,0.0868912662000115,0.1358092874288559,1.0,7.0,0.37680573366305375,0.36721424562414334,0.27302640676498413,0.4,gaussian,,,,,
RawTrust,1,8,0,True,0.2810937464237213,0.6703209786757911,-0.09235359728336334,1.0,7.0,0.4247233229212904,0.4919803514059955,2.1069560050964355,0.4,gaussian,,,,,
RawTrust,1,9,0,False,0.8909392952919006,0.36200986111699107,0.6644703149795532,1.0,7.0,0.664398169979692,0.6825404927972283,0.7614408135414124,0.4,gaussian,,,,,
RawTrust,2,0,0,False,0.8910956382751465,1.0,0.8249661326408386,1.0,7.0,0.9147948227304818,0.8182188404743322,1.5159865617752075,0.4,gaussian,,,,,
RawTrust,2,2,0,False,0.9074364304542542,0.67032384874468,0.8249661326408386,1.0,7.0,0.83302931886014,0.8027364588491362,1.6267356872558594,0.4,gaussian,,,,,
RawTrust,2,3,1,True,0.3286544680595398,0.18469372217864022,-0.1142653077840805,1.0,7.0,0.3173346604160377,0.4958448125442199,2.0417444705963135,0.4,gaussian,,,,,
RawTrust,2,4,1,True,0.6476122438907623,0.485017876740765,0.26403701305389404,1.0,7.0,0.6289769533933961,0.586364570185313,1.334450125694275,0.4,gaussian,,,,,
RawTrust,2,6,1,True,0.6680099666118622,0.776366426019816,0.19145888090133667,1.0,7.0,0.7303983414303246,0.6171959622629599,1.449829339981079,0.4,gaussian,,,,,
RawTrust,2,7,1,False,0.8115339577198029,0.7869920062427768,0.5096845626831055,1.0,7.0,0.8286537427579508,0.82386429215221,1.5813688039779663,0.4,gaussian,,,,,
RawTrust,2,9,1,False,0.7717958688735962,0.01928409565051532,0.46200600266456604,1.0,7.0,0.25473110229608986,0.5755881451719437,0.7558212876319885,0.4,gaussian,,,,,
RawTrust,3,1,0,False,0.7380644381046295,0.9344677548324193,0.6583609580993652,1.0,9.0,0.7935316376937787,0.8223164621761423,1.6911362409591675,0.4,gaussian,,,,,
RawTrust,3,2,2,False,0.6318646967411041,0.6703209291585328,0.4235590994358063,1.0,9.0,0.6826593670700425,0.7727171859043628,2.1761720180511475,0.4,gaussian,,,,,
RawTrust,3,3,0,True,0.4666941612958908,0.6236487142221664,0.5504541397094727,1.0,9.0,0.5544021856882431,0.5104841558302258,2.2987060546875,0.4,gaussian,,,,,
RawTrust,3,4,1,True,0.6742767989635468,0.7963174799052805,0.13125689327716827,1.0,9.0,0.74622711299519,0.6263302058877822,1.351316213607788,0.4,gaussian,,,,,
RawTrust,3,5,0,False,0.7059916257858276,0.09871094595507694,0.15845848619937897,1.0,9.0,0.4040840195423327,0.3764316891036907,0.2770287096500397,0.4,gaussian,,,,,
RawTrust,3,6,2,True,0.6193842962384224,0.9178125441302297,0.1813090592622757,1.0,9.0,0.7367386223564858,0.6470816272863413,1.5050984621047974,0.4,gaussian,,,,,
RawTrust,3,7,2,False,0.6688220053911209,1.0,0.4235590994358063,1.0,9.0,0.8005419984994688,0.8180337187390248,1.6063342094421387,0.4,gaussian,,,,,
RawTrust,3,8,1,True,0.44471095502376556,0.6642403950491085,0.5504541397094727,1.0,9.0,0.5451217443769024,0.5052656996487223,2.1912760734558105,0.4,gaussian,,,,,
RawTrust,3,9,0,False,0.7516530752182007,0.3720121818236152,0.6583609580993652,1.0,9.0,0.6100600474923945,0.5842061207520564,0.7583577036857605,0.4,gaussian,,,,,
RawTrust,4,2,1,False,0.5462084822356701,0.835227712038721,0.20250117778778076,1.0,7.0,0.6730767365807119,0.7478070735734501,1.6321876049041748,0.4,gaussian,,,,,
RawTrust,4,3,0,True,0.5922690629959106,0.39268635528192597,0.5421154499053955,1.0,7.0,0.5501414172709571,0.5203984711904086,2.176351308822632,0.4,gaussian,,,,,
RawTrust,4,4,0,True,0.6434711515903473,0.6703218042435602,0.18125520646572113,1.0,7.0,0.6906533604223416,0.642410994521422,1.308362603187561,0.4,gaussian,,,,,
RawTrust,4,5,0,False,0.7438331842422485,0.011097714406918483,0.25805309414863586,1.0,7.0,0.21587579234622375,0.33629271491432394,0.27396726608276367,0.4,gaussian,,,,,
RawTrust,4,6,1,True,0.6536920368671417,0.8582561630987491,0.20250117778778076,1.0,7.0,0.7437885227528063,0.6712583511529575,1.437637209892273,0.4,gaussian,,,,,
RawTrust,4,7,2,False,0.751308411359787,1.0,0.25805309414863586,1.0,7.0,0.8534210576525142,0.8268805534673972,1.5239053964614868,0.4,gaussian,,,,,
RawTrust,4,8,2,True,0.5768378674983978,0.40784951723829826,0.5421154499053955,1.0,7.0,0.5433537526223168,0.5147877128921209,2.1451408863067627,0.4,gaussian,,,,,
RawTrust,5,0,3,False,0.7418549805879593,0.8841011260297528,0.7296786904335022,1.0,8.0,0.7970606436135799,0.8129292912591441,1.5033369064331055,0.4,gaussian,,,,,
RawTrust,5,2,0,False,0.785394549369812,0.5910184489020275,0.7296786904335022,1.0,8.0,0.7408915074248255,0.7460781820362938,2.3244245052337646,0.4,gaussian,,,,,
RawTrust,5,3,3,True,0.3048708140850067,0.6660789442324624,0.453029602766037,1.0,8.0,0.4474005890211939,0.502149000648105,2.0423402786254883,0.4,gaussian,,,,,
RawTrust,5,4,1,True,0.7190520614385605,0.7802155239955817,0.38061442971229553,1.0,8.0,0.7683634386859074,0.6738991055625434,1.0058484077453613,0.4,gaussian,,,,,
RawTrust,5,5,1,False,0.699758768081665,0.22968517097198207,0.1491227149963379,1.0,8.0,0.5180644696649552,0.38173565360198175,0.2678259015083313,0.4,gaussian,,,,,
RawTrust,5,6,4,True,0.6729324162006378,0.8841011260297529,0.218679279088974,1.0,8.0,0.7625073190090711,0.6940705931169859,1.1515333652496338,0.4,gaussian,,,,,
RawTrust,5,8,0,True,0.3876206576824188,0.6745893988837064,0.453029602766037,1.0,8.0,0.5077954111808999,0.5130396374643156,2.0144739151000977,0.4,gaussian,,,,,
RawTrust,5,9,2,False,0.7573636472225189,0.5701809663728326,0.48841631412506104,1.0,8.0,0.6963332123473985,0.6122378936508919,0.7163897752761841,0.4,gaussian,,,,,
RawTrust,6,0,0,False,0.8527015447616577,0.6703210322092228,0.9091635346412659,1.0,7.0,0.7919332077987529,0.8076802703940462,2.0572993755340576,0.4,gaussian,,,,,
RawTrust,6,1,4,False,0.6381511986255646,0.850409524419798,0.2438458502292633,1.0,7.0,0.7120975721977245,0.7947617396815378,1.404059886932373,0.4,gaussian,,,,,
RawTrust,6,2,0,False,0.869162529706955,0.6042564968522687,0.9091635346412659,1.0,7.0,0.788583917313253,0.7567046158555336,2.207631826400757,0.4,gaussian,,,,,
RawTrust,6,5,1,False,0.8147434294223785,0.07972345255622237,0.4027981758117676,1.0,7.0,0.41007154578531724,0.3888196266478156,0.2809353172779083,0.4,gaussian,,,,,
RawTrust,6,6,0,True,0.6989279687404633,0.9184616726424262,0.17557527124881744,1.0,7.0,0.7875266850818419,0.7174346161081999,1.4794851541519165,0.4,gaussian,,,,,
RawTrust,6,7,4,False,0.6334157884120941,1.0,0.17264924943447113,1.0,7.0,0.7769484469402164,0.814397526835602,1.5675402879714966,0.4,gaussian,,,,,
RawTrust,6,8,1,True,0.333660826086998,0.6653651031526125,-0.03296263515949249,1.0,7.0,0.4656815081701068,0.5012001051407634,2.0677027702331543,0.4,gaussian,,,,,
RawTrust,7,0,0,False,0.7970777451992035,0.8828123360978777,0.7882159948348999,1.0,8.0,0.8288028143883843,0.8129609063926307,1.4388128519058228,0.4,gaussian,,,,,
RawTrust,7,1,0,False,0.7094036936759949,0.9883349442447371,0.4788177013397217,1.0,8.0,0.7895974489672778,0.7934706670029729,1.3496277332305908,0.4,gaussian,,,,,
RawTrust,7,2,2,False,0.8508970737457275,0.3801369110628413,0.7882159948348999,1.0,8.0,0.678250853068837,0.7370911751588595,2.3194711208343506,0.4,gaussian,,,,,
RawTrust,7,4,3,True,0.7110676765441895,0.8093508057142117,0.3181575834751129,1.0,8.0,0.7721046839627104,0.6984505001625851,1.1892244815826416,0.4,gaussian,,,,,
RawTrust,7,5,0,False,0.46939779072999954,0.058598696673970954,0.09184902906417847,1.0,8.0,0.2760808534529846,0.36063493334910784,0.2685617208480835,0.4,gaussian,,,,,
RawTrust,7,6,1,True,0.6667275577783585,0.9883349442447371,0.22823774814605713,1.0,8.0,0.784426045067592,0.734182473348048,1.3317968845367432,0.4,gaussian,,,,,
RawTrust,7,8,1,True,0.3126372843980789,0.5551740316082878,0.09184902906417847,1.0,8.0,0.42555361297447186,0.4822884820991905,1.8714021444320679,0.4,gaussian,,,,,
RawTrust,7,9,3,False,0.8544874787330627,0.34470968106674454,0.649673581123352,1.0,8.0,0.6398379943732739,0.6191379188314874,0.7331357002258301,0.4,gaussian,,,,,
RawTrust,8,0,4,False,0.7448476254940033,0.6003672473629746,0.8355761170387268,1.0,10.0,0.7112585685228071,0.7875353219251748,1.8538694381713867,0.4,gaussian,,,,,
RawTrust,8,1,1,False,0.619528517127037,0.9883213380421996,0.44063645601272583,1.0,10.0,0.7329026026802088,0.7783286509222818,1.3650047779083252,0.4,gaussian,,,,,
RawTrust,8,2,0,False,0.7724691033363342,0.7484259499905005,0.8355761170387268,1.0,10.0,0.7880526534570567,0.7498315447334087,1.6191552877426147,0.4,gaussian,,,,,
RawTrust,8,3,0,True,0.39230726659297943,0.48368930625934176,0.5972431898117065,1.0,10.0,0.4669168660349655,0.4933409669948201,2.1169686317443848,0.4,gaussian,,,,,
RawTrust,8,4,1,True,0.6696019172668457,0.7913959679239819,0.18024668097496033,1.0,10.0,0.7419958210758304,0.7093368303908965,1.1738237142562866,0.4,gaussian,,,,,
RawTrust,8,5,0,False,0.586533434689045,0.08024371087011796,0.36366403102874756,1.0,10.0,0.3429309289884305,0.35620893225893846,0.2878592610359192,0.4,gaussian,,,,,
RawTrust,8,6,3,True,0.6317309439182281,0.9818474109359,0.2187139391899109,1.0,10.0,0.7600024964053625,0.7406374791123767,1.3400318622589111,0.4,gaussian,,,,,
RawTrust,8,7,1,False,0.7225493490695953,0.9883213380421995,0.36366403102874756,1.0,10.0,0.8323575072154211,0.8188875219305568,1.3454511165618896,0.4,gaussian,,,,,
RawTrust,8,8,0,True,0.3634470999240875,0.5215758788085602,0.5972431898117065,1.0,10.0,0.45372324496541855,0.47514717281574753,2.0211634635925293,0.4,gaussian,,,,,
RawTrust,8,9,3,False,0.6814745664596558,0.4077038664153235,0.48741719126701355,1.0,10.0,0.5941506850157119,0.6128911103775435,0.781100332736969,0.4,gaussian,,,,,
RawTrust,9,0,2,False,0.7948216795921326,0.8481194045460044,0.8190378546714783,1.0,8.0,0.8176185960825672,0.795056140464523,1.486843228340149,0.4,gaussian,,,,,
RawTrust,9,1,2,False,0.6384265124797821,0.7320758493429201,0.45487165451049805,1.0,8.0,0.6809589355140783,0.7539862220702309,1.3011815547943115,0.4,gaussian,,,,,
RawTrust,9,2,2,False,0.8099093437194824,0.6137781701643291,0.8190378546714783,1.0,8.0,0.762113099056268,0.7529019333141235,1.627684473991394,0.4,gaussian,,,,,
RawTrust,9,3,2,True,0.33117154240608215,0.25115681175514215,0.6093682646751404,1.0,8.0,0.3494521900368973,0.4573687727553394,2.090135097503662,0.4,gaussian,,,,,
RawTrust,9,6,0,True,0.7109309285879135,0.7815600412828603,0.21335601806640625,1.0,8.0,0.7573609608451135,0.7448183495455608,1.3252190351486206,0.4,gaussian,,,,,
RawTrust,9,7,2,False,0.6688943058252335,0.8481194045460043,0.2637428343296051,1.0,8.0,0.7619860855308506,0.8046621628306303,1.355879783630371,0.4,gaussian,,,,,
RawTrust,9,8,1,True,0.3385779559612274,0.28885158700451097,0.6093682646751404,1.0,8.0,0.36548353458176863,0.4477312632572528,2.0099189281463623,0.4,gaussian,,,,,
RawTrust,9,9,4,False,0.7541968822479248,0.11903064328877828,0.5338844060897827,1.0,8.0,0.43422025871586334,0.5682233974621235,0.7826316356658936,0.4,gaussian,,,,,
RawTrust,10,0,0,False,0.6640883088111877,0.6703212060842512,0.4052564799785614,1.0,9.0,0.6901991496629768,0.7688418927641365,1.6687952280044556,0.4,gaussian,,,,,
RawTrust,10,1,3,False,0.680207222700119,1.0,0.49762189388275146,1.0,9.0,0.7742759644569215,0.7590586576669036,1.3244106769561768,0.4,gaussian,,,,,
RawTrust,10,3,4,True,0.46330601349473,0.5092018449657754,0.4817216396331787,1.0,9.0,0.5196004018107846,0.4729266800192007,1.9561083316802979,0.4,gaussian,,,,,
RawTrust,10,4,0,True,0.7099526524543762,0.7851464037070492,0.27248451113700867,1.0,9.0,0.7644436663966566,0.7231135393923365,1.1516516208648682,0.4,gaussian,,,,,
RawTrust,10,5,0,False,0.7124913334846497,0.06368291398405315,0.31406745314598083,1.0,9.0,0.35608852584992556,0.3561788306566852,0.2697374224662781,0.4,gaussian,,,,,
RawTrust,10,6,2,True,0.6256034970283508,0.9921017098750714,0.21538332104682922,1.0,9.0,0.7582990956198397,0.7481885360641305,1.3183560371398926,0.4,gaussian,,,,,
RawTrust,10,7,6,False,0.7309712171554565,0.8924708743938133,0.4052564799785614,1.0,9.0,0.8124313698003582,0.8066044645730623,1.4143970012664795,0.4,gaussian,,,,,
RawTrust,10,8,0,True,0.40745508670806885,0.502292463718931,0.4817216396331787,1.0,9.0,0.47773160480248567,0.4552313486435611,1.971611738204956,0.4,gaussian,,,,,
RawTrust,10,9,2,False,0.7648478150367737,0.2827314558851764,0.49762189388275146,1.0,9.0,0.5672497982582776,0.567979997661162,0.638271689414978,0.4,gaussian,,,,,
AgriTrust-ACFL,1,0,0,False,0.7569125890731812,0.6275472113203668,0.8040083646774292,1.0,7.0,0.7271673908525923,0.7065890054682428,1.3217952251434326,0.4,gaussian,True,False,5216.040038366568,2.594696581363678,0.5705729219497006
AgriTrust-ACFL,1,1,0,False,0.6964478343725204,1.0,0.48758161067962646,1.0,7.0,0.7843895913744776,0.7447052221641393,1.0378786325454712,0.4,gaussian,True,False,15063.897233936208,2.594696581363678,0.5705729219497006
AgriTrust-ACFL,1,2,0,False,0.8152959942817688,0.6703213376457358,0.8040083646774292,1.0,7.0,0.7853880745877454,0.7727777254198893,1.2773276567459106,0.4,gaussian,True,False,9505.938800390059,2.594696581363678,0.5705729219497006
AgriTrust-ACFL,1,4,0,True,0.6984083354473114,0.8173236314738396,0.19729721546173096,1.0,7.0,0.7667654316043702,0.7124026163727399,0.9347183704376221,0.4,gaussian,True,False,548.5500146070098,2.594696581363678,0.5705729219497006
AgriTrust-ACFL,1,5,0,False,0.5778093263506889,0.0824440011397409,0.14756648242473602,1.0,7.0,0.34288741731645456,0.4964917568302746,0.2842196226119995,0.4,gaussian,False,False,0.0,2.594696581363678,0.5705729219497006
AgriTrust-ACFL,1,8,0,True,0.3817692920565605,0.8343540777933681,0.1123817041516304,1.0,7.0,0.5367212364799948,0.5570865541714956,1.1401557922363281,0.4,gaussian,False,False,0.0,2.594696581363678,0.5705729219497006
AgriTrust-ACFL,1,9,0,False,0.831511527299881,0.4266469840046401,0.48758161067962646,1.0,7.0,0.6719608942081472,0.7747557959281326,0.6670514941215515,0.4,gaussian,True,False,841.384794377952,2.594696581363678,0.5705729219497006
AgriTrust-ACFL,2,0,0,False,0.7925700545310974,0.9825835135487436,0.5218451023101807,1.0,7.0,0.8531922027545346,0.7432398047898157,1.079321026802063,0.4,gaussian,True,False,5486.596238958419,2.687678337097168,0.5948133865285681
AgriTrust-ACFL,2,2,0,False,0.8150197863578796,0.3612891127312228,0.5218451023101807,1.0,7.0,0.652341361666179,0.7426686344814618,0.8553782105445862,0.4,gaussian,True,False,9135.566872756463,2.687678337097168,0.5948133865285681
AgriTrust-ACFL,2,3,1,True,0.5181773994117975,0.6703230313508107,0.024933531880378723,1.0,7.0,0.6000998546034901,0.5925175189801695,1.1760976314544678,0.4,gaussian,False,False,0.0,2.687678337097168,0.5948133865285681
AgriTrust-ACFL,2,4,1,True,0.5954874008893967,0.4595699301150067,0.16415730118751526,1.0,7.0,0.5909755719537605,0.6820458552679951,0.9028629660606384,0.4,gaussian,True,False,334.8665612721839,2.687678337097168,0.5948133865285681
AgriTrust-ACFL,2,6,1,True,0.7227064669132233,1.0,0.33313149213790894,1.0,7.0,0.8228832151394045,0.7547385396542906,1.0750713348388672,0.4,gaussian,True,False,494.71733111741133,2.687678337097168,0.5948133865285681
AgriTrust-ACFL,2,7,1,False,0.762441098690033,0.8124513108927099,0.31115517020225525,1.0,7.0,0.8083807885974723,0.78047078421923,1.126396656036377,0.4,gaussian,True,False,4656.014742927527,2.687678337097168,0.5948133865285681
AgriTrust-ACFL,2,9,1,False,0.5332450307905674,0.12320828636578146,0.16415730118751526,1.0,7.0,0.3625747607665147,0.6717105371377281,0.6718153357505798,0.4,gaussian,True,False,465.13548136691793,2.687678337097168,0.5948133865285681
AgriTrust-ACFL,3,1,0,False,0.6913214474916458,0.6703224795557621,0.682971715927124,1.0,9.0,0.6928707829142765,0.7317466123516736,1.3448429107666016,0.4,gaussian,True,False,14801.770474649653,3.0113473534584045,0.5505780840487722
AgriTrust-ACFL,3,2,2,False,0.3491290509700775,0.8118300747813536,0.19021399319171906,1.0,9.0,0.521744408950659,0.6874375780987612,1.2757306098937988,0.4,gaussian,True,False,3438.022016574553,3.0113473534584045,0.5505780840487722
AgriTrust-ACFL,3,3,0,True,0.7579847574234009,0.18558335313507027,0.654323160648346,1.0,9.0,0.5032109550050742,0.5701908779863957,1.9155973196029663,0.4,gaussian,True,False,14999.441236310124,3.0113473534584045,0.5505780840487722
AgriTrust-ACFL,3,4,1,True,0.723622590303421,0.695846054778918,0.2884472608566284,1.0,9.0,0.7450231118049637,0.6977901694022373,1.090035319328308,0.4,gaussian,True,False,342.5966050705603,3.0113473534584045,0.5505780840487722
AgriTrust-ACFL,3,5,0,False,0.8017183542251587,0.005966311860110017,0.3522125780582428,1.0,9.0,0.18674376850924948,0.41905475975001827,0.2938539981842041,0.4,gaussian,False,False,0.0,3.0113473534584045,0.5505780840487722
AgriTrust-ACFL,3,6,2,True,0.4721197113394737,1.0,0.19021399319171906,1.0,9.0,0.6510851791154559,0.7288251995195819,1.2045389413833618,0.4,gaussian,True,False,304.6151233536641,3.0113473534584045,0.5505780840487722
AgriTrust-ACFL,3,7,2,False,0.6278242617845535,0.8957307282713541,0.19077607989311218,1.0,9.0,0.7480446315507406,0.7723642460521076,1.1685518026351929,0.4,gaussian,True,False,2937.9698916807906,3.0113473534584045,0.5505780840487722
AgriTrust-ACFL,3,8,1,True,0.7210363447666168,0.27591817453310263,0.654323160648346,1.0,9.0,0.5463408123386675,0.5544001187132885,1.7173538208007812,0.4,gaussian,True,False,9299.20054042913,3.0113473534584045,0.5505780840487722
AgriTrust-ACFL,3,9,0,False,0.6809933632612228,0.15029774485803266,0.682971715927124,1.0,9.0,0.44026095115290914,0.6138481406415234,0.7146767377853394,0.4,gaussian,True,False,666.6390807366944,3.0113473534584045,0.5505780840487722
AgriTrust-ACFL,4,2,1,False,0.5645416229963303,0.7305412183958363,0.10072685778141022,1.0,7.0,0.6584187185546967,0.6801828632127451,0.7743125557899475,0.4,gaussian,True,False,5334.989728314157,2.1556945145130157,0.5410329842371554
AgriTrust-ACFL,4,3,0,True,0.7352344542741776,0.9031816258546219,0.4324328303337097,1.0,7.0,0.7955030850039748,0.6265189297407905,0.8929018378257751,0.4,gaussian,True,False,16481.206965761234,2.1556945145130157,0.5410329842371554
AgriTrust-ACFL,4,4,0,True,0.5114470375701785,0.6703220019533601,0.10072685778141022,1.0,7.0,0.608708743626267,0.6755198129582447,0.7518168687820435,0.4,gaussian,True,False,520.1502559778485,2.1556945145130157,0.5410329842371554
AgriTrust-ACFL,4,5,0,False,0.7667105197906494,0.03149288900013771,0.4411739110946655,1.0,7.0,0.3001465543305891,0.38932770839516095,0.26361075043678284,0.4,gaussian,False,False,0.0,2.1556945145130157,0.5410329842371554
AgriTrust-ACFL,4,6,1,True,0.6999680548906326,1.0,0.24034342169761658,1.0,7.0,0.8085412050953802,0.7487542009135315,0.8622778058052063,0.4,gaussian,True,False,490.794706347664,2.1556945145130157,0.5410329842371554
AgriTrust-ACFL,4,7,2,False,0.8048688173294067,0.18470819749734918,0.4411739110946655,1.0,7.0,0.5340205549025031,0.7127783232647065,1.538271188735962,0.4,gaussian,True,False,2711.3130416100917,2.1556945145130157,0.5410329842371554
AgriTrust-ACFL,4,8,2,True,0.7253419607877731,0.17074766038169908,0.4324328303337097,1.0,7.0,0.4746331692485801,0.5344583813471114,1.5802661180496216,0.4,gaussian,False,False,0.0,2.1556945145130157,0.5410329842371554
AgriTrust-ACFL,5,0,3,False,0.5962324813008308,0.7802039567957965,0.3290138840675354,1.0,8.0,0.6807793363660471,0.7276246876838736,1.0751572847366333,0.4,gaussian,True,False,1392.4638082415147,2.3583336919546127,0.49724368169668326
AgriTrust-ACFL,5,2,0,False,0.5995316803455353,0.2881248698972149,0.22145353257656097,1.0,8.0,0.5148098751484644,0.638839616196675,1.8422796726226807,0.4,gaussian,True,False,7858.366118835299,2.3583336919546127,0.49724368169668326
AgriTrust-ACFL,5,3,3,True,0.49644978111609817,0.33503515734623796,0.254008948802948,1.0,8.0,0.476029278363656,0.5888965168965069,1.6980100870132446,0.4,gaussian,True,False,4016.0235499557252,2.3583336919546127,0.49724368169668326
AgriTrust-ACFL,5,4,1,True,0.6643378734588623,0.7830256640815669,0.22145353257656097,1.0,8.0,0.7364290065945323,0.6907471113673166,0.8237064480781555,0.4,gaussian,True,False,339.1386489716004,2.3583336919546127,0.49724368169668326
AgriTrust-ACFL,5,5,1,False,0.6822949349880219,0.0910432314044484,0.11100165545940399,1.0,8.0,0.38706268888535356,0.3887614535177091,0.25736841559410095,0.4,gaussian,True,True,57.137549440021026,2.3583336919546127,0.49724368169668326
AgriTrust-ACFL,5,6,4,True,0.6443950533866882,0.8588904748939643,0.3290138840675354,1.0,8.0,0.7381152549279357,0.7460944644171326,1.0207337141036987,0.4,gaussian,True,False,126.78178586977216,2.3583336919546127,0.49724368169668326
AgriTrust-ACFL,5,8,0,True,0.6036805883049965,0.8588904748939643,0.254008948802948,1.0,8.0,0.6965918959375886,0.5749917599947307,0.8659332394599915,0.4,gaussian,True,False,15125.733238421386,2.3583336919546127,0.49724368169668326
AgriTrust-ACFL,5,9,2,False,0.5231984592974186,0.5759143138200704,0.16863477230072021,1.0,8.0,0.5698620779501165,0.6028516249686717,0.6976619362831116,0.4,gaussian,True,False,266.17988152081205,2.3583336919546127,0.49724368169668326
AgriTrust-ACFL,6,0,0,False,0.8185709118843079,0.6215506063500683,0.8873157501220703,1.0,7.0,0.7569884285585167,0.7349656229025343,1.6713262796401978,0.4,gaussian,True,False,5425.516228266508,3.6632558703422546,0.5417274951201551
AgriTrust-ACFL,6,1,4,False,0.44280247390270233,0.18502003721445454,0.08660051226615906,1.0,7.0,0.36857361880503037,0.6409533639650128,0.9187681078910828,0.4,gaussian,True,False,2143.1339135961393,3.6632558703422546,0.5417274951201551
AgriTrust-ACFL,6,2,0,False,0.8221802115440369,0.6703224690605382,0.8873157501220703,1.0,7.0,0.7890289966592531,0.6763869613123195,1.6367608308792114,0.4,gaussian,True,False,8320.236011102841,3.6632558703422546,0.5417274951201551
AgriTrust-ACFL,6,5,1,False,0.7199785560369492,0.0024516310992335403,0.3314484655857086,1.0,7.0,0.1347983649804442,0.3252706813833929,0.2777980864048004,0.4,gaussian,False,False,0.0,3.6632558703422546,0.5417274951201551
AgriTrust-ACFL,6,6,0,True,0.7083065658807755,1.0,0.1671598106622696,1.0,7.0,0.8138246377557108,0.7630270077517771,1.4653023481369019,0.4,gaussian,True,False,784.3917639688269,3.6632558703422546,0.5417274951201551
AgriTrust-ACFL,6,7,4,False,0.5321082323789597,0.791754658406191,0.04776747152209282,1.0,7.0,0.6581736520144209,0.699127155452135,1.5630820989608765,0.4,gaussian,True,False,1081.2255928775699,3.6632558703422546,0.5417274951201551
AgriTrust-ACFL,6,8,1,True,0.5725653916597366,0.726218908802951,0.08660051226615906,1.0,7.0,0.6433942613729619,0.5920923853392885,1.3411954641342163,0.4,gaussian,True,False,9931.429745199133,3.6632558703422546,0.5417274951201551
AgriTrust-ACFL,7,0,0,False,0.775188148021698,0.9222049994094014,0.7156412601470947,1.0,8.0,0.8269656741488792,0.7579656357141206,0.9865772128105164,0.4,gaussian,True,False,5595.302322841638,2.3975273966789246,0.5148028016439784
AgriTrust-ACFL,7,1,0,False,0.6786491125822067,0.6629425745245,0.3808309733867645,1.0,8.0,0.6835822488787564,0.6516105851934486,1.1092360019683838,0.4,gaussian,True,False,13180.778917293079,2.3975273966789246,0.5148028016439784
AgriTrust-ACFL,7,2,2,False,0.8363951742649078,0.14827717017661235,0.7156412601470947,1.0,8.0,0.50655264982993,0.6339283834417221,1.8876891136169434,0.4,gaussian,True,False,3170.4111160636066,2.3975273966789246,0.5148028016439784
AgriTrust-ACFL,7,4,3,True,0.7304205745458603,0.8472957299636021,0.3500516414642334,1.0,8.0,0.794437589288231,0.7166697308475451,0.9038470983505249,0.4,gaussian,True,False,143.05802882289265,2.3975273966789246,0.5148028016439784
AgriTrust-ACFL,7,5,0,False,0.46615972369909286,0.03195771435005753,0.07330688834190369,1.0,8.0,0.22929213255171216,0.3012760441754727,0.2823165953159332,0.4,gaussian,False,False,0.0,2.3975273966789246,0.5148028016439784
AgriTrust-ACFL,7,6,1,True,0.6471078395843506,0.6777834350503289,0.2856151759624481,1.0,8.0,0.6890862517298894,0.7445418187463052,1.1005516052246094,0.4,gaussian,True,False,488.03356675570495,2.3975273966789246,0.5148028016439784
AgriTrust-ACFL,7,8,1,True,0.45290007814764977,0.9222049994094014,0.07330688834190369,1.0,8.0,0.6075788882345814,0.5959640110631117,0.9314447045326233,0.4,gaussian,True,False,9996.370250816044,2.3975273966789246,0.5148028016439784
AgriTrust-ACFL,7,9,3,False,0.8548438549041748,0.4321867479487519,0.6319423913955688,1.0,8.0,0.6849123781503133,0.6233668132640822,0.7117043733596802,0.4,gaussian,True,False,175.49952781135727,2.3975273966789246,0.5148028016439784
AgriTrust-ACFL,8,0,4,False,0.7207814455032349,0.24659100854863458,0.7931205034255981,1.0,10.0,0.5348727510071087,0.7021924145373677,1.7381970882415771,0.4,gaussian,True,False,856.8407390029396,2.8658010065555573,0.5359221212570909
AgriTrust-ACFL,8,1,1,False,0.6088271588087082,0.991157136056831,0.35991477966308594,1.0,10.0,0.7265367042483026,0.6703421149571621,1.1493494510650635,0.4,gaussian,True,False,8646.033887134188,2.8658010065555573,0.5359221212570909
AgriTrust-ACFL,8,2,0,False,0.7402147650718689,0.7489874794289209,0.7931205034255981,1.0,10.0,0.769954561204343,0.6679349278823774,1.249193549156189,0.4,gaussian,True,False,8216.267547881125,2.8658010065555573,0.5359221212570909
AgriTrust-ACFL,8,3,0,True,0.465407133102417,0.7922422731352353,0.4078616201877594,1.0,10.0,0.5947585517459809,0.5903620256088754,1.228511929512024,0.4,gaussian,True,False,15530.063445667076,2.8658010065555573,0.5359221212570909
AgriTrust-ACFL,8,4,1,True,0.6535272300243378,0.5999192225749305,0.2703774571418762,1.0,10.0,0.673762743160266,0.7059429839257254,0.9847399592399597,0.4,gaussian,True,False,346.599422393008,2.8658010065555573,0.5359221212570909
AgriTrust-ACFL,8,5,0,False,0.5865448117256165,0.009824008081745259,0.3964681327342987,1.0,10.0,0.18263104374524988,0.271614794067917,0.2899462580680847,0.4,gaussian,False,False,0.0,2.8658010065555573,0.5359221212570909
AgriTrust-ACFL,8,6,3,True,0.6028835773468018,0.9930156151988404,0.19607126712799072,1.0,10.0,0.7432319302744665,0.7442143466283455,1.1487094163894653,0.4,gaussian,True,False,198.33237018984178,2.8658010065555573,0.5359221212570909
AgriTrust-ACFL,8,7,1,False,0.6743496954441071,0.5728909363189085,0.3964681327342987,1.0,10.0,0.6804116532576968,0.6944482799035254,0.9713336229324341,0.4,gaussian,True,False,4142.834677234046,2.8658010065555573,0.5359221212570909
AgriTrust-ACFL,8,8,0,True,0.4498923718929291,0.9930156151988404,0.4078616201877594,1.0,10.0,0.6189416170427638,0.6017084125580248,1.1439313888549805,0.4,gaussian,True,False,15828.5415007514,2.8658010065555573,0.5359221212570909
AgriTrust-ACFL,8,9,3,False,0.6800309419631958,0.2662493845089545,0.4428025484085083,1.0,10.0,0.5222436871258161,0.5980860317295157,0.7734214067459106,0.4,gaussian,True,False,168.38210492709007,2.8658010065555573,0.5359221212570909
AgriTrust-ACFL,9,0,2,False,0.754596084356308,0.6124912831051255,0.6567269563674927,1.0,8.0,0.7206730769538398,0.7068125801414857,0.9994726777076721,0.4,gaussian,True,False,2121.354637639138,2.653702199459076,0.5420581661047668
AgriTrust-ACFL,9,1,2,False,0.6418043375015259,0.7387920252429945,0.36949118971824646,1.0,8.0,0.6848117641126145,0.6739595272460251,1.1005407571792603,0.4,gaussian,True,False,5542.704534440098,2.653702199459076,0.5420581661047668
AgriTrust-ACFL,9,2,2,False,0.7802734076976776,0.7448392637190235,0.6567269563674927,1.0,8.0,0.7912805335213773,0.6987713292921274,1.0235103368759155,0.4,gaussian,True,False,3494.7045247390593,2.653702199459076,0.5420581661047668
AgriTrust-ACFL,9,3,2,True,0.37064792215824127,0.2007101114357719,0.461292028427124,1.0,8.0,0.3475959929092169,0.5296705174339608,1.2893130779266357,0.4,gaussian,False,False,0.0,2.653702199459076,0.5420581661047668
AgriTrust-ACFL,9,6,0,True,0.6914170682430267,0.7336208271370787,0.25973084568977356,1.0,8.0,0.7318257474558427,0.7411171968352198,1.10148024559021,0.4,gaussian,True,False,761.868478346606,2.653702199459076,0.5420581661047668
AgriTrust-ACFL,9,7,2,False,0.6105990931391716,0.5465627461960707,0.044306978583335876,1.0,8.0,0.6352156798233131,0.6796401298834722,0.9857403039932251,0.4,gaussian,True,False,2585.2598032366086,2.653702199459076,0.5420581661047668
AgriTrust-ACFL,9,8,1,True,0.41136370599269867,0.7448392637190234,0.461292028427124,1.0,8.0,0.5405005855402928,0.5864064558035917,1.0994514226913452,0.4,gaussian,True,False,9836.057112282117,2.653702199459076,0.5420581661047668
AgriTrust-ACFL,9,9,4,False,0.760458379983902,0.07987620110119224,0.5180270671844482,1.0,8.0,0.38700142358429956,0.5453148796932117,0.7803676128387451,0.4,gaussian,True,False,97.89197847155805,2.653702199459076,0.5420581661047668
AgriTrust-ACFL,10,0,0,False,0.6754155308008194,0.2836231160090338,0.39799964427948,1.0,9.0,0.5382101502235132,0.6646619726619926,1.3989323377609253,0.4,gaussian,True,False,4906.534682190829,2.7412310242652893,0.5323367926152898
AgriTrust-ACFL,10,1,3,False,0.5773863643407822,0.9246065325819631,0.40106797218322754,1.0,9.0,0.691093441286751,0.6782430057562067,1.1132341623306274,0.4,gaussian,True,False,3556.6466316091546,2.7412310242652893,0.5323367926152898
AgriTrust-ACFL,10,3,4,True,0.5582485012710094,0.8253763307054302,0.23576219379901886,1.0,9.0,0.6654660232371171,0.5636193938847498,1.0565584897994995,0.4,gaussian,True,False,2450.8158306330315,2.7412310242652893,0.5323367926152898
AgriTrust-ACFL,10,4,0,True,0.7084710747003555,0.6252860775089819,0.2802619934082031,1.0,9.0,0.7131566337787293,0.7077463963889764,1.001348853111267,0.4,gaussian,True,False,544.9647252195118,2.7412310242652893,0.5323367926152898
AgriTrust-ACFL,10,5,0,False,0.6922831684350967,0.0008077282356430394,0.26846474409103394,1.0,9.0,0.09454922721033346,0.2273484023535211,0.276787132024765,0.4,gaussian,True,True,52.403806742486616,2.7412310242652893,0.5323367926152898
AgriTrust-ACFL,10,6,2,True,0.6003198474645615,0.6703235136173049,0.2261030673980713,1.0,9.0,0.6590296568353697,0.7205953118352573,1.1846410036087036,0.4,gaussian,True,False,301.17541208435034,2.7412310242652893,0.5323367926152898
AgriTrust-ACFL,10,7,6,False,0.7264716029167175,0.7720278927012155,0.39799964427948,1.0,9.0,0.775217320449686,0.7035344275250257,1.1527295112609863,0.4,gaussian,True,False,442.36470291472233,2.7412310242652893,0.5323367926152898
AgriTrust-ACFL,10,8,0,True,0.5050638732500374,1.0,0.23576219379901886,1.0,9.0,0.6609880125032878,0.6050518449785157,1.0964924097061157,0.4,gaussian,True,False,15916.493834004834,2.7412310242652893,0.5323367926152898
AgriTrust-ACFL,10,9,2,False,0.7556033134460449,0.05822186021295606,0.40106797218322754,1.0,9.0,0.35073837639043276,0.49667075386751697,0.6328243017196655,0.4,gaussian,False,False,0.0,2.7412310242652893,0.5323367926152898
RawTrust,1,0,0,False,0.8375400900840759,0.9453365867543863,0.9046610593795776,1.0,6.0,0.8693493736145557,0.8022783299575393,2.00687837600708,0.4,collusive_scale,,,,,
RawTrust,1,1,0,False,0.7947994470596313,0.9453365867543861,0.6644703149795532,1.0,6.0,0.829393623685491,0.8268573646125658,1.5805162191390991,0.4,collusive_scale,,,,,
RawTrust,1,2,0,False,0.8642570674419403,0.9105451954854282,0.9046610593795776,1.0,6.0,0.8890374151640632,0.8135557977607231,2.1732754707336426,0.4,collusive_scale,,,,,
RawTrust,1,4,0,True,0.27246785163879395,0.45509246104377227,1.000000238418579,0.05,6.0,0.05,0.3934533533688242,9.483098030090332,0.4,collusive_scale,,,,,
RawTrust,1,5,0,False,0.6779870092868805,0.413614738500067,0.1358092874288559,1.0,6.0,0.6073973401458422,0.4248621472448405,0.27302640676498413,0.4,collusive_scale,,,,,
RawTrust,1,8,0,True,0.27246785163879395,0.45509246104377227,1.000000238418579,0.05,6.0,0.05,0.3982995206756729,9.483098030090332,0.4,collusive_scale,,,,,
RawTrust,1,9,0,False,0.8758981823921204,0.6703203615881653,0.6644703149795532,1.0,6.0,0.7918265541577317,0.7143975888417382,0.7614408135414124,0.4,collusive_scale,,,,,
RawTrust,2,0,0,False,0.9540240168571472,1.0,0.9339039325714111,1.0,5.0,0.9497798302311217,0.8391537050259349,2.599494218826294,0.4,collusive_scale,,,,,
RawTrust,2,2,0,False,0.9605658650398254,0.9687761711034084,0.9339039325714111,1.0,5.0,0.9599153493313038,0.8501456856533682,2.8670363426208496,0.4,collusive_scale,,,,,
RawTrust,2,3,1,True,0.338422566652298,0.6007199050812774,1.0,0.05,5.0,0.05,0.4290111474402105,12.542594909667969,0.4,collusive_scale,,,,,
RawTrust,2,4,1,True,0.338422566652298,0.6007199050812774,1.0,0.05,5.0,0.05,0.30759001502661815,12.542594909667969,0.4,collusive_scale,,,,,
RawTrust,2,6,1,True,0.338422566652298,0.6007199050812774,1.0,0.05,5.0,0.05,0.4470963769053788,12.542594909667969,0.4,collusive_scale,,,,,
RawTrust,2,7,1,False,0.7999285459518433,0.8513387602964695,0.48252490162849426,1.0,5.0,0.8417288172732245,0.8271330607810284,1.5813688039779663,0.4,collusive_scale,,,,,
RawTrust,2,9,1,False,0.798019289970398,0.6703202630962404,0.5078511238098145,1.0,5.0,0.7522945456335363,0.7238718280396877,0.7558212876319885,0.4,collusive_scale,,,,,
RawTrust,3,1,0,False,0.8707156479358673,0.9007961842466394,0.8281674385070801,1.0,6.0,0.8595339789934628,0.8350265182077901,2.869396448135376,0.4,collusive_scale,,,,,
RawTrust,3,2,2,False,0.7777554988861084,0.9636501427074136,0.4291281998157501,1.0,6.0,0.8533269982207887,0.8509410137952234,2.1761720180511475,0.4,collusive_scale,,,,,
RawTrust,3,3,0,True,0.47191858664155006,0.670320193354976,1.0,0.05,6.0,0.05,0.3342583605801579,9.638006210327148,0.4,collusive_scale,,,,,
RawTrust,3,4,1,True,0.4719185847789049,0.670320193354976,1.0,0.05,6.0,0.05,0.2431925112699636,9.638006210327148,0.4,collusive_scale,,,,,
RawTrust,3,5,0,False,0.7650865614414215,0.6320689511395463,0.34730374813079834,1.0,6.0,0.7372121459923626,0.5029496469317211,0.2850504219532013,0.4,collusive_scale,,,,,
RawTrust,3,6,2,True,0.47191858664155006,0.6703202095329266,1.0,0.05,6.0,0.05,0.3478222826790341,9.638005256652832,0.4,collusive_scale,,,,,
RawTrust,3,7,2,False,0.7287748754024506,0.9636501427074136,0.4235590994358063,1.0,6.0,0.8299759327131147,0.82784377876405,1.6063342094421387,0.4,collusive_scale,,,,,
RawTrust,3,8,1,True,0.4719185847789049,0.670320193354976,1.0,0.05,6.0,0.05,0.3112246405067547,9.638006210327148,0.4,collusive_scale,,,,,
RawTrust,3,9,0,False,0.8747076392173767,0.8069583640238066,0.8281674385070801,1.0,6.0,0.8365189592091345,0.7520336108320494,0.7760056257247925,0.4,collusive_scale,,,,,
RawTrust,4,2,1,False,0.7870191335678101,0.9242839111434048,0.42857182025909424,1.0,4.0,0.8482219321620977,0.850261243386942,3.652438163757324,0.4,collusive_scale,,,,,
RawTrust,4,3,0,True,0.5158049147576094,0.6703202251368011,1.000000238418579,0.05,4.0,0.05,0.26319377043511843,12.155546188354492,0.4,collusive_scale,,,,,
RawTrust,4,4,0,True,0.5158049147576094,0.6703202251368011,1.000000238418579,0.05,4.0,0.05,0.19489438345247273,12.155546188354492,0.4,collusive_scale,,,,,
RawTrust,4,5,0,False,0.7914727926254272,0.5498294034276202,0.3204106092453003,1.0,4.0,0.7203283573952441,0.5572943245476019,0.2899725139141083,0.4,collusive_scale,,,,,
RawTrust,4,6,1,True,0.5158049166202545,0.6703202251368011,1.000000238418579,0.05,4.0,0.05,0.2733667120092756,12.155546188354492,0.4,collusive_scale,,,,,
RawTrust,4,7,2,False,0.8490503430366516,0.9242839111434048,0.42857182025909424,1.0,4.0,0.8914938007416714,0.8437562842584553,2.0259244441986084,0.4,collusive_scale,,,,,
RawTrust,4,8,2,True,0.5158049147576094,0.6703202251368011,1.000000238418579,0.05,4.0,0.05,0.24591848038006603,12.155546188354492,0.4,collusive_scale,,,,,
RawTrust,5,0,3,False,0.8583500981330872,1.0,0.4900936484336853,1.0,5.0,0.8961501397199413,0.8534028136994365,2.615142345428467,0.4,collusive_scale,,,,,
RawTrust,5,2,0,False,0.8524240553379059,0.8583448840785904,0.4900936484336853,1.0,5.0,0.8668324282338831,0.8544040395986773,4.37645959854126,0.4,collusive_scale,,,,,
RawTrust,5,3,3,True,0.5707539916038513,0.6703202448832696,1.0000004768371582,0.05,5.0,0.05,0.20989532782633885,10.071676254272461,0.4,collusive_scale,,,,,
RawTrust,5,4,1,True,0.5707539916038513,0.6703202260546367,1.0000004768371582,0.05,5.0,0.05,0.15867078758935454,10.071677207946777,0.4,collusive_scale,,,,,
RawTrust,5,5,1,False,0.7579570710659027,0.5206325770480311,0.31672415137290955,1.0,5.0,0.6919684059980947,0.5909628449102251,0.28967809677124023,0.4,collusive_scale,,,,,
RawTrust,5,6,4,True,0.5707539916038513,0.6703202448832696,1.0000004768371582,0.05,5.0,0.05,0.21752503400695672,10.071676254272461,0.4,collusive_scale,,,,,
RawTrust,5,8,0,True,0.5707539916038513,0.6703202448832696,1.0000004768371582,0.05,5.0,0.05,0.19693886028504953,10.071676254272461,0.4,collusive_scale,,,,,
RawTrust,5,9,2,False,0.8698330819606781,0.6882119906365014,0.4792391061782837,1.0,5.0,0.7950643336577782,0.7627912915384817,0.7420840263366699,0.4,collusive_scale,,,,,
RawTrust,6,0,0,False,0.8707216382026672,0.9055978992026034,0.909917414188385,1.0,6.0,0.876757683619081,0.8592415311793475,2.274085521697998,0.4,collusive_scale,,,,,
RawTrust,6,1,4,False,0.7794758975505829,0.6703215973128988,0.36874890327453613,1.0,6.0,0.7401496531031523,0.8113073019316306,1.8328782320022583,0.4,collusive_scale,,,,,
RawTrust,6,2,0,False,0.8683580756187439,0.6963878566349974,0.909917414188385,1.0,6.0,0.8224617181517349,0.8464184592369417,2.547437906265259,0.4,collusive_scale,,,,,
RawTrust,6,5,1,False,0.7505794167518616,0.009282622215057625,0.33290332555770874,1.0,6.0,0.2056324688192411,0.4946302508874791,0.28841009736061096,0.4,collusive_scale,,,,,
RawTrust,6,6,0,True,0.6881380826234818,0.017467984901680493,0.9999999403953552,0.05,6.0,0.05,0.17564377550521754,12.52393627166748,0.4,collusive_scale,,,,,
RawTrust,6,7,4,False,0.7936764061450958,0.9055978992026037,0.3737269639968872,1.0,6.0,0.8537836759623864,0.846263132184438,2.08732271194458,0.4,collusive_scale,,,,,
RawTrust,6,8,1,True,0.6881380677223206,0.017467984901680493,0.9999999403953552,0.05,6.0,0.05,0.16020414521378717,12.52393627166748,0.4,collusive_scale,,,,,
RawTrust,7,0,0,False,0.7707576751708984,0.9474323978741112,0.44101983308792114,1.0,6.0,0.8310642768414704,0.8521972175948782,1.31977117061615,0.4,collusive_scale,,,,,
RawTrust,7,1,0,False,0.7156761586666107,0.9474323978741113,0.26375675201416016,1.0,6.0,0.7834326520068822,0.8043386394504435,1.8829525709152222,0.4,collusive_scale,,,,,
RawTrust,7,2,2,False,0.7936108410358429,0.7338206928824293,0.46859750151634216,1.0,6.0,0.7951281543006851,0.8335958830028776,4.364742279052734,0.4,collusive_scale,,,,,
RawTrust,7,4,3,True,0.6565259546041489,0.6123147542363705,1.0000001192092896,0.05,6.0,0.05,0.1315030906920159,7.918625831604004,0.4,collusive_scale,,,,,
RawTrust,7,5,0,False,0.5382714457809925,0.5928116987620055,0.0778176337480545,1.0,6.0,0.5960025212113457,0.5199733184684457,0.2821168899536133,0.4,collusive_scale,,,,,
RawTrust,7,6,1,True,0.6565259546041489,0.6123147542363705,1.0000001192092896,0.05,6.0,0.05,0.14423283162891315,7.918625831604004,0.4,collusive_scale,,,,,
RawTrust,7,8,1,True,0.6565259546041489,0.6123147542363705,1.0000001192092896,0.05,6.0,0.05,0.13265310891034038,7.918625831604004,0.4,collusive_scale,,,,,
RawTrust,7,9,3,False,0.8600779175758362,0.8055008974646095,0.46859750151634216,1.0,6.0,0.8283453557901307,0.7791798076013939,0.7736952900886536,0.4,collusive_scale,,,,,
RawTrust,8,0,4,False,0.7466118931770325,0.7654326517844311,0.4584265649318695,1.0,7.0,0.7660191301384512,0.8306526957307714,3.067856550216675,0.4,collusive_scale,,,,,
RawTrust,8,1,1,False,0.6425052583217621,0.896844582266098,0.13961265981197357,1.0,7.0,0.7262571657864478,0.7848182710344447,1.92948579788208,0.4,collusive_scale,,,,,
RawTrust,8,2,0,False,0.7269980013370514,1.0,0.42729562520980835,1.0,7.0,0.8314176484048359,0.833051324353367,1.4029895067214966,0.4,collusive_scale,,,,,
RawTrust,8,3,0,True,0.5004316861741245,0.5431052220709612,0.9999998211860657,0.05,7.0,0.05,0.16992149586975414,8.375197410583496,0.4,collusive_scale,,,,,
RawTrust,8,4,1,True,0.5004316852428019,0.5431052220709612,0.9999998211860657,0.05,7.0,0.05,0.11112731801901192,8.375197410583496,0.4,collusive_scale,,,,,
RawTrust,8,5,0,False,0.6895508021116257,0.5870265269122239,0.5026299357414246,1.0,7.0,0.6809748843315404,0.5602237099342194,0.2950955629348755,0.4,collusive_scale,,,,,
RawTrust,8,6,3,True,0.5004316852428019,0.5431052220709612,0.9999998211860657,0.05,7.0,0.05,0.12067462372168486,8.375197410583496,0.4,collusive_scale,,,,,
RawTrust,8,7,1,False,0.7575646042823792,0.9965188919581466,0.2195979803800583,1.0,7.0,0.8564259116862013,0.8488038270598789,1.3887430429458618,0.4,collusive_scale,,,,,
RawTrust,8,8,0,True,0.5004316861741245,0.5431052220709612,0.9999998211860657,0.05,7.0,0.05,0.11198983168275528,8.375197410583496,0.4,collusive_scale,,,,,
RawTrust,8,9,3,False,0.7060547769069672,0.8206584950106826,0.4584265649318695,1.0,7.0,0.7473184476126409,0.7712144676042056,0.7867295145988464,0.4,collusive_scale,,,,,
RawTrust,9,0,2,False,0.8244922459125519,0.9340500083469735,0.7177391052246094,1.0,6.0,0.8587741799572888,0.8376830667874007,1.3656357526779175,0.4,collusive_scale,,,,,
RawTrust,9,1,2,False,0.7128823697566986,0.7949688567998923,0.2856452465057373,1.0,6.0,0.7416653025400243,0.7740300289108396,1.8640594482421875,0.4,collusive_scale,,,,,
RawTrust,9,2,2,False,0.846571147441864,0.9415479745355944,0.7177391052246094,1.0,6.0,0.8878582005387985,0.8467530433997249,1.5618690252304077,0.4,collusive_scale,,,,,
RawTrust,9,3,2,True,0.3543688952922821,0.1912789200936555,1.000000238418579,0.05,6.0,0.05,0.1399411219023156,8.262572288513184,0.4,collusive_scale,,,,,
RawTrust,9,6,0,True,0.3543688952922821,0.1912789200936555,1.000000238418579,0.05,6.0,0.05,0.10300596779126364,8.262572288513184,0.4,collusive_scale,,,,,
RawTrust,9,7,2,False,0.7118317633867264,0.9415479745355942,0.1975536048412323,1.0,6.0,0.8136237218958741,0.8400088007688776,1.3770959377288818,0.4,collusive_scale,,,,,
RawTrust,9,8,1,True,0.3543688803911209,0.1912789200936555,1.000000238418579,0.05,6.0,0.05,0.09649237376206646,8.262572288513184,0.4,collusive_scale,,,,,
RawTrust,9,9,4,False,0.7749574780464172,0.5652168887612757,0.36072486639022827,1.0,6.0,0.7033365939807005,0.7542449991983293,0.8078234195709229,0.4,collusive_scale,,,,,
RawTrust,10,0,0,False,0.7163611203432083,0.9899536325650345,0.4422118663787842,1.0,6.0,0.808858182348283,0.8304768456776213,2.048072576522827,0.4,collusive_scale,,,,,
RawTrust,10,1,3,False,0.675521120429039,0.9899536325650345,0.23550747334957123,1.0,6.0,0.7690046483775962,0.7727736837775288,1.8751108646392822,0.4,collusive_scale,,,,,
RawTrust,10,3,4,True,0.43701085448265076,0.6703201994581449,1.0,0.05,6.0,0.05,0.1174558414267367,11.250665664672852,0.4,collusive_scale,,,,,
RawTrust,10,4,0,True,0.43701085448265076,0.6703201994581449,1.0,0.05,6.0,0.05,0.09584548851425893,11.250665664672852,0.4,collusive_scale,,,,,
RawTrust,10,5,0,False,0.7597543597221375,0.63695212280374,0.4207395315170288,1.0,6.0,0.7360793368464363,0.6041876166622736,0.2730906009674072,0.4,collusive_scale,,,,,
RawTrust,10,6,2,True,0.43701085448265076,0.6703201994581449,1.0,0.05,6.0,0.05,0.08975447584344773,11.250665664672852,0.4,collusive_scale,,,,,
RawTrust,10,7,6,False,0.7783226370811462,0.9387167376787703,0.4422118663787842,1.0,6.0,0.8538105150248784,0.8434592293328779,2.583364725112915,0.4,collusive_scale,,,,,
RawTrust,10,8,0,True,0.43701085448265076,0.6703201994581449,1.0,0.05,6.0,0.05,0.08486928032154985,11.250665664672852,0.4,collusive_scale,,,,,
RawTrust,10,9,2,False,0.7862254083156586,0.7882497617993021,0.4207395315170288,1.0,6.0,0.7833320392727174,0.7615167592169263,0.6929452419281006,0.4,collusive_scale,,,,,
AgriTrust-ACFL,1,0,0,False,0.7530617415904999,0.903809968719576,0.8040083646774292,1.0,6.0,0.8089939666963837,0.7270456494291906,1.3217952251434326,0.4,collusive_scale,True,False,5367.050984086285,3.1933191418647766,0.5823007258139885
AgriTrust-ACFL,1,1,0,False,0.6913447827100754,0.9267608112707406,0.48758161067962646,1.0,6.0,0.763599216315654,0.7395076283994334,1.0378786325454712,0.4,collusive_scale,True,False,14958.76030726374,3.1933191418647766,0.5823007258139885
AgriTrust-ACFL,1,2,0,False,0.8106517791748047,0.9267608112707406,0.8040083646774292,1.0,6.0,0.8628298377073073,0.7921381661997797,1.2773276567459106,0.4,collusive_scale,True,False,9744.09158242349,3.1933191418647766,0.5823007258139885
AgriTrust-ACFL,1,4,0,True,0.37457334995269775,0.2902789858336024,1.0,0.05,6.0,0.05,0.5332112584716473,6.2272725105285645,0.4,collusive_scale,False,False,0.0,3.1933191418647766,0.5823007258139885
AgriTrust-ACFL,1,5,0,False,0.5874391049146652,0.3587419843049392,0.34090447425842285,1.0,6.0,0.5378814418085546,0.5452402629532996,0.2842196226119995,0.4,collusive_scale,False,False,0.0,3.1933191418647766,0.5823007258139885
AgriTrust-ACFL,1,8,0,True,0.37457334995269775,0.2902789858336024,1.0,0.05,6.0,0.05,0.4354062450514969,6.2272725105285645,0.4,collusive_scale,False,False,0.0,3.1933191418647766,0.5823007258139885
AgriTrust-ACFL,1,9,0,False,0.8259739875793457,0.6703205372355545,0.48758161067962646,1.0,6.0,0.7666764192976915,0.7984346772005187,0.6670514941215515,0.4,collusive_scale,True,False,867.1000594397634,3.1933191418647766,0.5823007258139885
AgriTrust-ACFL,2,0,0,False,0.832278847694397,1.0,0.5100092887878418,1.0,5.0,0.8810756413346754,0.7655531474055617,1.073220133781433,0.4,collusive_scale,True,False,5651.313334147856,2.8159916400909424,0.5967760712270864
AgriTrust-ACFL,2,2,0,False,0.8463886678218842,0.8166264829793153,0.5100092887878418,1.0,5.0,0.8506412120193836,0.8067639276546807,0.8465649485588074,0.4,collusive_scale,True,False,9924.003074080229,2.8159916400909424,0.5967760712270864
AgriTrust-ACFL,2,3,1,True,0.6723239123821259,0.23818718554739443,0.9999999403953552,0.05,5.0,0.05,0.454992555329297,5.759357452392578,0.4,collusive_scale,False,False,0.0,2.8159916400909424,0.5967760712270864
AgriTrust-ACFL,2,4,1,True,0.6723239123821259,0.23818718554739443,0.9999999403953552,0.05,5.0,0.05,0.4124084438537355,5.759357452392578,0.4,collusive_scale,False,False,0.0,2.8159916400909424,0.5967760712270864
AgriTrust-ACFL,2,6,1,True,0.6723239123821259,0.23818718554739443,0.9999999403953552,0.05,5.0,0.05,0.5615177358694394,5.759357452392578,0.4,collusive_scale,False,False,0.0,2.8159916400909424,0.5967760712270864
AgriTrust-ACFL,2,7,1,False,0.7925263047218323,0.959546073225695,0.3088904619216919,1.0,5.0,0.8680417092716052,0.7953860143877632,1.126396656036377,0.4,collusive_scale,True,False,4744.993770666944,2.8159916400909424,0.5967760712270864
AgriTrust-ACFL,2,9,1,False,0.5054086432792246,0.6703206184252907,0.022814899682998657,1.0,5.0,0.585172736051992,0.745119191913387,0.6718153357505798,0.4,collusive_scale,True,False,515.9683447623196,2.8159916400909424,0.5967760712270864
AgriTrust-ACFL,3,1,0,False,0.7463297247886658,0.9706823743061889,0.6836116313934326,1.0,6.0,0.8075662228522672,0.7565222770126419,1.3573790788650513,0.4,collusive_scale,True,False,15302.93261941172,3.393447697162628,0.48194307787025015
AgriTrust-ACFL,3,2,2,False,0.44299760833382607,0.9877486293210926,0.1080620214343071,1.0,6.0,0.6307985120838331,0.7627725737619688,1.2757306098937988,0.4,collusive_scale,True,False,3814.78840520431,3.393447697162628,0.48194307787025015
AgriTrust-ACFL,3,3,0,True,0.602871485054493,0.611977159797166,1.0,0.05,6.0,0.05,0.35374441649697275,7.011310577392578,0.4,collusive_scale,False,False,0.0,3.393447697162628,0.48194307787025015
AgriTrust-ACFL,3,4,1,True,0.6028714925050735,0.611977159797166,1.0,0.05,6.0,0.05,0.32180633289030164,7.011310577392578,0.4,collusive_scale,False,False,0.0,3.393447697162628,0.48194307787025015
AgriTrust-ACFL,3,5,0,False,0.8043199479579926,0.6703202343592924,0.3236764669418335,1.0,6.0,0.7712459381574387,0.6017416817543344,0.29401665925979614,0.4,collusive_scale,True,False,277.40291528874815,3.393447697162628,0.48194307787025015
AgriTrust-ACFL,3,6,2,True,0.602871485054493,0.611977159797166,1.0,0.05,6.0,0.05,0.4336383019020796,7.011310577392578,0.4,collusive_scale,False,False,0.0,3.393447697162628,0.48194307787025015
AgriTrust-ACFL,3,7,2,False,0.5922400876879692,0.9877486293210926,0.17411750555038452,1.0,6.0,0.7459866192467475,0.7830361656025093,1.1685518026351929,0.4,collusive_scale,True,False,2978.564440801601,3.393447697162628,0.48194307787025015
AgriTrust-ACFL,3,8,1,True,0.6028714925050735,0.611977159797166,1.0,0.05,6.0,0.05,0.3390546837886227,7.011310577392578,0.4,collusive_scale,False,False,0.0,3.393447697162628,0.48194307787025015
AgriTrust-ACFL,3,9,0,False,0.7719579339027405,0.8606405325255055,0.6836116313934326,1.0,6.0,0.796193967105436,0.7578878857113992,0.7156618237495422,0.4,collusive_scale,True,False,823.0662438825796,3.393447697162628,0.48194307787025015
AgriTrust-ACFL,4,2,1,False,0.5096781747415662,0.9081633929706595,-0.10534529387950897,1.0,4.0,0.6644127952924256,0.7381826291445831,0.7699686884880066,0.4,collusive_scale,True,False,5789.908798208747,11.549534797668457,0.2704915195914022
AgriTrust-ACFL,4,3,0,True,0.846559077501297,0.6703202317192603,0.9999998807907104,0.05,4.0,0.05,0.27780831237272957,4.619813919067383,0.4,collusive_scale,True,False,7308.0254652770245,11.549534797668457,0.2704915195914022
AgriTrust-ACFL,4,4,0,True,0.846559077501297,0.6703202317192603,0.9999998807907104,0.05,4.0,0.05,0.25385474966772625,4.619813919067383,0.4,collusive_scale,True,True,97.7340786220746,11.549534797668457,0.2704915195914022
AgriTrust-ACFL,4,5,0,False,0.9077581763267517,0.6954833354062648,0.7344310879707336,1.0,4.0,0.8334737775457959,0.6596747057021998,0.29386964440345764,0.4,collusive_scale,True,False,304.1100393287141,11.549534797668457,0.2704915195914022
AgriTrust-ACFL,4,6,1,True,0.8465590476989746,0.6703202125538007,0.9999997615814209,0.05,4.0,0.05,0.3377287264265597,4.619814395904541,0.4,collusive_scale,True,False,221.37501320120924,11.549534797668457,0.2704915195914022
AgriTrust-ACFL,4,7,2,False,0.9082086086273193,0.9081633929706595,0.7344310879707336,1.0,4.0,0.9202685956611035,0.8173442731171578,1.5435832738876343,0.4,collusive_scale,True,False,3109.0678754618643,11.549534797668457,0.2704915195914022
AgriTrust-ACFL,4,8,2,True,0.846559077501297,0.6703202317192603,0.9999998807907104,0.05,4.0,0.05,0.26679101284146706,4.619813919067383,0.4,collusive_scale,False,False,0.0,11.549534797668457,0.2704915195914022
AgriTrust-ACFL,5,0,3,False,0.6665818095207214,1.0,0.2509864270687103,1.0,5.0,0.7798026829809009,0.7691155312993965,1.0706411600112915,0.4,collusive_scale,True,False,1471.8653171319402,10.33785730600357,0.38611351847382136
AgriTrust-ACFL,5,2,0,False,0.4390168786048889,0.7547190005338522,0.04327758774161339,1.0,5.0,0.5789968813687318,0.6983861922006203,2.9607980251312256,0.4,collusive_scale,True,False,8590.84855025983,10.33785730600357,0.38611351847382136
AgriTrust-ACFL,5,3,3,True,0.7821491062641144,0.6421174066750791,1.000000238418579,0.05,5.0,0.05,0.2208562342795472,5.309487819671631,0.4,collusive_scale,False,False,0.0,10.33785730600357,0.38611351847382136
AgriTrust-ACFL,5,4,1,True,0.7821491062641144,0.642117390721276,1.000000238418579,0.05,5.0,0.05,0.2028910622507947,5.309488296508789,0.4,collusive_scale,False,False,0.0,10.33785730600357,0.38611351847382136
AgriTrust-ACFL,5,5,1,False,0.890462338924408,0.6997617695159791,0.5326188802719116,1.0,5.0,0.8262204660924308,0.7013111457997576,0.29457196593284607,0.4,collusive_scale,True,False,206.14801134930985,10.33785730600357,0.38611351847382136
AgriTrust-ACFL,5,6,4,True,0.7821491062641144,0.642117390721276,1.000000238418579,0.05,5.0,0.05,0.2657965448199198,5.309488296508789,0.4,collusive_scale,False,False,0.0,10.33785730600357,0.38611351847382136
AgriTrust-ACFL,5,8,0,True,0.7821491062641144,0.642117390721276,1.000000238418579,0.05,5.0,0.05,0.21259325963110032,5.309488296508789,0.4,collusive_scale,True,True,2796.2391439278626,10.33785730600357,0.38611351847382136
AgriTrust-ACFL,5,9,2,False,0.4936722586862743,0.888803609030526,-0.003554153721779585,1.0,5.0,0.6286789007882979,0.7255856394806239,0.6991884708404541,0.4,collusive_scale,True,False,320.3712017201443,10.33785730600357,0.38611351847382136
AgriTrust-ACFL,6,0,0,False,0.8394269347190857,0.9805890312084691,0.7719261646270752,1.0,6.0,0.8800392204945919,0.7968464535981953,1.4920017719268799,0.4,collusive_scale,True,False,5882.320520461878,3.9174172282218933,0.5618263176180631
AgriTrust-ACFL,6,1,4,False,0.4340173900127411,0.6703205820889099,-0.07498835027217865,1.0,6.0,0.536360497237595,0.7014818320688803,0.9272258877754211,0.4,collusive_scale,True,False,2345.5208890368385,3.9174172282218933,0.5618263176180631
AgriTrust-ACFL,6,2,0,False,0.8218173384666443,0.9557896436069387,0.7719261646270752,1.0,6.0,0.8774271744266797,0.7431464377571352,1.6179718971252441,0.4,collusive_scale,True,False,9141.44433085052,3.9174172282218933,0.5618263176180631
AgriTrust-ACFL,6,5,1,False,0.7969533801078796,0.2608856858333472,0.3768366873264313,1.0,6.0,0.578156628003083,0.670522516350589,0.28490573167800903,0.4,collusive_scale,True,False,197.09779908456832,3.9174172282218933,0.5618263176180631
AgriTrust-ACFL,6,6,0,True,0.7217117249965668,0.2433479306064183,0.9999999403953552,0.05,6.0,0.05,0.2118474086149399,8.952009201049805,0.4,collusive_scale,False,False,0.0,3.9174172282218933,0.5618263176180631
AgriTrust-ACFL,6,7,4,False,0.5096806474030018,0.9805890312084691,-0.05726964399218559,1.0,6.0,0.6853673397298471,0.7843500397703302,1.5669668912887573,0.4,collusive_scale,True,False,1213.025885435346,3.9174172282218933,0.5618263176180631
AgriTrust-ACFL,6,8,1,True,0.7217117249965668,0.2433479306064183,0.9999999403953552,0.05,6.0,0.05,0.17194494472332525,8.952009201049805,0.4,collusive_scale,False,False,0.0,3.9174172282218933,0.5618263176180631
AgriTrust-ACFL,7,0,0,False,0.5390045121312141,0.895011613796023,0.10584309697151184,1.0,6.0,0.6711038725611936,0.7654108083389448,0.7747997045516968,0.4,collusive_scale,True,False,5650.26258715809,5.573219954967499,0.5541317192633105
AgriTrust-ACFL,7,1,0,False,0.6518484503030777,0.895011613796023,0.24021349847316742,1.0,6.0,0.7315977280556838,0.7090108060655811,1.4744815826416016,0.4,collusive_scale,True,False,14341.870585094573,5.573219954967499,0.5541317192633105
AgriTrust-ACFL,7,2,2,False,0.6157907098531723,0.701896271778903,0.2399272620677948,1.0,6.0,0.6824110857400528,0.7279625997528646,2.9840943813323975,0.4,collusive_scale,True,False,3640.6962972769556,5.573219954967499,0.5541317192633105
AgriTrust-ACFL,7,4,3,True,0.5288052279502153,0.6024170412751719,1.0,0.05,6.0,0.05,0.16466829668809604,4.648798942565918,0.4,collusive_scale,False,False,0.0,5.573219954967499,0.5541317192633105
AgriTrust-ACFL,7,5,0,False,0.669017493724823,0.6401647821810837,0.24021349847316742,1.0,6.0,0.6873856687793588,0.6747383044577815,0.29312142729759216,0.4,collusive_scale,True,False,311.05435835503727,5.573219954967499,0.5541317192633105
AgriTrust-ACFL,7,6,1,True,0.5288052260875702,0.6024170412751719,1.0,0.05,6.0,0.05,0.17138555646120493,4.648798942565918,0.4,collusive_scale,False,False,0.0,5.573219954967499,0.5541317192633105
AgriTrust-ACFL,7,8,1,True,0.5288052260875702,0.6024170412751719,1.0,0.05,6.0,0.05,0.14145870854249395,4.648798942565918,0.4,collusive_scale,False,False,0.0,5.573219954967499,0.5541317192633105
AgriTrust-ACFL,7,9,3,False,0.7013651579618454,0.78611061410825,0.2399272620677948,1.0,6.0,0.7350387681583006,0.7279489216500432,0.5318094491958618,0.4,collusive_scale,True,False,204.9430436494018,5.573219954967499,0.5541317192633105
AgriTrust-ACFL,8,0,4,False,0.5499974712729454,1.0,0.45150741934776306,1.0,7.0,0.701558198512846,0.7494476558824201,1.104933738708496,0.4,collusive_scale,True,False,914.5033042451653,3.238881677389145,0.5548111303204096
AgriTrust-ACFL,8,1,1,False,0.5618756860494614,0.8704649418019904,0.21288779377937317,1.0,7.0,0.6686065291685377,0.6989097368413202,1.4718824625015259,0.4,collusive_scale,True,False,9014.497424444611,3.238881677389145,0.5548111303204096
AgriTrust-ACFL,8,2,0,False,0.5870760381221771,0.9023444454881246,0.45150741934776306,1.0,7.0,0.7167530828687838,0.7251602205318444,0.8934881687164307,0.4,collusive_scale,True,False,8920.195872762217,3.238881677389145,0.5548111303204096
AgriTrust-ACFL,8,3,0,True,0.651472344994545,0.44124065436354104,0.9999997615814209,0.05,7.0,0.05,0.1781421757096604,5.995265960693359,0.4,collusive_scale,False,False,0.0,3.238881677389145,0.5548111303204096
AgriTrust-ACFL,8,4,1,True,0.651472344994545,0.44124065436354104,0.9999997615814209,0.05,7.0,0.05,0.13600122251607205,5.995265960693359,0.4,collusive_scale,False,False,0.0,3.238881677389145,0.5548111303204096
AgriTrust-ACFL,8,5,0,False,0.812556266784668,0.5278482655113702,0.5124607086181641,1.0,7.0,0.7219289421658637,0.6865359638848021,0.29495084285736084,0.4,collusive_scale,True,False,316.49307935089377,3.238881677389145,0.5548111303204096
AgriTrust-ACFL,8,6,3,True,0.6514723300933838,0.4412406373855271,0.9999996423721313,0.05,7.0,0.05,0.14103916734590372,5.995266437530518,0.4,collusive_scale,True,True,18.79339767907224,3.238881677389145,0.5548111303204096
AgriTrust-ACFL,8,7,1,False,0.8050303757190704,0.9938030593420826,0.5124607086181641,1.0,7.0,0.8848102856647554,0.8094651012439366,1.11922287940979,0.4,collusive_scale,True,False,4828.9846609023525,3.238881677389145,0.5548111303204096
AgriTrust-ACFL,8,8,0,True,0.651472344994545,0.44124065436354104,0.9999997615814209,0.05,7.0,0.05,0.11859403140687046,5.995265960693359,0.4,collusive_scale,False,False,0.0,3.238881677389145,0.5548111303204096
AgriTrust-ACFL,8,9,3,False,0.5025222762487829,0.8512472773529137,0.1412954479455948,1.0,7.0,0.6266831105292361,0.7026324688698415,0.7920601963996887,0.4,collusive_scale,True,False,197.8155780637392,3.238881677389145,0.5548111303204096
AgriTrust-ACFL,9,0,2,False,0.6332793235778809,0.715247977418438,0.1723073422908783,1.0,6.0,0.6856140905164044,0.7334892645409161,0.7255855798721313,0.4,collusive_scale,True,False,2201.419296584851,3.2000620663166046,0.5611382346590984
AgriTrust-ACFL,9,1,2,False,0.7807244062423706,0.6282156961167322,0.24294692277908325,1.0,6.0,0.7265232166617328,0.7058131067964234,1.4466185569763184,0.4,collusive_scale,True,False,5804.671273798454,3.2000620663166046,0.5611382346590984
AgriTrust-ACFL,9,2,2,False,0.6949386298656464,0.8509866023028336,0.24294692277908325,1.0,6.0,0.7727221048075528,0.7370506916007715,0.8429053425788879,0.4,collusive_scale,True,False,3686.1477838659926,3.2000620663166046,0.5611382346590984
AgriTrust-ACFL,9,3,2,True,0.6192979961633682,0.147191349451743,1.0000004768371582,0.05,6.0,0.05,0.1461066317822453,5.057430744171143,0.4,collusive_scale,False,False,0.0,3.2000620663166046,0.5611382346590984
AgriTrust-ACFL,9,6,0,True,0.6192980036139488,0.147191349451743,1.0000004768371582,0.05,6.0,0.05,0.11827937550942778,5.057430744171143,0.4,collusive_scale,False,False,0.0,3.2000620663166046,0.5611382346590984
AgriTrust-ACFL,9,7,2,False,0.6846488863229752,0.8509866023028336,0.2856849431991577,1.0,6.0,0.7725871520946221,0.8002456139566079,1.1134310960769653,0.4,collusive_scale,True,False,3044.0268717403915,3.2000620663166046,0.5611382346590984
AgriTrust-ACFL,9,8,1,True,0.6192980036139488,0.147191349451743,1.0000004768371582,0.05,6.0,0.05,0.10144552355515284,5.057430744171143,0.4,collusive_scale,True,True,850.7955135883177,3.2000620663166046,0.5611382346590984
AgriTrust-ACFL,9,9,4,False,0.5957603827118874,0.793513489549135,0.12927216291427612,1.0,6.0,0.6738318418429143,0.6954323121131097,0.7935709953308105,0.4,collusive_scale,True,False,124.84024819587154,3.2000620663166046,0.5611382346590984
AgriTrust-ACFL,10,0,0,False,0.46021733805537224,0.9502940386175649,0.2191827893257141,1.0,6.0,0.6264008833935487,0.7067171692540744,1.0028330087661743,0.4,collusive_scale,True,False,5216.986143433577,3.6324343085289,0.5561641900304748
AgriTrust-ACFL,10,1,3,False,0.5234500356018543,0.9502940386175649,0.19668082892894745,1.0,6.0,0.6602096627180253,0.6944122457768239,1.436980128288269,0.4,collusive_scale,True,False,3641.4367032603755,3.6324343085289,0.5561641900304748
AgriTrust-ACFL,10,3,4,True,0.7431710362434387,0.6332291832237333,1.0,0.05,6.0,0.05,0.12207997383668398,6.0169997215271,0.4,collusive_scale,True,True,265.4233829854616,3.6324343085289,0.5561641900304748
AgriTrust-ACFL,10,4,0,True,0.7431710362434387,0.6332291832237333,1.0,0.05,6.0,0.05,0.11450091688705404,6.0169997215271,0.4,collusive_scale,True,True,44.0828530015158,3.6324343085289,0.5561641900304748
AgriTrust-ACFL,10,5,0,False,0.881596028804779,0.6703202360500012,0.45851337909698486,1.0,6.0,0.811157750391936,0.7176914105115855,0.2927587926387787,0.4,collusive_scale,True,False,330.8557402458409,3.6324343085289,0.5561641900304748
AgriTrust-ACFL,10,6,2,True,0.7431710660457611,0.6332291974488292,1.0,0.05,6.0,0.05,0.10120953163207083,6.016999244689941,0.4,collusive_scale,False,False,0.0,3.6324343085289,0.5561641900304748
AgriTrust-ACFL,10,7,6,False,0.7092202007770538,0.947317094747386,0.33359867334365845,1.0,6.0,0.8134699832961267,0.8035517062914876,1.45297372341156,0.4,collusive_scale,True,False,505.2530450865645,3.6324343085289,0.5561641900304748
AgriTrust-ACFL,10,8,0,True,0.7431710362434387,0.6332291832237333,1.0,0.05,6.0,0.05,0.08858414266636462,6.0169997215271,0.4,collusive_scale,False,False,0.0,3.6324343085289,0.5561641900304748
AgriTrust-ACFL,10,9,2,False,0.7632758915424347,0.8311414877214806,0.43855804204940796,1.0,6.0,0.7830205909950546,0.717329381833596,0.6251357197761536,0.4,collusive_scale,True,False,316.7257778857051,3.6324343085289,0.5561641900304748
RawTrust,1,0,0,False,0.8761416673660278,0.5554037665841776,0.9046610593795776,1.0,6.0,0.7597380078071659,0.7748754885056919,2.00687837600708,0.4,adaptive_slow_drift,,,,,
RawTrust,1,1,0,False,0.7777895927429199,0.7085288404477958,0.6644703149795532,1.0,6.0,0.7516653424831898,0.8074252943119905,1.5805162191390991,0.4,adaptive_slow_drift,,,,,
RawTrust,1,2,0,False,0.9008561968803406,0.5120816017814018,0.9046610593795776,1.0,6.0,0.7653114838767534,0.7826243149388956,2.1732754707336426,0.4,adaptive_slow_drift,,,,,
RawTrust,1,4,0,True,0.9613933265209198,0.7085288404477958,1.0,0.05,6.0,0.05,0.3934533533688242,0.8039881587028503,0.4,adaptive_slow_drift,,,,,
RawTrust,1,5,0,False,0.6373856663703918,0.2355851499389461,0.19746282696723938,1.0,6.0,0.49589298366636175,0.39698605812497034,0.27302640676498413,0.4,adaptive_slow_drift,,,,,
RawTrust,1,8,0,True,0.9613933265209198,0.7085288404477958,1.0,0.05,6.0,0.05,0.3982995206756729,0.8039881587028503,0.4,adaptive_slow_drift,,,,,
RawTrust,1,9,0,False,0.8653650283813477,0.6703207294533489,0.6644703149795532,1.0,6.0,0.7865752494696275,0.7130847626697122,0.7614408135414124,0.4,adaptive_slow_drift,,,,,
RawTrust,2,0,0,False,0.8277246356010437,0.9708104021694317,0.5938836336135864,1.0,5.0,0.8706485564227223,0.7988187554849495,1.3215773105621338,0.4,adaptive_slow_drift,,,,,
RawTrust,2,2,0,False,0.8653939366340637,1.0,0.5938836336135864,1.0,5.0,0.9150473888936504,0.8157300834275844,1.2716258764266968,0.4,adaptive_slow_drift,,,,,
RawTrust,2,3,1,True,0.9135030508041382,0.6678927681033492,0.9999998807907104,0.05,5.0,0.05,0.4290111474402105,0.7522628307342529,0.4,adaptive_slow_drift,,,,,
RawTrust,2,4,1,True,0.9135030508041382,0.6678927681033492,0.9999998807907104,0.05,5.0,0.05,0.30759001502661815,0.7522628307342529,0.4,adaptive_slow_drift,,,,,
RawTrust,2,6,1,True,0.9135030508041382,0.6678927681033492,0.9999998807907104,0.05,5.0,0.05,0.4470963769053788,0.7522628307342529,0.4,adaptive_slow_drift,,,,,
RawTrust,2,7,1,False,0.8502039313316345,0.8456850535973244,0.5936115980148315,1.0,5.0,0.8686876012571397,0.8338727567770072,1.5813688039779663,0.4,adaptive_slow_drift,,,,,
RawTrust,2,9,1,False,0.6801446676254272,0.6703205614212174,0.20063425600528717,1.0,5.0,0.6889874647133536,0.7070604381806226,0.7558212876319885,0.4,adaptive_slow_drift,,,,,
RawTrust,3,1,0,False,0.6463469415903091,0.5499874672489665,0.6841603517532349,1.0,6.0,0.6292236943402858,0.7628748943190643,1.7931822538375854,0.4,adaptive_slow_drift,,,,,
RawTrust,3,2,2,False,0.6527511775493622,0.3883163530888882,0.4235590994358063,1.0,6.0,0.5899876067268958,0.7592944642524122,2.1761720180511475,0.4,adaptive_slow_drift,,,,,
RawTrust,3,3,0,True,0.8929347395896912,0.6703213909354205,1.0,0.05,6.0,0.05,0.3342583605801579,1.029477834701538,0.4,adaptive_slow_drift,,,,,
RawTrust,3,4,1,True,0.8929347395896912,0.6703213909354205,1.0,0.05,6.0,0.05,0.2431925112699636,1.029477834701538,0.4,adaptive_slow_drift,,,,,
RawTrust,3,5,0,False,0.6195792108774185,0.06989498685736502,0.15488791465759277,1.0,6.0,0.339085639767957,0.38251095353571707,0.2928104102611542,0.4,adaptive_slow_drift,,,,,
RawTrust,3,6,2,True,0.8929347693920135,0.6703212513632981,1.0,0.05,6.0,0.05,0.3478222826790341,1.0294777154922485,0.4,adaptive_slow_drift,,,,,
RawTrust,3,7,2,False,0.6989387422800064,0.6703213560423872,0.4235590994358063,1.0,6.0,0.7274275516038684,0.8072614554837225,1.6063342094421387,0.4,adaptive_slow_drift,,,,,
RawTrust,3,8,1,True,0.8929347395896912,0.6703213909354205,1.0,0.05,6.0,0.05,0.3112246405067547,1.029477834701538,0.4,adaptive_slow_drift,,,,,
RawTrust,3,9,0,False,0.6961659789085388,0.3543503425935212,0.6841603517532349,1.0,6.0,0.5763917278292234,0.6743932605927727,0.7221906781196594,0.4,adaptive_slow_drift,,,,,
RawTrust,4,2,1,False,0.5330866873264313,0.6703544737395064,-0.1365147978067398,1.0,4.0,0.6217361702714994,0.724904890757184,1.223816990852356,0.4,adaptive_slow_drift,,,,,
RawTrust,4,3,0,True,0.9269356727600098,0.6703544737395064,0.9999998807907104,0.05,4.0,0.05,0.26319377043511843,1.2049040794372559,0.4,adaptive_slow_drift,,,,,
RawTrust,4,4,0,True,0.9269356727600098,0.6703544737395064,0.9999998807907104,0.05,4.0,0.05,0.19489438345247273,1.2049040794372559,0.4,adaptive_slow_drift,,,,,
RawTrust,4,5,0,False,0.7770090699195862,2.3183072095781792e-32,0.5962692499160767,1.0,4.0,0.05,0.29938321515178784,0.29402002692222595,0.4,adaptive_slow_drift,,,,,
RawTrust,4,6,1,True,0.9269356727600098,0.6703544737395064,0.9999998807907104,0.05,4.0,0.05,0.2733667120092756,1.2049040794372559,0.4,adaptive_slow_drift,,,,,
RawTrust,4,7,2,False,0.7890397906303406,9.316253449962187e-09,0.5962692499160767,1.0,4.0,0.05,0.6179460916127919,1.740605354309082,0.4,adaptive_slow_drift,,,,,
RawTrust,4,8,2,True,0.9269356727600098,0.6703544737395064,0.9999998807907104,0.05,4.0,0.05,0.24591848038006603,1.2049040794372559,0.4,adaptive_slow_drift,,,,,
RawTrust,5,0,3,False,0.6539335548877716,0.44935197027013823,0.2783159613609314,1.0,5.0,0.6069945765993298,0.7508627107635446,1.3018319606781006,0.4,adaptive_slow_drift,,,,,
RawTrust,5,2,0,False,0.6582012325525284,0.3986667549614632,0.2783159613609314,1.0,5.0,0.5973876722254662,0.6930255861242546,1.3081492185592651,0.4,adaptive_slow_drift,,,,,
RawTrust,5,3,3,True,0.7977084517478943,0.9999994154132307,1.000000238418579,0.05,5.0,0.05,0.20989532782633885,1.2603834867477417,0.4,adaptive_slow_drift,,,,,
RawTrust,5,4,1,True,0.7977084219455719,0.9999994154132307,1.000000238418579,0.05,5.0,0.05,0.15867078758935454,1.2603834867477417,0.4,adaptive_slow_drift,,,,,
RawTrust,5,5,1,False,0.6569432318210602,2.3995456127986046e-16,0.16147270798683167,1.0,5.0,0.05,0.23703741136384088,0.29424452781677246,0.4,adaptive_slow_drift,,,,,
RawTrust,5,6,4,True,0.7977083921432495,0.9999982462407178,1.0000001192092896,0.05,5.0,0.05,0.21752503400695672,1.2603836059570312,0.4,adaptive_slow_drift,,,,,
RawTrust,5,8,0,True,0.7977084517478943,0.9999994154132307,1.000000238418579,0.05,5.0,0.05,0.19693886028504953,1.2603834867477417,0.4,adaptive_slow_drift,,,,,
RawTrust,5,9,2,False,0.5815723240375519,3.483384517328002e-07,0.09711180627346039,1.0,5.0,0.05,0.5182949454445795,0.69069904088974,0.4,adaptive_slow_drift,,,,,
RawTrust,6,0,0,False,0.5845394283533096,0.6216418951906555,0.3184846043586731,1.0,6.0,0.6290352768460635,0.7204058522841743,1.0957121849060059,0.4,adaptive_slow_drift,,,,,
RawTrust,6,1,4,False,0.6001515537500381,0.6893214731137545,0.12022729218006134,1.0,6.0,0.6464175705854434,0.7337605633856591,1.4785624742507935,0.4,adaptive_slow_drift,,,,,
RawTrust,6,2,0,False,0.5996233969926834,0.6893214731137545,0.3184846043586731,1.0,6.0,0.6688607718504789,0.6869843825558106,1.1364941596984863,0.4,adaptive_slow_drift,,,,,
RawTrust,6,5,1,False,0.6917529404163361,0.014332880194158279,0.33569666743278503,1.0,6.0,0.22397287663355414,0.23377127768126918,0.2889069616794586,0.4,adaptive_slow_drift,,,,,
RawTrust,6,6,0,True,0.9082966446876526,0.6703219416672522,1.0000004768371582,0.05,6.0,0.05,0.17564377550521754,1.4932481050491333,0.4,adaptive_slow_drift,,,,,
RawTrust,6,7,4,False,0.7188932597637177,0.4080393528154107,0.33569666743278503,1.0,6.0,0.6365600189918987,0.6225995734575687,1.779772400856018,0.4,adaptive_slow_drift,,,,,
RawTrust,6,8,1,True,0.9082966446876526,0.6703219416672522,1.0000004768371582,0.05,6.0,0.05,0.16020414521378717,1.4932481050491333,0.4,adaptive_slow_drift,,,,,
RawTrust,7,0,0,False,0.5860529541969299,0.8547638535828959,0.4113314151763916,1.0,6.0,0.6930817135256494,0.7135748175945431,1.1246780157089233,0.4,adaptive_slow_drift,,,,,
RawTrust,7,1,0,False,0.5861505568027496,0.756597219753926,0.37467506527900696,1.0,6.0,0.6561567013818582,0.7143595978847088,1.4339419603347778,0.4,adaptive_slow_drift,,,,,
RawTrust,7,2,2,False,0.6440688371658325,0.8547638535828959,0.4113314151763916,1.0,6.0,0.7420660654595942,0.7007548032817564,1.3396813869476318,0.4,adaptive_slow_drift,,,,,
RawTrust,7,4,3,True,0.8999896049499512,0.6703212486929792,0.9999995231628418,0.05,6.0,0.05,0.1315030906920159,1.5340477228164673,0.4,adaptive_slow_drift,,,,,
RawTrust,7,5,0,False,0.5892338901758194,0.0773197083883392,0.09292208403348923,1.0,6.0,0.3399911684660439,0.2603262503774629,0.29470351338386536,0.4,adaptive_slow_drift,,,,,
RawTrust,7,6,1,True,0.8999896049499512,0.6703212486929792,0.9999995231628418,0.05,6.0,0.05,0.14423283162891315,1.5340477228164673,0.4,adaptive_slow_drift,,,,,
RawTrust,7,8,1,True,0.8999896049499512,0.6703212486929792,0.9999995231628418,0.05,6.0,0.05,0.13265310891034038,1.5340477228164673,0.4,adaptive_slow_drift,,,,,
RawTrust,7,9,3,False,0.6494418978691101,0.2756320838464066,0.37467506527900696,1.0,6.0,0.514507774763106,0.5173481527742112,0.5985129475593567,0.4,adaptive_slow_drift,,,,,
RawTrust,8,0,4,False,0.6466416120529175,1.0,0.49089133739471436,1.0,7.0,0.7668851530429024,0.726902401456633,1.1954923868179321,0.4,adaptive_slow_drift,,,,,
RawTrust,8,1,1,False,0.5348861180245876,0.8703753674950552,0.43574145436286926,1.0,7.0,0.6507269649593242,0.6984514396533626,1.40227210521698,0.4,adaptive_slow_drift,,,,,
RawTrust,8,2,0,False,0.7009429782629013,0.9897706879116019,0.49089133739471436,1.0,7.0,0.812384867961469,0.7286623194516846,1.1814502477645874,0.4,adaptive_slow_drift,,,,,
RawTrust,8,3,0,True,0.7495126128196716,0.6703206293598486,1.000000238418579,0.05,7.0,0.05,0.16992149586975414,1.8930940628051758,0.4,adaptive_slow_drift,,,,,
RawTrust,8,4,1,True,0.7495126128196716,0.6703206293598486,1.000000238418579,0.05,7.0,0.05,0.11112731801901192,1.8930940628051758,0.4,adaptive_slow_drift,,,,,
RawTrust,8,5,0,False,0.7544191479682922,0.2956900029488145,0.6415002942085266,1.0,7.0,0.5824522243120398,0.3408577438611071,0.2947574555873871,0.4,adaptive_slow_drift,,,,,
RawTrust,8,6,3,True,0.7495126128196716,0.6703206293598486,1.000000238418579,0.05,7.0,0.05,0.12067462372168486,1.8930940628051758,0.4,adaptive_slow_drift,,,,,
RawTrust,8,7,1,False,0.7563941478729248,0.8229828361189088,0.6415002942085266,1.0,7.0,0.8079640508509132,0.6689406928059047,1.4954590797424316,0.4,adaptive_slow_drift,,,,,
RawTrust,8,8,0,True,0.7495126128196716,0.6703206293598486,1.000000238418579,0.05,7.0,0.05,0.11198983168275528,1.8930940628051758,0.4,adaptive_slow_drift,,,,,
RawTrust,8,9,3,False,0.5081569422036409,0.6262894469111002,0.43574145436286926,1.0,7.0,0.5750785875346827,0.5317807614643291,0.6982536911964417,0.4,adaptive_slow_drift,,,,,
RawTrust,9,0,2,False,0.624632939696312,0.8786210863348815,0.4921122193336487,1.0,6.0,0.7237681959803408,0.7261188500875599,1.1614428758621216,0.4,adaptive_slow_drift,,,,,
RawTrust,9,1,2,False,0.5506366491317749,0.9447883307215588,0.4213985204696655,1.0,6.0,0.6776715680095005,0.6932564717423971,1.3750559091567993,0.4,adaptive_slow_drift,,,,,
RawTrust,9,2,2,False,0.6584512889385223,0.9447883307215588,0.4921122193336487,1.0,6.0,0.7740416580412849,0.7400071540990847,1.240480661392212,0.4,adaptive_slow_drift,,,,,
RawTrust,9,3,2,True,0.8929874300956726,0.5382573735076733,1.000000238418579,0.05,6.0,0.05,0.1399411219023156,2.2902207374572754,0.4,adaptive_slow_drift,,,,,
RawTrust,9,6,0,True,0.8929873704910278,0.5382573117103207,1.000000238418579,0.05,6.0,0.05,0.10300596779126364,2.2902209758758545,0.4,adaptive_slow_drift,,,,,
RawTrust,9,7,2,False,0.585571251809597,0.834786437344496,0.2048092931509018,1.0,6.0,0.7048631280126684,0.6779213016075957,1.5383881330490112,0.4,adaptive_slow_drift,,,,,
RawTrust,9,8,1,True,0.8929874300956726,0.5382573735076733,1.000000238418579,0.05,6.0,0.05,0.09649237376206646,2.2902207374572754,0.4,adaptive_slow_drift,,,,,
RawTrust,9,9,4,False,0.5835200995206833,0.5130784457999971,0.4213985204696655,1.0,6.0,0.5844961794121933,0.5449596159512952,0.7131274938583374,0.4,adaptive_slow_drift,,,,,
RawTrust,10,0,0,False,0.5260917972773314,0.9343163657540355,0.1784457415342331,1.0,6.0,0.670806638383655,0.7122907971615837,1.1524927616119385,0.4,adaptive_slow_drift,,,,,
RawTrust,10,1,3,False,0.5343104377388954,0.9343163657540356,0.1956276297569275,1.0,6.0,0.6643207153812845,0.686022532652119,1.3697372674942017,0.4,adaptive_slow_drift,,,,,
RawTrust,10,3,4,True,0.874643474817276,0.6703205734688887,0.9999999403953552,0.05,6.0,0.05,0.1174558414267367,2.0888969898223877,0.4,adaptive_slow_drift,,,,,
RawTrust,10,4,0,True,0.8746434450149536,0.6703205734688887,0.9999999403953552,0.05,6.0,0.05,0.09584548851425893,2.0888969898223877,0.4,adaptive_slow_drift,,,,,
RawTrust,10,5,0,False,0.7905474901199341,0.31952073385531854,0.5258256196975708,1.0,6.0,0.6116914680323642,0.4085661749039214,0.2947138249874115,0.4,adaptive_slow_drift,,,,,
RawTrust,10,6,2,True,0.874643474817276,0.6703205734688887,0.9999999403953552,0.05,6.0,0.05,0.08975447584344773,2.0888969898223877,0.4,adaptive_slow_drift,,,,,
RawTrust,10,7,6,False,0.7448465377092361,0.8490567690149576,0.5258256196975708,1.0,6.0,0.8086881457239454,0.7106130126366831,1.5468662977218628,0.4,adaptive_slow_drift,,,,,
RawTrust,10,8,0,True,0.8746434450149536,0.6703205734688887,0.9999999403953552,0.05,6.0,0.05,0.08486928032154985,2.0888969898223877,0.4,adaptive_slow_drift,,,,,
RawTrust,10,9,2,False,0.7179148346185684,0.5794053101814307,0.4821949303150177,1.0,6.0,0.6794080619914598,0.5785717274613362,0.627927839756012,0.4,adaptive_slow_drift,,,,,
AgriTrust-ACFL,1,0,0,False,0.8238571882247925,0.6703206253382368,0.8040083646774292,1.0,6.0,0.7770852442619285,0.7190684688205768,1.3217952251434326,0.4,adaptive_slow_drift,True,False,5308.163436833498,1.6676287353038788,0.5759116936232423
AgriTrust-ACFL,1,1,0,False,0.6641132086515427,0.8261152554204134,0.48758161067962646,1.0,6.0,0.7215865903963674,0.7290044719196118,1.0378786325454712,0.4,adaptive_slow_drift,True,False,14746.302457989908,1.6676287353038788,0.5759116936232423
AgriTrust-ACFL,1,2,0,False,0.8720282912254333,0.6904408291434214,0.8040083646774292,1.0,6.0,0.8222534901269636,0.7819940793046938,1.2773276567459106,0.4,adaptive_slow_drift,True,False,9619.309169527038,1.6676287353038788,0.5759116936232423
AgriTrust-ACFL,1,4,0,True,0.9760287404060364,0.6239454867347284,0.9999998807907104,0.05,6.0,0.05,0.5332112584716473,0.48207417130470276,0.4,adaptive_slow_drift,False,False,0.0,1.6676287353038788,0.5759116936232423
AgriTrust-ACFL,1,5,0,False,0.5044369623064995,0.3952241348468032,-0.03133009374141693,1.0,6.0,0.5092360752549557,0.5380789213148999,0.2842196226119995,0.4,adaptive_slow_drift,False,False,0.0,1.6676287353038788,0.5759116936232423
AgriTrust-ACFL,1,8,0,True,0.9760287404060364,0.6239454867347284,0.9999998807907104,0.05,6.0,0.05,0.4354062450514969,0.48207417130470276,0.4,adaptive_slow_drift,False,False,0.0,1.6676287353038788,0.5759116936232423
AgriTrust-ACFL,1,9,0,False,0.8140656352043152,0.8261152554204134,0.5765974521636963,1.0,6.0,0.8097868484701579,0.8092122844936354,0.6670514941215515,0.4,adaptive_slow_drift,True,False,878.804540960088,1.6676287353038788,0.5759116936232423
AgriTrust-ACFL,2,0,0,False,0.8096297979354858,0.7176017154428733,0.5095279216766357,1.0,5.0,0.7855754986131203,0.7356952262687126,1.0728410482406616,0.4,adaptive_slow_drift,True,False,5430.902160315637,1.6795383393764496,0.5892282892697246
AgriTrust-ACFL,2,2,0,False,0.8434773683547974,1.0,0.5095279216766357,1.0,5.0,0.9022281196744117,0.8120525893971233,0.846317708492279,0.4,adaptive_slow_drift,True,False,9989.058902174014,1.6795383393764496,0.5892282892697246
AgriTrust-ACFL,2,3,1,True,0.917508065700531,0.507588683605466,1.0000003576278687,0.05,5.0,0.05,0.454992555329297,0.5212655067443848,0.4,adaptive_slow_drift,False,False,0.0,1.6795383393764496,0.5892282892697246
AgriTrust-ACFL,2,4,1,True,0.917508065700531,0.507588683605466,1.0000003576278687,0.05,5.0,0.05,0.4124084438537355,0.5212655067443848,0.4,adaptive_slow_drift,False,False,0.0,1.6795383393764496,0.5892282892697246
AgriTrust-ACFL,2,6,1,True,0.917508065700531,0.507588683605466,1.0000003576278687,0.05,5.0,0.05,0.5615177358694394,0.5212655067443848,0.4,adaptive_slow_drift,False,False,0.0,1.6795383393764496,0.5892282892697246
AgriTrust-ACFL,2,7,1,False,0.7868262529373169,0.670320983923363,0.5250688791275024,1.0,5.0,0.7763928444260089,0.7724737981763641,1.126396656036377,0.4,adaptive_slow_drift,True,False,4608.307531245263,1.6795383393764496,0.5892282892697246
AgriTrust-ACFL,2,9,1,False,0.5574846416711807,0.7239140529382172,0.022746993228793144,1.0,5.0,0.6320188710805064,0.7649139311403531,0.6718153357505798,0.4,adaptive_slow_drift,True,False,529.6754924841657,1.6795383393764496,0.5892282892697246
AgriTrust-ACFL,3,1,0,False,0.6692038774490356,0.5096629968826024,0.6814591288566589,1.0,6.0,0.6268810967981967,0.7034736281392581,1.3530858755111694,0.4,adaptive_slow_drift,True,False,14229.864550000912,1.904033124446869,0.408136375388195
AgriTrust-ACFL,3,2,2,False,0.5389137305319309,0.5689333670068373,0.1080620214343071,1.0,6.0,0.5954289934108642,0.7578966904005585,1.2757306098937988,0.4,adaptive_slow_drift,True,False,3790.4030720761143,1.904033124446869,0.408136375388195
AgriTrust-ACFL,3,3,0,True,0.9111052751541138,0.6703212987267765,0.9999997019767761,0.05,6.0,0.05,0.35374441649697275,0.7616132497787476,0.4,adaptive_slow_drift,False,False,0.0,1.904033124446869,0.408136375388195
AgriTrust-ACFL,3,4,1,True,0.9111052751541138,0.6703212987267765,0.9999997019767761,0.05,6.0,0.05,0.32180633289030164,0.7616132497787476,0.4,adaptive_slow_drift,False,False,0.0,1.904033124446869,0.408136375388195
AgriTrust-ACFL,3,5,0,False,0.7154090404510498,0.11320425018091827,0.2719403803348541,1.0,6.0,0.4241173918739249,0.5095885389546561,0.2940416932106018,0.4,adaptive_slow_drift,True,False,234.92031645809644,1.904033124446869,0.408136375388195
AgriTrust-ACFL,3,6,2,True,0.9111052751541138,0.6703212987267765,0.9999997019767761,0.05,6.0,0.05,0.4336383019020796,0.7616132497787476,0.4,adaptive_slow_drift,True,False,181.24069380675465,1.904033124446869,0.408136375388195
AgriTrust-ACFL,3,7,2,False,0.62644062936306,0.6703212987267765,0.18708781898021698,1.0,6.0,0.6849079017085397,0.7505823240594081,1.1685518026351929,0.4,adaptive_slow_drift,True,False,2855.114384936925,1.904033124446869,0.408136375388195
AgriTrust-ACFL,3,8,1,True,0.9111052751541138,0.6703212987267765,0.9999997019767761,0.05,6.0,0.05,0.3390546837886227,0.7616132497787476,0.4,adaptive_slow_drift,False,False,0.0,1.904033124446869,0.408136375388195
AgriTrust-ACFL,3,9,0,False,0.7130109369754791,0.5952896623136428,0.6814591288566589,1.0,6.0,0.6823658002724066,0.7442768984233664,0.7147387862205505,0.4,adaptive_slow_drift,True,False,808.2847116877759,1.904033124446869,0.408136375388195
AgriTrust-ACFL,4,2,1,False,0.5759011954069138,0.6703238649275054,-0.012623906135559082,1.0,4.0,0.6487132419696268,0.7306008282928256,0.7690893411636353,0.4,adaptive_slow_drift,True,False,5730.441216983317,2.2125880420207977,0.2704915195914022
AgriTrust-ACFL,4,3,0,True,0.9515027403831482,0.6703238649275054,1.0,0.05,4.0,0.05,0.27780831237272957,0.8850352168083191,0.4,adaptive_slow_drift,True,False,7308.0254652770245,2.2125880420207977,0.2704915195914022
AgriTrust-ACFL,4,4,0,True,0.9515027403831482,0.6703238649275054,1.0,0.05,4.0,0.05,0.25385474966772625,0.8850352168083191,0.4,adaptive_slow_drift,True,True,97.7340786220746,2.2125880420207977,0.2704915195914022
AgriTrust-ACFL,4,5,0,False,0.8223568797111511,0.002792663327208125,0.7330430746078491,1.0,4.0,0.15080338334242316,0.41989225005159786,0.2938825190067291,0.4,adaptive_slow_drift,True,False,193.5703272737866,2.2125880420207977,0.2704915195914022
AgriTrust-ACFL,4,6,1,True,0.9515027403831482,0.6703238649275054,1.0,0.05,4.0,0.05,0.3377287264265597,0.8850352168083191,0.4,adaptive_slow_drift,True,False,221.37501320120924,2.2125880420207977,0.2704915195914022
AgriTrust-ACFL,4,7,2,False,0.8390763401985168,0.0282301135658684,0.7330430746078491,1.0,4.0,0.3110053897876564,0.6406880904914701,1.5431629419326782,0.4,adaptive_slow_drift,True,False,2437.0914752252866,2.2125880420207977,0.2704915195914022
AgriTrust-ACFL,4,8,2,True,0.9515027403831482,0.6703238649275054,1.0,0.05,4.0,0.05,0.26679101284146706,0.8850352168083191,0.4,adaptive_slow_drift,False,False,0.0,2.2125880420207977,0.2704915195914022
AgriTrust-ACFL,5,0,3,False,0.6625448018312454,0.017648641822916488,0.20766513049602509,1.0,5.0,0.23149792253871612,0.6096459003362135,1.0704197883605957,0.4,adaptive_slow_drift,True,False,1166.6864338580706,2.1982933580875397,0.23755726465587135
AgriTrust-ACFL,5,2,0,False,0.6226939409971237,0.4493478813430361,0.20766513049602509,1.0,5.0,0.6006228233745307,0.6981063270632519,0.9142594933509827,0.4,adaptive_slow_drift,True,False,8587.405929205062,2.1982933580875397,0.23755726465587135
AgriTrust-ACFL,5,3,3,True,0.8466533422470093,0.9999996521221574,1.0,0.05,5.0,0.05,0.2208562342795472,0.8793173432350159,0.4,adaptive_slow_drift,False,False,0.0,2.1982933580875397,0.23755726465587135
AgriTrust-ACFL,5,4,1,True,0.8466533422470093,0.9999996521221574,1.0000001192092896,0.05,5.0,0.05,0.2028910622507947,0.8793173432350159,0.4,adaptive_slow_drift,False,False,0.0,2.1982933580875397,0.23755726465587135
AgriTrust-ACFL,5,5,1,False,0.7006507515907288,1.7788066029355997e-10,0.19997532665729523,1.0,5.0,0.05,0.3274191875386984,0.29457584023475647,0.4,adaptive_slow_drift,True,False,96.24374971502519,2.1982933580875397,0.23755726465587135
AgriTrust-ACFL,5,6,4,True,0.8466533422470093,0.9999996521221574,1.0,0.05,5.0,0.05,0.2657965448199198,0.8793173432350159,0.4,adaptive_slow_drift,True,False,45.16607780572425,2.1982933580875397,0.23755726465587135
AgriTrust-ACFL,5,8,0,True,0.8466533422470093,0.9999989563668357,1.0000001192092896,0.05,5.0,0.05,0.21259325963110032,0.8793172836303711,0.4,adaptive_slow_drift,True,True,2796.2391439278626,2.1982933580875397,0.23755726465587135
AgriTrust-ACFL,5,9,2,False,0.505293095484376,0.008712991347343995,-0.04567906633019447,1.0,5.0,0.15899917815598838,0.5979574683565219,0.6979179382324219,0.4,adaptive_slow_drift,True,False,264.0189417916804,2.1982933580875397,0.23755726465587135
AgriTrust-ACFL,6,0,0,False,0.5973601639270782,0.814159975732197,0.16823990643024445,1.0,6.0,0.690252819686083,0.6297976301736808,0.7785038352012634,0.4,adaptive_slow_drift,True,False,4649.166105942112,2.3190850019454956,0.49586873799007164
AgriTrust-ACFL,6,1,4,False,0.5946223437786102,0.8141599757321971,0.09844442456960678,1.0,6.0,0.6760653756244404,0.6966215650105536,0.9276340007781982,0.4,adaptive_slow_drift,True,False,2329.2697797558167,2.3190850019454956,0.49586873799007164
AgriTrust-ACFL,6,2,0,False,0.5905958786606789,0.5997938395253809,0.11517639458179474,1.0,6.0,0.6361892063409024,0.6826270468826645,0.683434784412384,0.4,adaptive_slow_drift,True,False,8396.995303703656,2.3190850019454956,0.49586873799007164
AgriTrust-ACFL,6,5,1,False,0.7337930798530579,0.07888552416189315,0.4481673538684845,1.0,6.0,0.38591086885267334,0.34204210786719214,0.28786492347717285,0.4,adaptive_slow_drift,False,False,0.0,2.3190850019454956,0.49586873799007164
AgriTrust-ACFL,6,6,0,True,0.9194581210613251,0.6703216187192436,0.9999998807907104,0.05,6.0,0.05,0.2118474086149399,1.007770299911499,0.4,adaptive_slow_drift,False,False,0.0,2.3190850019454956,0.49586873799007164
AgriTrust-ACFL,6,7,4,False,0.7502192854881287,0.23813431225295761,0.4481673538684845,1.0,6.0,0.5544513340293334,0.6191289013759359,1.5665138959884644,0.4,adaptive_slow_drift,True,False,957.5053811561834,2.3190850019454956,0.49586873799007164
AgriTrust-ACFL,6,8,1,True,0.9194581508636475,0.6703216187192436,0.9999998807907104,0.05,6.0,0.05,0.17194494472332525,1.007770299911499,0.4,adaptive_slow_drift,False,False,0.0,2.3190850019454956,0.49586873799007164
AgriTrust-ACFL,7,0,0,False,0.5183427594602108,0.8152851583596807,0.10449792444705963,1.0,6.0,0.6387009382902554,0.6320234572028245,0.6967823505401611,0.4,adaptive_slow_drift,True,False,4665.59716107125,2.6546449214220047,0.39935437920576433
AgriTrust-ACFL,7,1,0,False,0.5760924369096756,0.6259017479352573,0.16851720213890076,1.0,6.0,0.6139961404468938,0.6759652088696387,1.2143242359161377,0.4,adaptive_slow_drift,True,False,13673.424245015052,2.6546449214220047,0.39935437920576433
AgriTrust-ACFL,7,2,2,False,0.563588447868824,0.8152851583596807,0.10449792444705963,1.0,6.0,0.6798263222238794,0.6819268657179682,0.9762229323387146,0.4,adaptive_slow_drift,True,False,3410.461768057772,2.6546449214220047,0.39935437920576433
AgriTrust-ACFL,7,4,3,True,0.9232560992240906,0.6703209422647024,0.9999995231628418,0.05,6.0,0.05,0.16466829668809604,1.1474930047988892,0.4,adaptive_slow_drift,False,False,0.0,2.6546449214220047,0.39935437920576433
AgriTrust-ACFL,7,5,0,False,0.6688272804021835,0.2851788532408087,0.2385866791009903,1.0,6.0,0.539237657066333,0.3913409951669773,0.29271769523620605,0.4,adaptive_slow_drift,False,False,0.0,2.6546449214220047,0.39935437920576433
AgriTrust-ACFL,7,6,1,True,0.9232560396194458,0.670320857920583,0.9999995231628418,0.05,6.0,0.05,0.17138555646120493,1.1474931240081787,0.4,adaptive_slow_drift,False,False,0.0,2.6546449214220047,0.39935437920576433
AgriTrust-ACFL,7,8,1,True,0.9232560396194458,0.670320857920583,0.9999995231628418,0.05,6.0,0.05,0.14145870854249395,1.1474931240081787,0.4,adaptive_slow_drift,False,False,0.0,2.6546449214220047,0.39935437920576433
AgriTrust-ACFL,7,9,3,False,0.6191704571247101,0.5901022474724272,0.2385866791009903,1.0,6.0,0.629752136661117,0.6059061354326707,0.5335715413093567,0.4,adaptive_slow_drift,True,False,170.58373722149028,2.6546449214220047,0.39935437920576433
AgriTrust-ACFL,8,0,4,False,0.5760212242603302,1.0,0.5862923860549927,1.0,7.0,0.7196254109050105,0.653923945628371,1.097261905670166,0.4,adaptive_slow_drift,True,False,797.9417966129485,3.2784277200698853,0.4007967609515057
AgriTrust-ACFL,8,1,1,False,0.5218629837036133,0.8460433294429393,0.4038376808166504,1.0,7.0,0.6365271744300138,0.6661057002597326,1.2272201776504517,0.4,adaptive_slow_drift,True,False,8591.392855015432,3.2784277200698853,0.4007967609515057
AgriTrust-ACFL,8,2,0,False,0.6331763416528702,0.7346268510655886,0.5862923860549927,1.0,7.0,0.7024810005310475,0.687065399421238,0.8925636410713196,0.4,adaptive_slow_drift,True,False,8451.591478280649,3.2784277200698853,0.4007967609515057
AgriTrust-ACFL,8,3,0,True,0.7952706217765808,0.6703210472296367,0.9999997019767761,0.05,7.0,0.05,0.1781421757096604,1.4342260360717773,0.4,adaptive_slow_drift,False,False,0.0,3.2784277200698853,0.4007967609515057
AgriTrust-ACFL,8,4,1,True,0.7952706217765808,0.6703210472296367,0.9999997019767761,0.05,7.0,0.05,0.13600122251607205,1.4342260360717773,0.4,adaptive_slow_drift,False,False,0.0,3.2784277200698853,0.4007967609515057
AgriTrust-ACFL,8,5,0,False,0.7667811810970306,0.14030716774099855,0.604569673538208,1.0,7.0,0.46991096774318786,0.41098348831102993,0.29462000727653503,0.4,adaptive_slow_drift,True,False,189.4633881113848,3.2784277200698853,0.4007967609515057
AgriTrust-ACFL,8,6,3,True,0.7952706217765808,0.6703210472296367,0.9999997019767761,0.05,7.0,0.05,0.14103916734590372,1.4342260360717773,0.4,adaptive_slow_drift,False,False,0.0,3.2784277200698853,0.4007967609515057
AgriTrust-ACFL,8,7,1,False,0.8085366785526276,0.6982778212189241,0.604569673538208,1.0,7.0,0.7978231618864945,0.6638024665035756,1.3955219984054565,0.4,adaptive_slow_drift,True,False,3960.0125115819196,3.2784277200698853,0.4007967609515057
AgriTrust-ACFL,8,8,0,True,0.7952706217765808,0.6703210472296367,0.9999997019767761,0.05,7.0,0.05,0.11859403140687046,1.4342260360717773,0.4,adaptive_slow_drift,False,False,0.0,3.2784277200698853,0.4007967609515057
AgriTrust-ACFL,8,9,3,False,0.5279135406017303,0.47858728202051465,0.4038376808166504,1.0,7.0,0.5417435276639321,0.5898654834904861,0.6699424982070923,0.4,adaptive_slow_drift,True,False,166.06773351109203,3.2784277200698853,0.4007967609515057
AgriTrust-ACFL,9,0,2,False,0.49062800500541925,0.7188010610990032,-0.03322964906692505,1.0,6.0,0.5967078068145866,0.6396199109249249,0.6679627895355225,0.4,adaptive_slow_drift,True,False,1919.6894657637718,3.286791443824768,0.5011424007868066
AgriTrust-ACFL,9,1,2,False,0.6810143440961838,0.7394126603957333,0.3750278353691101,1.0,6.0,0.7076933322005137,0.6765026082449279,1.2171465158462524,0.4,adaptive_slow_drift,True,False,5563.619064191855,3.286791443824768,0.5011424007868066
AgriTrust-ACFL,9,2,2,False,0.5487991347908974,0.7107331669019467,0.08888408541679382,1.0,6.0,0.6429324180387709,0.6760321540756212,0.6608434915542603,0.4,adaptive_slow_drift,True,False,3380.9810572944803,3.286791443824768,0.5011424007868066
AgriTrust-ACFL,9,3,2,True,0.9114103615283966,0.5222296204457695,0.9999997615814209,0.05,6.0,0.05,0.1461066317822453,1.6932193040847778,0.4,adaptive_slow_drift,False,False,0.0,3.286791443824768,0.5011424007868066
AgriTrust-ACFL,9,6,0,True,0.9114103615283966,0.5222296204457695,0.9999998211860657,0.05,6.0,0.05,0.11827937550942778,1.6932193040847778,0.4,adaptive_slow_drift,True,True,60.79559901184588,3.286791443824768,0.5011424007868066
AgriTrust-ACFL,9,7,2,False,0.6551893949508667,0.632206194509196,0.2927263081073761,1.0,6.0,0.6897992425605062,0.6703016605178083,1.412286639213562,0.4,adaptive_slow_drift,True,False,2549.7375195848963,3.286791443824768,0.5011424007868066
AgriTrust-ACFL,9,8,1,True,0.911410391330719,0.5222296204457695,0.9999998211860657,0.05,6.0,0.05,0.10144552355515284,1.6932193040847778,0.4,adaptive_slow_drift,True,True,850.7955135883177,3.286791443824768,0.5011424007868066
AgriTrust-ACFL,9,9,4,False,0.6255175769329071,0.7394126603957333,0.3750278353691101,1.0,6.0,0.6776315903208917,0.6118070101980875,0.6861326694488525,0.4,adaptive_slow_drift,True,False,109.82828619082154,3.286791443824768,0.5011424007868066
AgriTrust-ACFL,10,0,0,False,0.5530951507389545,0.8890256130187294,0.288271427154541,1.0,6.0,0.6793280121670694,0.649546936235461,0.955582320690155,0.4,adaptive_slow_drift,True,False,4794.955483290173,3.6079302430152893,0.3643976765070491
AgriTrust-ACFL,10,1,3,False,0.4986071258317679,0.8890256130187294,0.0755884125828743,1.0,6.0,0.6300638212515365,0.66489291149658,1.2049708366394043,0.4,adaptive_slow_drift,True,False,3486.639912222161,3.6079302430152893,0.3643976765070491
AgriTrust-ACFL,10,3,4,True,0.8602164387702942,0.6703207260939847,0.9999998807907104,0.05,6.0,0.05,0.12207997383668398,1.5916668176651,0.4,adaptive_slow_drift,True,True,265.4233829854616,3.6079302430152893,0.3643976765070491
AgriTrust-ACFL,10,4,0,True,0.8602164387702942,0.6703207260939847,0.9999999403953552,0.05,6.0,0.05,0.11450091688705404,1.5916668176651,0.4,adaptive_slow_drift,True,True,44.0828530015158,3.6079302430152893,0.3643976765070491
AgriTrust-ACFL,10,5,0,False,0.8066102266311646,0.2683714022150672,0.513670802116394,1.0,6.0,0.5869596510724097,0.4549775290013749,0.29345306754112244,0.4,adaptive_slow_drift,True,False,209.74464086963383,3.6079302430152893,0.3643976765070491
AgriTrust-ACFL,10,6,2,True,0.8602164089679718,0.6703206751603934,0.9999998211860657,0.05,6.0,0.05,0.10120953163207083,1.5916669368743896,0.4,adaptive_slow_drift,False,False,0.0,3.6079302430152893,0.3643976765070491
AgriTrust-ACFL,10,7,6,False,0.7572877407073975,0.7403457581298505,0.513670802116394,1.0,6.0,0.7832261944932323,0.6985327940116642,1.4431720972061157,0.4,adaptive_slow_drift,True,False,439.2198019167569,3.6079302430152893,0.3643976765070491
AgriTrust-ACFL,10,8,0,True,0.8602164387702942,0.6703207260939847,0.9999999403953552,0.05,6.0,0.05,0.08858414266636462,1.5916668176651,0.4,adaptive_slow_drift,False,False,0.0,3.6079302430152893,0.3643976765070491
AgriTrust-ACFL,10,9,2,False,0.7513558268547058,0.5661974680427183,0.5090932846069336,1.0,6.0,0.6918330955719902,0.6318135315415632,0.6125302910804749,0.4,adaptive_slow_drift,True,False,278.9675668166586,3.6079302430152893,0.3643976765070491
RawTrust,1,0,0,False,0.8906168937683105,0.5759488590369405,0.9046610593795776,1.0,7.0,0.7750157185151902,0.7786949161826979,2.00687837600708,0.4,alie_jitter,,,,,
RawTrust,1,1,0,False,0.7837198674678802,0.6703204719153877,0.6644703149795532,1.0,7.0,0.7423629899589519,0.8050997061809311,1.5805162191390991,0.4,alie_jitter,,,,,
RawTrust,1,2,0,False,0.9162976741790771,0.5475266011481897,0.9046610593795776,1.0,7.0,0.7881659308240727,0.7883379266757254,2.1732754707336426,0.4,alie_jitter,,,,,
RawTrust,1,4,0,True,0.9456489682197571,1.0,0.9180775880813599,1.0,7.0,0.9623556598750831,0.621542268337595,0.842119038105011,0.4,alie_jitter,,,,,
RawTrust,1,5,0,False,0.6342861503362656,0.4888916129803684,0.19144682586193085,1.0,7.0,0.6156628961642412,0.4269285362494402,0.27302640676498413,0.4,alie_jitter,,,,,
RawTrust,1,8,0,True,0.9466988146305084,0.9983699278460719,0.9180775880813599,1.0,7.0,0.9333769490962994,0.6191437579497477,0.839959442615509,0.4,alie_jitter,,,,,
RawTrust,1,9,0,False,0.8737087845802307,0.9380198342488121,0.6644703149795532,1.0,7.0,0.8746033515528833,0.7350917881905261,0.7614408135414124,0.4,alie_jitter,,,,,
RawTrust,2,0,0,False,0.8043020963668823,0.010627280696512342,0.6108200550079346,1.0,7.0,0.22119358579881615,0.6393195835867275,1.308388590812683,0.4,alie_jitter,,,,,
RawTrust,2,2,0,False,0.8249541819095612,0.012427132538183188,0.6108200550079346,1.0,7.0,0.23895914428884604,0.6509932310790056,1.2858651876449585,0.4,alie_jitter,,,,,
RawTrust,2,3,1,True,0.9640396535396576,0.9987276452363825,0.9179034233093262,1.0,7.0,0.9516153473161447,0.6544149842692467,0.7900187969207764,0.4,alie_jitter,,,,,
RawTrust,2,4,1,True,0.9635778665542603,1.0,0.9179034233093262,1.0,7.0,0.9723483449225228,0.7092437874838269,0.7901304364204407,0.4,alie_jitter,,,,,
RawTrust,2,6,1,True,0.9629970788955688,0.9599030877684198,0.9177501201629639,1.0,7.0,0.9518556373057214,0.6725602862318092,0.7865499258041382,0.4,alie_jitter,,,,,
RawTrust,2,7,1,False,0.8378915786743164,0.0019271441014237993,0.5741052627563477,1.0,7.0,0.13889636418061482,0.651424947507876,1.5813688039779663,0.4,alie_jitter,,,,,
RawTrust,2,9,1,False,0.6472512781620026,0.6703260857867974,0.24150648713111877,1.0,7.0,0.6704583205451093,0.718933421279172,0.7558212876319885,0.4,alie_jitter,,,,,
RawTrust,3,1,0,False,0.6019750535488129,0.5760103375627724,0.6644834280014038,1.0,9.0,0.6135364248919125,0.7572088858586765,1.759713888168335,0.4,alie_jitter,,,,,
RawTrust,3,2,2,False,0.5899604111909866,0.45916913208709786,0.4235590994358063,1.0,9.0,0.5868408715249264,0.6349551411904858,2.1761720180511475,0.4,alie_jitter,,,,,
RawTrust,3,3,0,True,0.9606820344924927,0.9993179693919726,0.9180331826210022,1.0,9.0,0.9499594104600492,0.7283010908169474,1.0488089323043823,0.4,alie_jitter,,,,,
RawTrust,3,4,1,True,0.9604853987693787,1.0,0.9186195135116577,1.0,9.0,0.9706307651464584,0.7745905318994848,1.049479603767395,0.4,alie_jitter,,,,,
RawTrust,3,5,0,False,0.6009372919797897,0.25397660710826325,0.13137701153755188,1.0,9.0,0.4910395576365736,0.4429562915962236,0.29059457778930664,0.4,alie_jitter,,,,,
RawTrust,3,6,2,True,0.9601955413818359,0.9984447709478514,0.9176726341247559,1.0,9.0,0.9616215274768811,0.7448255965430772,1.0510112047195435,0.4,alie_jitter,,,,,
RawTrust,3,7,2,False,0.6755999028682709,0.6348937271990609,0.4235590994358063,1.0,9.0,0.7024297477240659,0.6641761475619234,1.6063342094421387,0.4,alie_jitter,,,,,
RawTrust,3,8,1,True,0.9604774713516235,0.9968143710931072,0.9186195135116577,1.0,9.0,0.940384264036627,0.6994538844714676,1.0463467836380005,0.4,alie_jitter,,,,,
RawTrust,3,9,0,False,0.6061889454722404,0.6703207614535642,0.6644834280014038,1.0,9.0,0.6467181544926205,0.7008796045825341,0.7214516401290894,0.4,alie_jitter,,,,,
RawTrust,4,2,1,False,0.4571504555642605,0.0013915004356898745,-0.13152381777763367,1.0,7.0,0.08954750913824336,0.4986032331774252,1.309008002281189,0.4,alie_jitter,,,,,
RawTrust,4,3,0,True,0.9764389991760254,0.6704055606264498,0.9181666970252991,1.0,7.0,0.8503176991231927,0.7588052428935087,1.2393336296081543,0.4,alie_jitter,,,,,
RawTrust,4,4,0,True,0.9767190217971802,0.8171388052707181,0.9181666970252991,1.0,7.0,0.9220324087487926,0.8114510011118117,1.2451943159103394,0.4,alie_jitter,,,,,
RawTrust,4,5,0,False,0.709133043885231,9.26041053118489e-81,0.579541027545929,1.0,7.0,0.05,0.3447172186971677,0.2931939363479614,0.4,alie_jitter,,,,,
RawTrust,4,6,1,True,0.9764032065868378,1.0,0.91789311170578,1.0,7.0,0.9709686204621396,0.8013613525228428,1.2432246208190918,0.4,alie_jitter,,,,,
RawTrust,4,7,2,False,0.7287832647562027,2.8828836993628645e-18,0.579541027545929,1.0,7.0,0.05,0.5106321106714425,1.7062783241271973,0.4,alie_jitter,,,,,
RawTrust,4,8,2,True,0.9759740233421326,0.8278582170209301,0.9175066947937012,1.0,7.0,0.8972861141957262,0.7489119419025323,1.2413848638534546,0.4,alie_jitter,,,,,
RawTrust,5,0,3,False,0.5669184923171997,0.4916823067888778,0.35827741026878357,1.0,8.0,0.5765102593948479,0.6236172525387575,1.291072964668274,0.4,alie_jitter,,,,,
RawTrust,5,2,0,False,0.49939651519525796,0.0018558865770241092,0.35827741026878357,1.0,8.0,0.10249116460127991,0.39957521603338886,1.5809959173202515,0.4,alie_jitter,,,,,
RawTrust,5,3,3,True,0.9779339730739594,0.9662300739541735,0.9176380038261414,1.0,8.0,0.9496630289992246,0.8065196894199377,1.316565752029419,0.4,alie_jitter,,,,,
RawTrust,5,4,1,True,0.9785502254962921,0.947791026551917,0.9184665679931641,1.0,8.0,0.9649806952043534,0.849833424634947,1.3199223279953003,0.4,alie_jitter,,,,,
RawTrust,5,5,1,False,0.5787064880132675,2.8148738015134086e-23,0.13765883445739746,1.0,8.0,0.05,0.2710379140228758,0.2932199537754059,0.4,alie_jitter,,,,,
RawTrust,5,6,4,True,0.9779655635356903,0.9139234993657668,0.9184665679931641,1.0,8.0,0.9459322865170959,0.837504086021406,1.3213131427764893,0.4,alie_jitter,,,,,
RawTrust,5,8,0,True,0.9780892133712769,0.9662300739541735,0.9176039695739746,1.0,8.0,0.9409909335346673,0.7969316898105661,1.3191864490509033,0.4,alie_jitter,,,,,
RawTrust,5,9,2,False,0.49317790288478136,1.5181327756727518e-10,0.19170072674751282,1.0,8.0,0.05,0.5381597034369006,0.6850019097328186,0.4,alie_jitter,,,,,
RawTrust,6,0,0,False,0.6548272669315338,0.6079623674913132,0.6717131733894348,1.0,7.0,0.6651169992148234,0.633992189207774,1.3122024536132812,0.4,alie_jitter,,,,,
RawTrust,6,1,4,False,0.5530853383243084,0.9941229346459233,0.0827711671590805,1.0,7.0,0.6897803281412684,0.7403517464293246,1.4769415855407715,0.4,alie_jitter,,,,,
RawTrust,6,2,0,False,0.6381267011165619,1.0,0.6717131733894348,1.0,7.0,0.7738820512696917,0.4931519248424645,1.479036808013916,0.4,alie_jitter,,,,,
RawTrust,6,5,1,False,0.6567221879959106,0.001055997333009183,0.36280515789985657,1.0,7.0,0.09953621104375787,0.22816248827809632,0.28455305099487305,0.4,alie_jitter,,,,,
RawTrust,6,6,0,True,0.8869421184062958,0.6748082168791579,0.9171786308288574,1.0,7.0,0.8184754330188151,0.8327469227707582,1.6257789134979248,0.4,alie_jitter,,,,,
RawTrust,6,7,4,False,0.701683759689331,0.5025446644404835,0.36280515789985657,1.0,7.0,0.6686417649994654,0.5501345242534483,1.7452077865600586,0.4,alie_jitter,,,,,
RawTrust,6,8,1,True,0.8874210119247437,0.6703228332091016,0.9171786308288574,1.0,7.0,0.7992997159512694,0.7975236963457419,1.6283886432647705,0.4,alie_jitter,,,,,
RawTrust,7,0,0,False,0.5818857699632645,0.004674560055977877,0.6229231357574463,1.0,8.0,0.1446932599635362,0.5116674568967146,1.2619655132293701,0.4,alie_jitter,,,,,
RawTrust,7,1,0,False,0.516837514936924,0.49814712152568696,0.45392686128616333,1.0,8.0,0.5401260208754488,0.6902953150408556,1.6751400232315063,0.4,alie_jitter,,,,,
RawTrust,7,2,2,False,0.6031710579991341,0.9095647411321752,0.6229231357574463,1.0,8.0,0.7292363803729847,0.5521730387250945,1.6143180131912231,0.4,alie_jitter,,,,,
RawTrust,7,4,3,True,0.964111864566803,0.9020391385404386,0.9174631834030151,1.0,8.0,0.9430220121682956,0.8731305715182842,1.6293113231658936,0.4,alie_jitter,,,,,
RawTrust,7,5,0,False,0.535516768693924,9.86515152302378e-17,0.03051859699189663,1.0,8.0,0.05,0.18362186620857224,0.28983476758003235,0.4,alie_jitter,,,,,
RawTrust,7,6,1,True,0.9643397927284241,0.9095647411321763,0.9173853397369385,1.0,8.0,0.9373154372524929,0.8588890513911919,1.6286790370941162,0.4,alie_jitter,,,,,
RawTrust,7,8,1,True,0.9637765884399414,0.9075819357108798,0.9174631834030151,1.0,8.0,0.9160219350369736,0.8271482560185499,1.6288450956344604,0.4,alie_jitter,,,,,
RawTrust,7,9,3,False,0.5838164389133453,8.492384040035637e-10,0.45392686128616333,1.0,8.0,0.05,0.41611977757767543,0.6111328601837158,0.4,alie_jitter,,,,,
RawTrust,8,0,4,False,0.5436948537826538,0.7271484829023972,0.48594945669174194,1.0,10.0,0.6335744076125597,0.5421441945756759,1.214124321937561,0.4,alie_jitter,,,,,
RawTrust,8,1,1,False,0.47365581057965755,0.9268285689275639,0.4609154462814331,1.0,10.0,0.6202224727532246,0.6727771044689479,1.622971534729004,0.4,alie_jitter,,,,,
RawTrust,8,2,0,False,0.4885083455592394,0.9268285689275639,0.48594945669174194,1.0,10.0,0.6530634623166802,0.5773956446229909,1.4513334035873413,0.4,alie_jitter,,,,,
RawTrust,8,3,0,True,0.9669906198978424,0.6652814271598867,0.91759192943573,1.0,10.0,0.843837819229564,0.8158492218723442,2.071181535720825,0.4,alie_jitter,,,,,
RawTrust,8,4,1,True,0.9672791361808777,0.671430473837535,0.9172528982162476,1.0,10.0,0.8646452229367226,0.8710092343728939,2.057213544845581,0.4,alie_jitter,,,,,
RawTrust,8,5,0,False,0.597924530506134,0.10539906614759237,0.5220690965652466,1.0,10.0,0.37612210861450224,0.23174692681005474,0.29331734776496887,0.4,alie_jitter,,,,,
RawTrust,8,6,3,True,0.967046469449997,0.6692132744396756,0.91759192943573,1.0,10.0,0.8561986515138391,0.8582164514218538,2.0622243881225586,0.4,alie_jitter,,,,,
RawTrust,8,7,1,False,0.5951644778251648,0.9249583204660186,0.5220690965652466,1.0,10.0,0.733415893298814,0.5959548665147898,1.4491788148880005,0.4,alie_jitter,,,,,
RawTrust,8,8,0,True,0.9668671488761902,0.6685368452448162,0.9170360565185547,1.0,10.0,0.8372255286670308,0.8296675741806702,2.0637588500976562,0.4,alie_jitter,,,,,
RawTrust,8,9,3,False,0.5043629547581077,0.3511319877287074,0.4609154462814331,1.0,10.0,0.48144392633478383,0.4324508147669525,0.7107773423194885,0.4,alie_jitter,,,,,
RawTrust,9,0,2,False,0.5855792611837387,0.8148592434874885,0.6271870136260986,1.0,8.0,0.6829080469607938,0.5773351576719553,1.2967556715011597,0.4,alie_jitter,,,,,
RawTrust,9,1,2,False,0.48549467884004116,0.9635059162828232,0.4460209906101227,1.0,8.0,0.6360640832682802,0.663598849168781,1.58318293094635,0.4,alie_jitter,,,,,
RawTrust,9,2,2,False,0.5758181065320969,0.9635059162828231,0.6271870136260986,1.0,8.0,0.7232512781413534,0.6138595530025814,1.4889910221099854,0.4,alie_jitter,,,,,
RawTrust,9,3,2,True,0.9552712440490723,0.5514204533394846,0.917620837688446,1.0,8.0,0.7923000276323625,0.8099619233123488,2.5088706016540527,0.4,alie_jitter,,,,,
RawTrust,9,6,0,True,0.9557326436042786,0.5505014471676364,0.917620837688446,1.0,8.0,0.8022721321881617,0.8442303716134307,2.5123252868652344,0.4,alie_jitter,,,,,
RawTrust,9,7,2,False,0.575761079788208,0.9500909868023524,0.1167140081524849,1.0,8.0,0.7259824852965042,0.6284617712102184,1.471867561340332,0.4,alie_jitter,,,,,
RawTrust,9,8,1,True,0.9553109407424927,0.5497864470022985,0.9175882935523987,1.0,8.0,0.784315752888599,0.8183296188576523,2.5150203704833984,0.4,alie_jitter,,,,,
RawTrust,9,9,4,False,0.5473607182502747,0.40062616599132966,0.4460209906101227,1.0,8.0,0.5239238062022775,0.45531906262578375,0.7219162583351135,0.4,alie_jitter,,,,,
RawTrust,10,0,0,False,0.47472210973501205,0.9564718770883402,0.08639989793300629,1.0,9.0,0.6384232390034761,0.5926071780048355,1.5356528759002686,0.4,alie_jitter,,,,,
RawTrust,10,1,3,False,0.4859328307211399,1.0,0.42778444290161133,1.0,9.0,0.643517007577546,0.6585783887709722,1.5977277755737305,0.4,alie_jitter,,,,,
RawTrust,10,3,4,True,0.9553700685501099,0.670320798854963,0.9175881743431091,1.0,9.0,0.8401451559267994,0.8175077314659616,2.2813031673431396,0.4,alie_jitter,,,,,
RawTrust,10,4,0,True,0.9561745524406433,0.6724609593510148,0.9185199737548828,1.0,9.0,0.8595669389609236,0.8681486605199014,2.2748372554779053,0.4,alie_jitter,,,,,
RawTrust,10,5,0,False,0.6375670880079269,0.14778256080505314,0.3934808373451233,1.0,9.0,0.4312196324498052,0.2816151032199924,0.2911549210548401,0.4,alie_jitter,,,,,
RawTrust,10,6,2,True,0.9563625156879425,0.6677108874456051,0.9185199737548828,1.0,9.0,0.8504094427279687,0.8457751393920652,2.289241313934326,0.4,alie_jitter,,,,,
RawTrust,10,7,6,False,0.6282829195261002,0.9565426728088547,0.3934808373451233,1.0,9.0,0.7632380452206443,0.6621558397128249,1.5357540845870972,0.4,alie_jitter,,,,,
RawTrust,10,8,0,True,0.9558102786540985,0.6691815001420415,0.9175230860710144,1.0,9.0,0.8321866155471626,0.8217938680300299,2.2847611904144287,0.4,alie_jitter,,,,,
RawTrust,10,9,2,False,0.5245648175477982,0.36487121360478975,0.42778444290161133,1.0,9.0,0.4976537287707978,0.4659027291620373,0.6510674953460693,0.4,alie_jitter,,,,,
AgriTrust-ACFL,1,0,0,False,0.83701092004776,0.5385904344836684,0.8040083646774292,1.0,7.0,0.7340827726450447,0.7083178509163559,1.3217952251434326,0.4,alie_jitter,True,False,5228.802375464539,1.6676287353038788,0.5759391855682944
AgriTrust-ACFL,1,1,0,False,0.6716922521591187,0.6703206525672322,0.48758161067962646,1.0,7.0,0.6819798809308842,0.719102794553241,1.0378786325454712,0.4,alie_jitter,True,False,14546.01132822296,1.6676287353038788,0.5759391855682944
AgriTrust-ACFL,1,2,0,False,0.8864402174949646,0.5555283415280643,0.8040083646774292,1.0,7.0,0.7773113948171864,0.7707585554772496,1.2773276567459106,0.4,alie_jitter,True,False,9481.100990925646,1.6676287353038788,0.5759391855682944
AgriTrust-ACFL,1,4,0,True,0.9594091176986694,0.7777053407742234,0.9181916117668152,1.0,7.0,0.8995613093454825,0.7456015858080179,0.5052327513694763,0.4,alie_jitter,True,False,574.1132210721738,1.6676287353038788,0.5759391855682944
AgriTrust-ACFL,1,5,0,False,0.5026363087818027,0.46211766926452974,-0.03020322322845459,1.0,7.0,0.5326448385661766,0.5439311121427051,0.2842196226119995,0.4,alie_jitter,False,False,0.0,1.6676287353038788,0.5759391855682944
AgriTrust-ACFL,1,8,0,True,0.9596896767616272,0.7760630530012677,0.9181916117668152,1.0,7.0,0.8719551974783121,0.6408950444210749,0.5040537714958191,0.4,alie_jitter,True,False,16859.385038540797,1.6676287353038788,0.5759391855682944
AgriTrust-ACFL,1,9,0,False,0.8239209651947021,1.0,0.5536806583404541,1.0,7.0,0.863242669698142,0.8225762398006313,0.6670514941215515,0.4,alie_jitter,True,False,893.3177964234857,1.6676287353038788,0.5759391855682944
AgriTrust-ACFL,2,0,0,False,0.7829973995685577,0.43152424337274875,0.5424787998199463,1.0,7.0,0.6621174884015342,0.6967677602876504,1.0408196449279785,0.4,alie_jitter,True,False,5143.539606443435,1.6795383393764496,0.6079962196126982
AgriTrust-ACFL,2,2,0,False,0.792967677116394,0.5828538031021312,0.5424787998199463,1.0,7.0,0.7417104140686589,0.7634965201251018,0.8899585008621216,0.4,alie_jitter,True,False,9391.770694058878,1.6795383393764496,0.6079962196126982
AgriTrust-ACFL,2,3,1,True,0.9696669578552246,0.6749552524075885,0.9176573753356934,1.0,7.0,0.848789590850576,0.654689953041941,0.5474183559417725,0.4,alie_jitter,True,False,10981.406676591343,1.6795383393764496,0.6079962196126982
AgriTrust-ACFL,2,4,1,True,0.9695515036582947,0.6741794967533941,0.9176573753356934,1.0,7.0,0.8668237044729514,0.7759071154742514,0.5470905303955078,0.4,alie_jitter,True,False,380.94996929992215,1.6795383393764496,0.6079962196126982
AgriTrust-ACFL,2,6,1,True,0.9690845608711243,0.6703213328881632,0.9176281094551086,1.0,7.0,0.8576161873839672,0.7634217827154313,0.5454574227333069,0.4,alie_jitter,True,False,500.40903838681743,1.6795383393764496,0.6079962196126982
AgriTrust-ACFL,2,7,1,False,0.7769817411899567,0.3707892040169286,0.49179238080978394,1.0,7.0,0.6455462876261355,0.7397621589763959,1.126396656036377,0.4,alie_jitter,True,False,4413.161374002821,1.6795383393764496,0.6079962196126982
AgriTrust-ACFL,2,9,1,False,0.5648824870586395,1.0,0.1668372005224228,1.0,7.0,0.701411376105373,0.7922850238768167,0.6718153357505798,0.4,alie_jitter,True,False,548.6289935707553,1.6795383393764496,0.6079962196126982
AgriTrust-ACFL,3,1,0,False,0.6169606298208237,0.0009217332176347943,0.6599745750427246,1.0,9.0,0.09015011108229785,0.5618646236855053,1.2668019533157349,0.4,alie_jitter,False,False,0.0,1.8179772794246674,0.5710376717239815
AgriTrust-ACFL,3,2,2,False,0.521729800850153,0.0008437172493767099,0.1080620214343071,1.0,9.0,0.08287626155333071,0.593341455482159,1.2757306098937988,0.4,alie_jitter,True,False,2967.427228717756,1.8179772794246674,0.5710376717239815
AgriTrust-ACFL,3,3,0,True,0.9649093747138977,0.9920808224605919,0.9179657697677612,1.0,9.0,0.9501820630615123,0.7285629805468339,0.7267318964004517,0.4,alie_jitter,True,False,19165.57776626501,1.8179772794246674,0.5710376717239815
AgriTrust-ACFL,3,4,1,True,0.9649981558322906,1.0,0.9185529351234436,1.0,9.0,0.9731363528907201,0.8252144248283685,0.7271909117698669,0.4,alie_jitter,True,False,405.1585602641018,1.8179772794246674,0.5710376717239815
AgriTrust-ACFL,3,5,0,False,0.6530763208866119,1.060163614769892e-05,0.2558327317237854,1.0,9.0,0.05,0.4204483341070288,0.29280683398246765,0.4,alie_jitter,False,False,0.0,1.8179772794246674,0.5710376717239815
AgriTrust-ACFL,3,6,2,True,0.9647619724273682,0.9748936474901523,0.9177321791648865,1.0,9.0,0.9572544759638756,0.8118799560275424,0.7286608219146729,0.4,alie_jitter,True,False,339.3281586815557,1.8179772794246674,0.5710376717239815
AgriTrust-ACFL,3,7,2,False,0.6264208108186722,0.0025473286538634345,0.2558327317237854,1.0,9.0,0.12869604726480746,0.5869956310484987,1.1685518026351929,0.4,alie_jitter,True,False,2232.8525684399774,1.8179772794246674,0.5710376717239815
AgriTrust-ACFL,3,8,1,True,0.9644502699375153,0.9507790017316584,0.9185529351234436,1.0,9.0,0.9292464304952447,0.7129828909396174,0.7242818474769592,0.4,alie_jitter,True,False,11959.180131725852,1.8179772794246674,0.5710376717239815
AgriTrust-ACFL,3,9,0,False,0.6155164986848831,0.6703284866578401,0.6599745750427246,1.0,9.0,0.6521747516367746,0.7572574558168061,0.7044543027877808,0.4,alie_jitter,True,False,822.3815970170515,1.8179772794246674,0.5710376717239815
AgriTrust-ACFL,4,2,1,False,0.4794956762343645,0.00800140240084188,-0.08043333888053894,1.0,7.0,0.1553665012380663,0.4838477169211358,0.8096384406089783,0.4,alie_jitter,False,False,0.0,2.1003957092761993,0.6079962196126982
AgriTrust-ACFL,4,3,0,True,0.9768891334533691,1.0,0.9183314442634583,1.0,7.0,0.9589368886718752,0.7861564575780942,0.8401582837104797,0.4,alie_jitter,True,False,20680.631773049347,2.1003957092761993,0.6079962196126982
AgriTrust-ACFL,4,4,0,True,0.9770057797431946,0.670407515980511,0.9183314442634583,1.0,7.0,0.8690188885513965,0.8361655407591255,0.8427369594573975,0.4,alie_jitter,True,False,643.8474663845267,2.1003957092761993,0.6079962196126982
AgriTrust-ACFL,4,5,0,False,0.7071963399648666,9.058696454302e-61,0.4970701336860657,1.0,7.0,0.05,0.3278362505802716,0.29120317101478577,0.4,alie_jitter,False,False,0.0,2.1003957092761993,0.6079962196126982
AgriTrust-ACFL,4,6,1,True,0.9763842821121216,0.7539573296120241,0.9181182384490967,1.0,7.0,0.8920816279603223,0.8319303740107373,0.8419787287712097,0.4,alie_jitter,True,False,545.3151690049144,2.1003957092761993,0.6079962196126982
AgriTrust-ACFL,4,7,2,False,0.741664469242096,6.939228353011774e-30,0.4970701336860657,1.0,7.0,0.05,0.45274672328637405,1.4055016040802002,0.4,alie_jitter,False,False,0.0,2.1003957092761993,0.6079962196126982
AgriTrust-ACFL,4,8,2,True,0.9764149487018585,0.836180248631044,0.9174350500106812,1.0,7.0,0.9002062377027397,0.759788727630398,0.8390070796012878,0.4,alie_jitter,True,False,8126.108711760309,2.1003957092761993,0.6079962196126982
AgriTrust-ACFL,5,0,3,False,0.5563628822565079,0.4528261024883301,0.29676735401153564,1.0,8.0,0.5566622116555403,0.6617413731296229,1.0376497507095337,0.4,alie_jitter,True,False,1266.3821446632674,2.2732435911893845,0.5904237208999419
AgriTrust-ACFL,5,2,0,False,0.5154663464054465,0.09112901178355921,0.29676735401153564,1.0,8.0,0.3354155107439305,0.4467396653768345,1.355491280555725,0.4,alie_jitter,False,False,0.0,2.2732435911893845,0.5904237208999419
AgriTrust-ACFL,5,3,3,True,0.9787272810935974,0.9922889904564588,0.9177465438842773,1.0,8.0,0.9577022457302848,0.8290429046161418,0.9081250429153442,0.4,alie_jitter,True,False,5653.719683058075,2.2732435911893845,0.5904237208999419
AgriTrust-ACFL,5,4,1,True,0.9788850247859955,0.9960506196178107,0.918403685092926,1.0,8.0,0.9796500843692102,0.8720366766616466,0.9098973274230957,0.4,alie_jitter,True,False,428.147053400343,2.2732435911893845,0.5904237208999419
AgriTrust-ACFL,5,5,1,False,0.5602615065872669,0.001062175492305002,0.11431752145290375,1.0,8.0,0.09136842607755606,0.2687192944545927,0.29045000672340393,0.4,alie_jitter,True,True,39.49455850999756,2.2732435911893845,0.5904237208999419
AgriTrust-ACFL,5,6,4,True,0.9787762463092804,0.9987573521695319,0.918403685092926,1.0,8.0,0.971903205954359,0.8669235819966428,0.9094858765602112,0.4,alie_jitter,True,False,147.31394639687983,2.2732435911893845,0.5904237208999419
AgriTrust-ACFL,5,8,0,True,0.978716254234314,0.998757352169532,0.917514443397522,1.0,8.0,0.9507193932265293,0.8075213940294308,0.9091089963912964,0.4,alie_jitter,True,False,21242.657791338206,2.2732435911893845,0.5904237208999419
AgriTrust-ACFL,5,9,2,False,0.5192554760724306,0.17304769153726923,0.11431752145290375,1.0,8.0,0.3956445470912683,0.6668542286354217,0.6787868738174438,0.4,alie_jitter,True,False,294.439248760511,2.2732435911893845,0.5904237208999419
AgriTrust-ACFL,6,0,0,False,0.6812669336795807,0.7498183450339677,0.7857848405838013,1.0,7.0,0.7238968092640339,0.6772802321632256,1.2978365421295166,0.4,alie_jitter,True,False,4999.682673828932,2.9461535811424255,0.4437192479795915
AgriTrust-ACFL,6,1,4,False,0.499225816456601,0.4998647763999787,0.10762778669595718,1.0,7.0,0.5304717081892678,0.5540163948114458,0.9341036677360535,0.4,alie_jitter,True,False,1852.4457334363717,2.9461535811424255,0.4437192479795915
AgriTrust-ACFL,6,2,0,False,0.6565805524587631,0.6703220462822773,0.7857848405838013,1.0,7.0,0.6972193456449922,0.5093595854438739,1.3475072383880615,0.4,alie_jitter,True,False,6265.632260545093,2.9461535811424255,0.4437192479795915
AgriTrust-ACFL,6,5,1,False,0.6190791353583336,0.013624528041366888,0.2952936589717865,1.0,7.0,0.2075291758146966,0.2534217647946187,0.27931270003318787,0.4,alie_jitter,False,False,0.0,2.9461535811424255,0.4437192479795915
AgriTrust-ACFL,6,6,0,True,0.8988075256347656,0.9991119091048889,0.9171875715255737,1.0,7.0,0.9274917645588134,0.8820656276371854,1.1781105995178223,0.4,alie_jitter,True,False,906.7634652110266,2.9461535811424255,0.4437192479795915
AgriTrust-ACFL,6,7,4,False,0.6409174501895905,0.5652066203264765,0.2952936589717865,1.0,7.0,0.6589715142551965,0.5043029210285797,1.4267749786376953,0.4,alie_jitter,True,False,779.9228230898655,2.9461535811424255,0.4437192479795915
AgriTrust-ACFL,6,8,1,True,0.8991485834121704,1.0,0.9171875715255737,1.0,7.0,0.9077378006419552,0.832575495682562,1.1784614324569702,0.4,alie_jitter,True,False,13965.160248104678,2.9461535811424255,0.4437192479795915
AgriTrust-ACFL,7,0,0,False,0.5020143045112491,0.6318900730445351,0.46535611152648926,1.0,8.0,0.5813686831592932,0.6533023449122426,0.9289731979370117,0.4,alie_jitter,True,False,4822.677910142175,2.9235446453094482,0.5154811102112544
AgriTrust-ACFL,7,1,0,False,0.5376700684428215,0.658009214552168,0.5262870788574219,1.0,8.0,0.6000623965437758,0.5655278952445283,1.4424985647201538,0.4,alie_jitter,True,False,11439.498265006318,2.9235446453094482,0.5154811102112544
AgriTrust-ACFL,7,2,2,False,0.6157129555940628,0.6828639270344677,0.46535611152648926,1.0,8.0,0.6767593765215674,0.5512095332132974,1.415927767753601,0.4,alie_jitter,True,False,2756.716495153313,2.9235446453094482,0.5154811102112544
AgriTrust-ACFL,7,4,3,True,0.9663746356964111,0.9978904232639078,0.9173731803894043,1.0,8.0,0.9732827461850906,0.8973481940425077,1.170656442642212,0.4,alie_jitter,True,False,179.12416037954878,2.9235446453094482,0.5154811102112544
AgriTrust-ACFL,7,5,0,False,0.5233979113399982,0.06296036163455129,0.08989709615707397,1.0,8.0,0.29950224711178913,0.26494188537391133,0.2922627031803131,0.4,alie_jitter,False,False,0.0,2.9235446453094482,0.5154811102112544
AgriTrust-ACFL,7,6,1,True,0.9665809869766235,0.9983126749674935,0.9173097610473633,1.0,8.0,0.9650951838916407,0.9028230167007992,1.1704081296920776,0.4,alie_jitter,True,False,591.7840017791788,2.9235446453094482,0.5154811102112544
AgriTrust-ACFL,7,8,1,True,0.9661229848861694,0.9983126749674937,0.9173731803894043,1.0,8.0,0.9438455206950981,0.860393001935696,1.168427586555481,0.4,alie_jitter,True,False,14431.755691451459,2.9235446453094482,0.5154811102112544
AgriTrust-ACFL,7,9,3,False,0.6396921575069427,0.3231048726945005,0.5262870788574219,1.0,8.0,0.5351591574739007,0.6339304608450415,0.6636431217193604,0.4,alie_jitter,True,False,178.4735635203108,2.9235446453094482,0.5154811102112544
AgriTrust-ACFL,8,0,4,False,0.5185777228325605,0.3505568774233112,0.5100085735321045,1.0,10.0,0.4959529658415698,0.6139650001445744,0.903351902961731,0.4,alie_jitter,True,False,749.1824371136408,3.136892318725586,0.4771629932163027
AgriTrust-ACFL,8,1,1,False,0.4707232415676117,0.6037486979788829,0.33766618371009827,1.0,10.0,0.5435269232465088,0.5600276522450234,1.4555202722549438,0.4,alie_jitter,True,False,7223.204317622352,3.136892318725586,0.4771629932163027
AgriTrust-ACFL,8,2,0,False,0.4869954492896795,0.6880109625784352,0.5100085735321045,1.0,10.0,0.5962017875318292,0.5624575967929303,1.1112509965896606,0.4,alie_jitter,True,False,6918.790898149836,3.136892318725586,0.4771629932163027
AgriTrust-ACFL,8,3,0,True,0.9696668982505798,0.6757448076606971,0.9176518321037292,1.0,10.0,0.8490873116958237,0.8340540063860623,1.4060111045837402,0.4,alie_jitter,True,False,21940.624691991754,3.136892318725586,0.4771629932163027
AgriTrust-ACFL,8,4,1,True,0.9700406491756439,0.6880109625784353,0.9174190759658813,1.0,10.0,0.8723629282778697,0.8911018776013482,1.398262858390808,0.4,alie_jitter,True,False,437.5075652036623,3.136892318725586,0.4771629932163027
AgriTrust-ACFL,8,5,0,False,0.5618869960308075,0.008995822634978808,0.5384324193000793,1.0,10.0,0.17371668532036247,0.2421355853605241,0.2932322919368744,0.4,alie_jitter,False,False,0.0,3.136892318725586,0.4771629932163027
AgriTrust-ACFL,8,6,3,True,0.96993288397789,0.6829056533103692,0.9176518321037292,1.0,10.0,0.8628300753425675,0.8928247813612413,1.401465654373169,0.4,alie_jitter,True,False,237.9369006440729,3.136892318725586,0.4771629932163027
AgriTrust-ACFL,8,7,1,False,0.5564270615577698,0.6649431627013076,0.5384324193000793,1.0,10.0,0.64013740931117,0.5382615430992272,1.0996702909469604,0.4,alie_jitter,True,False,3211.0794291012917,3.136892318725586,0.4771629932163027
AgriTrust-ACFL,8,8,0,True,0.9693307876586914,0.683160620137795,0.9171288013458252,1.0,10.0,0.84385837821417,0.8562593460053145,1.4013049602508545,0.4,alie_jitter,True,False,22524.758356015802,3.136892318725586,0.4771629932163027
AgriTrust-ACFL,8,9,3,False,0.5498034879565239,0.17340715105010793,0.33766618371009827,1.0,10.0,0.40853574882354105,0.5775817828396663,0.7277010679244995,0.4,alie_jitter,True,False,162.60944279345375,3.136892318725586,0.4771629932163027
AgriTrust-ACFL,9,0,2,False,0.4841494709253311,0.6490310627387167,0.4913286566734314,1.0,8.0,0.5744915853509247,0.604096646446162,0.9235678911209106,0.4,alie_jitter,True,False,1813.073590546864,3.1728968024253845,0.47379880486595327
AgriTrust-ACFL,9,1,2,False,0.5222509671002626,0.8430650326133773,0.32677313685417175,1.0,8.0,0.6361140798140202,0.5790492591372726,1.423945426940918,0.4,alie_jitter,True,False,4762.153845349129,3.1728968024253845,0.47379880486595327
AgriTrust-ACFL,9,2,2,False,0.4978001434355974,0.7393222902168992,0.4913286566734314,1.0,8.0,0.6166040448459545,0.5759942088061863,1.0141092538833618,0.4,alie_jitter,True,False,2880.6699464581943,3.1728968024253845,0.47379880486595327
AgriTrust-ACFL,9,3,2,True,0.955668568611145,0.6707520344608965,0.9176321625709534,1.0,8.0,0.8404516578817892,0.835653419259994,1.6779918670654297,0.4,alie_jitter,True,False,8937.498390426563,3.1728968024253845,0.47379880486595327
AgriTrust-ACFL,9,6,0,True,0.9567196369171143,0.6698902018193434,0.9176321625709534,1.0,8.0,0.8514159905754041,0.882472583664782,1.6795415878295898,0.4,alie_jitter,True,False,907.1818160073959,3.1728968024253845,0.47379880486595327
AgriTrust-ACFL,9,7,2,False,0.5524454526603222,0.8430650326133773,0.06101428344845772,1.0,8.0,0.6846692311703043,0.5748634651169965,1.1143720149993896,0.4,alie_jitter,True,False,2186.7034381432027,3.1728968024253845,0.47379880486595327
AgriTrust-ACFL,9,8,1,True,0.956253707408905,0.66917063984707,0.9175369143486023,1.0,8.0,0.8323948824456291,0.8502932301153932,1.6808381080627441,0.4,alie_jitter,True,False,14262.347712630042,3.1728968024253845,0.47379880486595327
AgriTrust-ACFL,9,9,4,False,0.581115759909153,0.47357811214077633,0.32677313685417175,1.0,8.0,0.5693217696958961,0.5755167795537237,0.7365355491638184,0.4,alie_jitter,True,False,103.3136602210249,3.1728968024253845,0.47379880486595327
AgriTrust-ACFL,10,0,0,False,0.47921642288565636,0.5227933965907153,0.06088642776012421,1.0,9.0,0.5353733912556053,0.5869158326485229,1.3189342021942139,0.4,alie_jitter,True,False,4332.612676611396,3.56987327337265,0.47608114323983214
AgriTrust-ACFL,10,1,3,False,0.4818570017814636,1.0,0.4504675269126892,1.0,9.0,0.6405427087811512,0.5944226215482422,1.42794930934906,0.4,alie_jitter,True,False,3117.0999136580363,3.56987327337265,0.47608114323983214
AgriTrust-ACFL,10,3,4,True,0.9588938355445862,0.6899389045301627,0.9175454378128052,1.0,9.0,0.8491650328136484,0.8390313226484076,1.4943418502807617,0.4,alie_jitter,True,False,3648.4039943525568,3.56987327337265,0.47608114323983214
AgriTrust-ACFL,10,4,0,True,0.960285872220993,0.7089143111197662,0.9184417724609375,1.0,9.0,0.8753516416176607,0.8871643186054263,1.4893856048583984,0.4,alie_jitter,True,False,683.1165253261782,3.56987327337265,0.47608114323983214
AgriTrust-ACFL,10,5,0,False,0.6222008019685745,2.2184539119239404e-06,0.45290714502334595,1.0,9.0,0.05,0.1941016890203931,0.2900034189224243,0.4,alie_jitter,True,True,44.74043931920061,3.56987327337265,0.47608114323983214
AgriTrust-ACFL,10,6,2,True,0.959526002407074,0.6703255204228591,0.9184417724609375,1.0,9.0,0.8529549111250834,0.8750931655298573,1.4996281862258911,0.4,alie_jitter,True,False,365.7483478062202,3.56987327337265,0.47608114323983214
AgriTrust-ACFL,10,7,6,False,0.6176864206790924,0.09498306855161529,0.45290714502334595,1.0,9.0,0.3781634966008708,0.5256884729879651,1.0703567266464233,0.4,alie_jitter,True,False,330.5396524759881,3.56987327337265,0.47608114323983214
AgriTrust-ACFL,10,8,0,True,0.9602071046829224,0.6823292764298262,0.9174677133560181,1.0,9.0,0.8391740017104095,0.8475134230141472,1.4963725805282593,0.4,alie_jitter,True,False,22294.688105810157,3.56987327337265,0.47608114323983214
AgriTrust-ACFL,10,9,2,False,0.5585080161690712,0.0017193209763325017,0.4504675269126892,1.0,9.0,0.10324501912026031,0.45744883944535786,0.6549230813980103,0.4,alie_jitter,False,False,0.0,3.56987327337265,0.47608114323983214
