Method,Round,Client,Staleness,Malicious,DirectionScore,NormScore,MaxSimilarity,SimilarityScore,ConsensusVotes,InstantTrust,UpdatedTrust,UpdateNorm,Accepted,Probation,AggregationWeight,ClipCap,EffectiveThreshold
RawTrust,1,0,0,False,0.7686659395694733,0.9383286136479624,0.8372284173965454,1.0,8.0,0.8274228531736052,0.9568557132934012,2.745271921157837,,,,,
RawTrust,1,1,0,False,0.8086833953857422,0.6780812397426561,0.5023436546325684,1.0,8.0,0.7578893499089939,0.9394723374772485,3.8219525814056396,,,,,
RawTrust,1,2,0,False,0.7959274649620056,0.9383286136479626,0.8372284173965454,1.0,8.0,0.8573593289887187,0.9643398322471797,3.0133321285247803,,,,,
RawTrust,1,3,0,False,0.7383228093385696,0.6626494965249103,0.917847752571106,1.0,8.0,0.7266005812588275,0.9316501453147069,3.88688588142395,,,,,
RawTrust,1,4,0,False,0.6970291137695312,0.10381395490937612,0.4214218556880951,1.0,8.0,0.41242867849767967,0.8531071696244199,0.5481581091880798,,,,,
RawTrust,1,6,0,False,0.5416186638176441,0.16820460645013308,0.20819735527038574,1.0,8.0,0.4113315231136801,0.85283288077842,0.7803319692611694,,,,,
RawTrust,1,8,0,False,0.7323342859745026,0.6857584475618852,0.917847752571106,1.0,8.0,0.7240934473678962,0.9310233618419741,3.790593147277832,,,,,
RawTrust,1,9,0,False,0.7490390688180923,0.1663178851029222,0.5023436546325684,1.0,8.0,0.47825001185685073,0.8695625029642127,0.7739169001579285,,,,,
RawTrust,2,0,1,False,0.8207271993160248,0.7244551032488976,0.8325409889221191,1.0,8.0,0.7937397326392647,0.9160767181298671,2.753746509552002,,,,,
RawTrust,2,2,1,False,0.8367806971073151,0.6202322289728424,0.8325409889221191,1.0,8.0,0.7783567175308085,0.917844053568087,3.0341744422912598,,,,,
RawTrust,2,3,0,False,0.586720734834671,0.9529066803653626,0.7778504490852356,1.0,8.0,0.7140481919506562,0.8772496569736943,2.3206119537353516,,,,,
RawTrust,2,4,0,False,0.679644450545311,0.09756634743618652,0.4515761137008667,1.0,8.0,0.399235471737373,0.7396392451526582,0.5266188979148865,,,,,
RawTrust,2,6,0,False,0.6319686770439148,0.1749839885756506,0.17522065341472626,1.0,8.0,0.4530969974135768,0.7528989099372092,0.7583887577056885,,,,,
RawTrust,2,7,0,False,0.7459510862827301,0.7967999556898389,0.35830241441726685,1.0,8.0,0.794070020367942,0.9485175050919855,2.594865560531616,,,,,
RawTrust,2,8,0,False,0.572000652551651,0.9529066803653626,0.7778504490852356,1.0,8.0,0.6976479387333064,0.8726795060648073,2.1849570274353027,,,,,
RawTrust,2,9,1,False,0.7108023762702942,0.18021388521962184,0.4515761137008667,1.0,8.0,0.4759860212024891,0.7711683825237818,0.7724621891975403,,,,,
RawTrust,3,0,2,False,0.7192323952913284,0.913115382736438,0.36589115858078003,1.0,10.0,0.7912270080164322,0.8848642906015084,2.7244226932525635,,,,,
RawTrust,3,1,1,False,0.7866072654724121,0.9386853311415682,0.5526336431503296,1.0,10.0,0.8229358460728464,0.9103382146261481,2.642524242401123,,,,,
RawTrust,3,2,0,False,0.7427652478218079,0.9221394270208535,0.38136938214302063,1.0,10.0,0.8210759166133187,0.8936520193293949,2.6949734687805176,,,,,
RawTrust,3,3,2,False,0.4998717652633786,0.666408490076716,0.9146853089332581,1.0,10.0,0.5873128626555916,0.8047654583941687,3.8587067127227783,,,,,
RawTrust,3,4,1,False,0.783012866973877,0.24786118898324747,0.5526336431503296,1.0,10.0,0.5708468167122808,0.6974411380425639,0.5274275541305542,,,,,
RawTrust,3,5,1,False,0.7277324497699738,0.1430455046948257,0.4462319612503052,1.0,10.0,0.45924987925987143,0.8648124698149678,0.28729429841041565,,,,,
RawTrust,3,6,1,False,0.6258468627929688,0.34914886730183514,0.29843926429748535,1.0,10.0,0.5544594264144425,0.7032890390565175,0.7702125310897827,,,,,
RawTrust,3,7,0,False,0.7792524695396423,0.9386853311415683,0.4462319612503052,1.0,10.0,0.8543627970575255,0.9249788280833705,2.29763126373291,,,,,
RawTrust,3,8,2,False,0.4947413979098201,0.6742557815032006,0.9146853089332581,1.0,10.0,0.5806421484814228,0.7996701666689612,3.80910587310791,,,,,
RawTrust,3,9,2,False,0.737565279006958,0.3558410928405819,0.45525676012039185,1.0,10.0,0.5957484616461112,0.7273134023043641,0.7865439653396606,,,,,
RawTrust,4,0,2,False,0.8476221561431885,0.8234420937092916,0.8072396516799927,1.0,8.0,0.8395885507295372,0.8735453556335155,2.496098756790161,,,,,
RawTrust,4,1,2,False,0.7747388780117035,0.7663990007289547,0.48602914810180664,1.0,8.0,0.7679183012433419,0.8747332362804465,2.5508100986480713,,,,,
RawTrust,4,2,1,False,0.862402468919754,0.6223705740989246,0.8072396516799927,1.0,8.0,0.7921933274826842,0.8682873463677172,2.7163288593292236,,,,,
RawTrust,4,3,1,False,0.4452108070254326,0.8234420937092912,0.7150447964668274,1.0,8.0,0.5871866528975924,0.7503707570200246,2.2197346687316895,,,,,
RawTrust,4,6,1,False,0.7213733196258545,0.024974735653785256,0.32321417331695557,1.0,8.0,0.27173616879999024,0.5954008214923857,0.7723204493522644,,,,,
RawTrust,4,7,2,False,0.7397971451282501,0.7219684836271199,0.45269575715065,1.0,8.0,0.767415817685319,0.8855880754838577,2.597236394882202,,,,,
RawTrust,4,8,1,False,0.42380185425281525,0.46365080821670296,0.7150447964668274,1.0,8.0,0.47659555860672614,0.7189015146534025,1.8662294149398804,,,,,
RawTrust,4,9,1,False,0.7985924184322357,0.027881136115037057,0.567105770111084,1.0,8.0,0.2899130968523815,0.6179633259413685,0.7984300851821899,,,,,
RawTrust,5,0,2,False,0.8182148337364197,0.750565740343504,0.8839213252067566,1.0,10.0,0.8008643950258733,0.8553751154816049,2.434577465057373,,,,,
RawTrust,5,1,0,False,0.8045339584350586,0.9318645386329475,0.7003984451293945,1.0,10.0,0.8313776417722076,0.8638943376533867,2.2115423679351807,,,,,
RawTrust,5,2,2,False,0.8427006006240845,0.5986564048581042,0.8839213252067566,1.0,10.0,0.7731247500608774,0.8444966972910073,2.691770315170288,,,,,
RawTrust,5,3,2,False,0.39683065563440323,0.9989044684973322,0.6688157320022583,1.0,10.0,0.584070372747447,0.7087956609518802,2.142267942428589,,,,,
RawTrust,5,4,2,False,0.8429140746593475,0.040806662662852704,0.8038387298583984,1.0,10.0,0.3460065116946556,0.6095824814555868,0.5177583694458008,,,,,
RawTrust,5,5,0,False,0.7576924860477448,0.010436754467087786,0.502591609954834,1.0,10.0,0.21409824548530648,0.7021339137325525,0.2825877368450165,,,,,
RawTrust,5,6,2,False,0.7161486744880676,0.10527965387492669,0.3317432403564453,1.0,10.0,0.41673907816624023,0.5507353856608493,0.7887144684791565,,,,,
RawTrust,5,7,1,False,0.7214871346950531,0.9657543116970887,0.502591609954834,1.0,10.0,0.8259410252973546,0.8706763129372319,2.1767358779907227,,,,,
RawTrust,5,8,1,False,0.3575579971075058,0.9989044684973322,0.6688157320022583,1.0,10.0,0.5464505596665942,0.6757887759067004,2.1443545818328857,,,,,
RawTrust,5,9,0,False,0.8542830348014832,0.10146202070308391,0.8038387298583984,1.0,10.0,0.4432695274414337,0.5742898763163847,0.7758829593658447,,,,,
RawTrust,6,0,3,False,0.8082260489463806,0.7325184940025955,0.8201245069503784,1.0,10.0,0.7896851393217531,0.838952621441642,2.44592547416687,,,,,
RawTrust,6,1,3,False,0.8135630488395691,0.6134050500651628,0.6826443672180176,1.0,10.0,0.7378744437051763,0.8323893641663341,2.705806016921997,,,,,
RawTrust,6,2,0,False,0.8303941488265991,0.8191928925377492,0.8201245069503784,1.0,10.0,0.8425548378015867,0.8440112324186521,2.295135498046875,,,,,
RawTrust,6,3,2,False,0.3435766100883484,0.8668022883099852,0.6820729374885559,1.0,10.0,0.5170875861665909,0.6608686422555579,2.2225348949432373,,,,,
RawTrust,6,4,0,False,0.8401173949241638,0.0906945920633259,0.8171091079711914,1.0,10.0,0.4388797426153616,0.5669067967455305,0.5228659510612488,,,,,
RawTrust,6,5,1,False,0.7713916897773743,0.03075150966358406,0.5460872650146484,1.0,10.0,0.2990084675805305,0.601352552194547,0.2825681269168854,,,,,
RawTrust,6,6,1,False,0.708877444267273,0.17179896021312818,0.3455798625946045,1.0,10.0,0.4799869528727962,0.533048277463836,0.7520606517791748,,,,,
RawTrust,6,7,3,False,0.7570039331912994,0.8183630626697107,0.5460872650146484,1.0,10.0,0.8069583076440019,0.8547468116139243,2.296459436416626,,,,,
RawTrust,6,8,0,False,0.31467635929584503,0.8668022883099852,0.6820729374885559,1.0,10.0,0.488151237509304,0.6288793913073513,1.8888686895370483,,,,,
RawTrust,6,9,0,False,0.8529456257820129,0.1843820381911006,0.8171091079711914,1.0,10.0,0.529807581166689,0.5631693025289608,0.7829247713088989,,,,,
RawTrust,7,0,1,False,0.8194661438465118,0.668517170015729,0.874595582485199,1.0,8.0,0.7741785808056381,0.8227591112826409,2.0656793117523193,,,,,
RawTrust,7,2,1,False,0.8499935269355774,0.6177235771400629,0.874595582485199,1.0,8.0,0.7841385641787244,0.8290430653586702,2.2895188331604004,,,,,
RawTrust,7,3,2,False,0.3388761579990387,0.6721288165859796,0.7333835363388062,1.0,8.0,0.4754812929216124,0.6145218049220715,2.051239490509033,,,,,
RawTrust,7,4,0,False,0.8235264420509338,0.5020892871489407,0.7918057441711426,1.0,8.0,0.7253390659950826,0.6065148640579185,0.49864691495895386,,,,,
RawTrust,7,5,0,False,0.7119043171405792,0.32117615740611183,0.24503250420093536,1.0,8.0,0.5783319866404887,0.5955974108060325,0.27871671319007874,,,,,
RawTrust,7,6,2,False,0.7250933349132538,0.7032144334401581,0.3526223301887512,1.0,8.0,0.7417407197391271,0.5852213880326588,0.7731778621673584,,,,,
RawTrust,7,8,0,False,0.30438947677612305,0.7156349414707783,0.7333835363388062,1.0,8.0,0.4525294789282659,0.5847919132125798,1.8903931379318237,,,,,
RawTrust,7,9,1,False,0.8403089046478271,0.7156349414707783,0.7918057441711426,1.0,8.0,0.7893047872178764,0.6197031737011898,0.79100501537323,,,,,
RawTrust,8,0,1,False,0.8087376356124878,0.7936798798395713,0.8720154166221619,1.0,8.0,0.8091949135028011,0.819368061837681,1.9657344818115234,,,,,
RawTrust,8,1,2,False,0.765287458896637,0.7936798798395713,0.7149983644485474,1.0,8.0,0.7707973903388369,0.8169913707094598,2.1370928287506104,,,,,
RawTrust,8,2,1,False,0.8375657200813293,0.6626902522292435,0.8720154166221619,1.0,8.0,0.7943822585897264,0.8203778636664343,2.2079555988311768,,,,,
RawTrust,8,3,4,False,0.3948448747396469,0.5187833733209709,0.651048481464386,1.0,8.0,0.4785259726119665,0.5805228468445452,2.3079121112823486,,,,,
RawTrust,8,4,1,False,0.7910863757133484,0.0005208295722172854,0.7149983644485474,1.0,8.0,0.09030586751530899,0.47746261492226616,0.5222569704055786,,,,,
RawTrust,8,6,1,False,0.75816211104393,0.004790446485634616,0.3571881353855133,1.0,8.0,0.17017316511363284,0.48145933230290233,0.7801302075386047,,,,,
RawTrust,8,7,4,False,0.7181753814220428,0.7024142121691098,0.35261330008506775,1.0,8.0,0.7488038801011931,0.8282610787357416,2.184831380844116,,,,,
RawTrust,8,8,2,False,0.35105082392692566,0.6780451827626667,0.651048481464386,1.0,8.0,0.48159747826983906,0.5589933044768947,1.9105439186096191,,,,,
RawTrust,9,0,1,False,0.9208150804042816,0.8779161884429258,0.8366856575012207,1.0,5.0,0.8957690917969691,0.838468319327503,2.2191126346588135,,,,,
RawTrust,9,1,1,False,0.7195800393819809,0.6703224520983979,0.33986327052116394,1.0,5.0,0.7083073288456955,0.7898203602435188,2.392336845397949,,,,,
RawTrust,9,2,0,False,0.9350315928459167,1.0,0.8366856575012207,1.0,5.0,0.9548396094565383,0.8539933001139604,2.1400580406188965,,,,,
RawTrust,9,6,0,False,0.7549540996551514,0.023288974669014806,0.38757210969924927,1.0,5.0,0.27284157521598806,0.42930489303117375,0.7507908344268799,,,,,
RawTrust,9,7,4,False,0.7782870531082153,0.6316078713918454,0.41102147102355957,1.0,5.0,0.7580964622176671,0.8107199246062229,1.882915735244751,,,,,
RawTrust,10,0,2,False,0.6136245578527451,0.7219573863622349,0.27922409772872925,1.0,7.0,0.6757176999668728,0.7977806644873455,2.1915435791015625,,,,,
RawTrust,10,1,1,False,0.6404779553413391,0.7978529927148176,0.18873777985572815,1.0,7.0,0.6999987465054597,0.767364956809004,1.919480562210083,,,,,
RawTrust,10,2,0,False,0.7229604125022888,1.0,0.2651268243789673,1.0,7.0,0.8288748342616302,0.8477136836508778,1.422743797302246,,,,,
RawTrust,10,3,0,False,0.5143085494637489,0.6703205515299728,0.36626458168029785,1.0,7.0,0.5976307589563238,0.5847998248724898,2.4181766510009766,,,,,
RawTrust,10,4,0,False,0.7291643023490906,0.4767406755130109,0.8140472173690796,1.0,7.0,0.6679174073739116,0.5250763130351775,0.5327295064926147,,,,,
RawTrust,10,5,0,False,0.7174293994903564,0.3049064951573003,0.8140472173690796,1.0,7.0,0.5718088532302089,0.5896502714120766,0.29450738430023193,,,,,
RawTrust,10,6,1,False,0.6029586344957352,0.6206064820569428,0.27922409772872925,1.0,7.0,0.6455236585524202,0.48335958441148535,0.7557651400566101,,,,,
RawTrust,11,0,3,False,0.6948544681072235,0.5565280560746854,0.7200005054473877,1.0,8.0,0.6691955774298713,0.765634392722977,2.2352027893066406,,,,,
RawTrust,11,1,2,False,0.5808637365698814,0.8550477580179628,0.18462681770324707,1.0,8.0,0.6772999654098862,0.7448487089592245,1.9418785572052002,,,,,
RawTrust,11,2,0,False,0.7037447094917297,0.8073837473952705,0.7200005054473877,1.0,8.0,0.7659109864046995,0.8272630093393333,1.7199057340621948,,,,,
RawTrust,11,3,1,False,0.4214211702346802,0.4560679151236101,0.807981550693512,1.0,8.0,0.4771753163662235,0.5578936977459232,2.3858258724212646,,,,,
RawTrust,11,4,1,False,0.6420392841100693,0.021508906037096185,0.35273951292037964,1.0,8.0,0.2458263927586452,0.45526383296604445,0.5244952440261841,,,,,
RawTrust,11,6,1,False,0.7292818129062653,0.06296547972685966,0.3081238865852356,1.0,8.0,0.36077160792842883,0.45271259029072125,0.7456803917884827,,,,,
RawTrust,11,7,3,False,0.7808788120746613,0.9571945014348189,0.4680449366569519,1.0,8.0,0.8603682524698838,0.8231320065721381,1.818525791168213,,,,,
RawTrust,11,8,0,False,0.436302125453949,0.9571945014348189,0.807981550693512,1.0,8.0,0.6019164395009132,0.5697240882328993,1.8714033365249634,,,,,
RawTrust,12,0,3,False,0.6635627448558807,0.9128484376056433,0.7570936679840088,1.0,8.0,0.7568677900730234,0.7634427420604886,1.8962689638137817,,,,,
RawTrust,12,1,5,False,0.6050598919391632,0.7839165876414214,0.1986810863018036,1.0,8.0,0.6748591702043958,0.7273513242705174,2.0524325370788574,,,,,
RawTrust,12,2,1,False,0.683461457490921,0.9128484376056433,0.7570936679840088,1.0,8.0,0.7819667526178339,0.8159389451589585,1.7247897386550903,,,,,
RawTrust,12,3,0,False,0.48091786354780197,0.9074237888596961,0.7325639724731445,1.0,8.0,0.6307498710221121,0.5761077410649704,1.902152180671692,,,,,
RawTrust,12,4,1,False,0.7925258874893188,0.06858885654381991,0.5554234981536865,1.0,8.0,0.39085673597707765,0.4391620587188027,0.44924914836883545,,,,,
RawTrust,12,5,0,False,0.7691899836063385,0.025594836700269036,0.5554234981536865,1.0,8.0,0.2825442862217423,0.5128737751144931,0.2691481411457062,,,,,
RawTrust,12,6,2,False,0.6658766269683838,0.18888649042671268,0.2773626148700714,1.0,8.0,0.47712918203952603,0.45881673822792246,0.7605712413787842,,,,,
RawTrust,12,8,2,False,0.41418953239917755,0.5731868674543272,0.7325639724731445,1.0,8.0,0.501535293917979,0.5526768896541693,2.415116548538208,,,,,
RawTrust,13,0,3,False,0.6263032108545303,0.8508131767676413,0.2727116346359253,1.0,9.0,0.7178722017431886,0.7520501069811636,1.309893250465393,,,,,
RawTrust,13,1,2,False,0.7182714939117432,0.9318811373150941,0.5209611058235168,1.0,9.0,0.7811060464310888,0.7407900048106602,1.53683340549469,,,,,
RawTrust,13,2,0,False,0.6975365281105042,0.5867158500630166,0.5220595598220825,1.0,9.0,0.6925739326470967,0.7850976920309931,2.113206624984741,,,,,
RawTrust,13,3,2,False,0.4063793271780014,0.6703210198211845,0.8509277105331421,1.0,9.0,0.5250157807724606,0.5633347509918429,1.9280422925949097,,,,,
RawTrust,13,4,1,False,0.7397497743368149,0.19668243861042564,0.710186243057251,1.0,9.0,0.5161910482087124,0.4584193060912801,0.47795620560646057,,,,,
RawTrust,13,5,0,False,0.7521597146987915,0.08518163890132319,0.38634946942329407,1.0,9.0,0.4003102078139568,0.48473288328935904,0.26867207884788513,,,,,
RawTrust,13,7,1,False,0.7611134052276611,1.0,0.38634946942329407,1.0,9.0,0.8595288743578827,0.8322312235185743,1.4639816284179688,,,,,
RawTrust,13,8,2,False,0.39578966051340103,0.7175700906804503,0.8509277105331421,1.0,9.0,0.5232603877194033,0.5453227641704778,1.8397282361984253,,,,,
RawTrust,13,9,2,False,0.7220029532909393,0.34004985822050143,0.710186243057251,1.0,9.0,0.5808380512751093,0.6099868930946697,0.6967318058013916,,,,,
RawTrust,14,0,1,False,0.8314560353755951,0.6881288651313534,0.839698076248169,1.0,9.0,0.7871869132951494,0.76083430855966,1.9309741258621216,,,,,
RawTrust,14,1,1,False,0.706773430109024,1.0,0.6649696826934814,1.0,9.0,0.7907645913607619,0.7532836514481857,1.5746586322784424,,,,,
RawTrust,14,2,0,False,0.8539811372756958,0.6703212743148887,0.839698076248169,1.0,9.0,0.8056704286096958,0.7902408761756688,1.958802580833435,,,,,
RawTrust,14,3,3,False,0.2832205593585968,0.6660814554124754,0.7427595257759094,1.0,9.0,0.4296372735138539,0.5299103816223457,1.9655972719192505,,,,,
RawTrust,14,5,2,False,0.6500134170055389,0.03974008135010077,0.3234037756919861,1.0,9.0,0.29389908315870206,0.43702443325669477,0.2708507478237152,,,,,
RawTrust,14,6,0,False,0.7193340808153152,0.25515278870691066,0.3662174940109253,1.0,9.0,0.5448300869619728,0.48032007541143507,0.7472292184829712,,,,,
RawTrust,14,7,0,False,0.7780775427818298,0.9411975306980855,0.3702593445777893,1.0,9.0,0.854338808347437,0.83775811972579,1.523431658744812,,,,,
RawTrust,14,8,1,False,0.3066181540489197,0.7394533459570245,0.7427595257759094,1.0,9.0,0.4588335591073363,0.5237004629046924,1.8566370010375977,,,,,
RawTrust,14,9,1,False,0.7669347524642944,0.253611155166238,0.6649696826934814,1.0,9.0,0.5498743731377286,0.5949587631054344,0.7447619438171387,,,,,
RawTrust,15,0,0,False,0.7618543207645416,0.750511871699812,0.8556424379348755,1.0,8.0,0.77002026939531,0.7631307987685725,1.8028572797775269,,,,,
RawTrust,15,1,0,False,0.7062607556581497,0.8192515488507898,0.6790405511856079,1.0,8.0,0.7445589162660554,0.7511024676526531,1.562724232673645,,,,,
RawTrust,15,2,0,False,0.7881256937980652,0.5605911516619356,0.8556424379348755,1.0,8.0,0.7306297613251267,0.7753380974630333,1.9642726182937622,,,,,
RawTrust,15,3,2,False,0.34617704153060913,0.6607925589829355,0.7608832120895386,1.0,8.0,0.4786396910770777,0.5170927089860287,1.8715945482254028,,,,,
RawTrust,15,4,1,False,0.7831077575683594,0.015020182593239745,0.6790405511856079,1.0,8.0,0.2462002750282156,0.405364548325514,0.482452392578125,,,,,
RawTrust,15,5,0,False,0.7322038263082504,0.0021299739618360755,0.3309440016746521,1.0,8.0,0.1304314175185741,0.3603761793221646,0.2717309594154358,,,,,
RawTrust,15,7,1,False,0.7558485269546509,0.679989530333877,0.34320932626724243,1.0,8.0,0.7626988795738577,0.8189933096878068,1.4794539213180542,,,,,
RawTrust,15,8,1,False,0.3209030032157898,0.8192515488507898,0.7608832120895386,1.0,8.0,0.48515875930789343,0.5140650370054927,1.757015585899353,,,,,
RawTrust,16,0,0,False,0.8048020899295807,0.9257695157747596,0.8499940633773804,1.0,7.0,0.8451721709019234,0.7836411418019102,1.801015019416809,,,,,
RawTrust,16,2,1,False,0.8301867246627808,0.6703219454965325,0.8499940633773804,1.0,7.0,0.7932456194511008,0.7798149779600502,2.0183703899383545,,,,,
RawTrust,16,3,2,False,0.3327367603778839,0.917118942608922,0.7479918003082275,1.0,7.0,0.5167235466984719,0.5170004184141395,1.8069918155670166,,,,,
RawTrust,16,4,1,False,0.7615852355957031,0.026697865204233246,0.4037642776966095,1.0,7.0,0.2881192498109282,0.37605322369686756,0.4879762828350067,,,,,
RawTrust,16,5,0,False,0.6843880414962769,0.004665697719810002,0.14164751768112183,1.0,7.0,0.15900604502774826,0.31003364574856046,0.26366671919822693,,,,,
RawTrust,16,6,0,False,0.7402237951755524,0.08902360263211115,0.3681919574737549,1.0,7.0,0.4035620866927721,0.4611305782317693,0.7464072704315186,,,,,
RawTrust,16,8,0,False,0.30942678451538086,1.0,0.7479918003082275,1.0,7.0,0.5048472128303322,0.5117605809617025,1.752653956413269,,,,,
RawTrust,17,0,3,False,0.7656468451023102,0.9335691861753217,0.849129319190979,1.0,7.0,0.8243752590594076,0.7938246711162846,1.8240474462509155,,,,,
RawTrust,17,1,4,False,0.8428443670272827,0.5375597396502345,0.6860069632530212,1.0,7.0,0.7231563108379871,0.7441159284489867,1.5269181728363037,,,,,
RawTrust,17,2,3,False,0.8237795829772949,0.6703226452481839,0.849129319190979,1.0,7.0,0.7898728754543289,0.7823294523336198,1.98672354221344,,,,,
RawTrust,17,3,1,False,0.2787877917289734,0.9416143780974935,0.7568151354789734,1.0,7.0,0.472538948072142,0.5058850508286401,1.8200154304504395,,,,,
RawTrust,17,4,1,False,0.8867214918136597,0.006113987143825883,0.7439227104187012,1.0,7.0,0.20130959084588324,0.3323673154841215,0.4813305735588074,,,,,
RawTrust,17,8,1,False,0.28798939287662506,1.0,0.7568151354789734,1.0,7.0,0.4852998827002791,0.5051454063963466,1.7919962406158447,,,,,
RawTrust,17,9,3,False,0.8845911622047424,0.033542665213917064,0.7439227104187012,1.0,7.0,0.32417800305394656,0.5272635730925624,0.7466164231300354,,,,,
RawTrust,18,0,2,False,0.8051517903804779,0.7450293414658081,0.8644688129425049,1.0,10.0,0.7920454545084066,0.7933798669643151,1.8097126483917236,,,,,
RawTrust,18,1,3,False,0.7571598589420319,0.9185468568069235,0.7042768001556396,1.0,10.0,0.8006204166042723,0.758242050487808,1.6020926237106323,,,,,
RawTrust,18,2,0,False,0.8520092964172363,0.6031044458799482,0.8644688129425049,1.0,10.0,0.7795394746635214,0.7816319579160953,2.046576738357544,,,,,
RawTrust,18,3,1,False,0.26241451501846313,0.8433577699793313,0.6452030539512634,1.0,10.0,0.44220331797292345,0.48996461761471094,1.683737874031067,,,,,
RawTrust,18,4,2,False,0.8284020125865936,0.13576543640736252,0.7504813075065613,1.0,10.0,0.4915339578138534,0.37215897606655446,0.4769541323184967,,,,,
RawTrust,18,5,0,False,0.6693874299526215,0.052108435919153845,0.3963988721370697,1.0,10.0,0.3239793982446251,0.3135200838725766,0.27316489815711975,,,,,
RawTrust,18,6,1,False,0.7272253036499023,0.2812853640824966,0.39827147126197815,1.0,10.0,0.564379482374845,0.4869428042675382,0.728792130947113,,,,,
RawTrust,18,7,2,False,0.7307214885950089,0.9185468568069235,0.3963988721370697,1.0,10.0,0.8193269581314641,0.8190767217987212,1.4512290954589844,,,,,
RawTrust,18,8,1,False,0.30359481275081635,0.7992862141105387,0.6452030539512634,1.0,10.0,0.4671170323344398,0.49563831288086996,1.7371652126312256,,,,,
RawTrust,18,9,0,False,0.8426310420036316,0.2954254805091451,0.7504813075065613,1.0,10.0,0.6062207947028078,0.5470028784951237,0.7498962879180908,,,,,
RawTrust,19,0,1,False,0.8140973448753357,0.7016650761520701,0.8407187461853027,1.0,9.0,0.7826656389688117,0.7907013099654392,1.8712799549102783,,,,,
RawTrust,19,1,2,False,0.8264173269271851,0.6817715166454279,0.7628388404846191,1.0,9.0,0.7682356027725044,0.7607404385589822,1.9084880352020264,,,,,
RawTrust,19,2,0,False,0.881182849407196,0.6703210252540045,0.8407187461853027,1.0,9.0,0.8196852910345198,0.7911452911957014,1.930745244026184,,,,,
RawTrust,19,3,2,False,0.23710674047470093,0.8593914350323215,-0.10380823165178299,1.0,9.0,0.420582863664982,0.4726191791272787,1.6287589073181152,,,,,
RawTrust,19,4,1,False,0.8728252053260803,0.19237073388744866,0.7628388404846191,1.0,9.0,0.5616112965236869,0.4195220561808376,0.4750806391239166,,,,,
RawTrust,19,5,0,False,0.7001214623451233,0.08587980192950036,0.2935566306114197,1.0,9.0,0.38577582131775506,0.33158401823387124,0.27353084087371826,,,,,
RawTrust,19,6,2,False,0.6965493559837341,0.37705114318107136,0.3371008634567261,1.0,9.0,0.6018007950705584,0.5156573019682933,0.7530672550201416,,,,,
RawTrust,19,7,0,False,0.7160556018352509,1.0,0.4308364987373352,1.0,9.0,0.831158837893301,0.8220972508223661,1.4682753086090088,,,,,
RawTrust,19,9,0,False,0.8871983587741852,0.3785049832614111,0.756599485874176,1.0,9.0,0.6717825621108388,0.5781977993990525,0.7550537586212158,,,,,
RawTrust,20,0,3,False,0.8475586175918579,0.5199198998111704,0.7705881595611572,1.0,7.0,0.7313741636122333,0.7758695233771377,1.998246192932129,,,,,
RawTrust,20,1,4,False,0.7430818974971771,0.9872795395036782,0.4358220398426056,1.0,7.0,0.8097394756860343,0.7729901978407452,1.5397253036499023,,,,,
RawTrust,20,2,0,False,0.8655960857868195,1.0,0.7705881595611572,1.0,7.0,0.9151649440082739,0.8221502043988445,1.5474493503570557,,,,,
RawTrust,20,4,0,False,0.6804064214229584,0.042247330940370774,0.4358220398426056,1.0,7.0,0.3107753295972532,0.3923353745349415,0.44924119114875793,,,,,
RawTrust,20,6,4,False,0.7173107266426086,0.1657677760276337,0.3475584387779236,1.0,7.0,0.47796731437594403,0.506234805070206,0.7665504217147827,,,,,
RawTrust,20,7,3,False,0.8162907958030701,0.9803642098203104,0.48741814494132996,1.0,7.0,0.8879617240010808,0.8385633691170448,1.5594909191131592,,,,,
RawTrust,20,8,0,False,0.19007420539855957,0.6703217609718444,-0.20655861496925354,1.0,7.0,0.3424883964091594,0.45735083376294233,1.8093286752700806,,,,,
RawTrust,21,0,2,False,0.6221894547343254,0.6812661436477185,0.768336296081543,1.0,8.0,0.6691412766474917,0.7491874616947262,1.8452842235565186,,,,,
RawTrust,21,2,1,False,0.6359135955572128,0.8829953660962224,0.768336296081543,1.0,8.0,0.7441019755771366,0.8026381471934175,1.5490325689315796,,,,,
RawTrust,21,3,1,False,0.46338682249188423,0.6804477054536697,0.8341286182403564,1.0,8.0,0.5668688230591957,0.496181590110258,1.8467814922332764,,,,,
RawTrust,21,4,1,False,0.6273995935916901,0.1815816699292413,0.22158890962600708,1.0,8.0,0.46031492939854046,0.40933026325084126,0.45047473907470703,,,,,
RawTrust,21,5,0,False,0.7120543867349625,0.09223946957501139,0.30467674136161804,1.0,8.0,0.3978135848586417,0.34814140989006387,0.2852298617362976,,,,,
RawTrust,21,6,1,False,0.6519069671630859,0.3612688470266886,0.38624656200408936,1.0,8.0,0.5728756759124359,0.5228950227807635,0.7165588736534119,,,,,
RawTrust,21,7,1,False,0.7860136032104492,0.8829953660962224,0.25380006432533264,1.0,8.0,0.8428249395782205,0.8396287617323387,1.309584617614746,,,,,
RawTrust,21,8,1,False,0.4682011008262634,0.6603450822083817,0.8341286182403564,1.0,8.0,0.559786262891412,0.48295969104505976,1.8845300674438477,,,,,
RawTrust,22,0,1,False,0.7141057401895523,1.0,0.649870753288269,1.0,7.0,0.8099061773677155,0.7643671406129735,1.3471864461898804,,,,,
RawTrust,22,2,0,False,0.7202551662921906,0.6703207738035557,0.649870753288269,1.0,7.0,0.733632028852775,0.7853866176082569,1.9472978115081787,,,,,
RawTrust,22,3,0,False,0.3869953230023384,0.7465214033842693,0.7856153249740601,1.0,7.0,0.5278687415204331,0.5041033779628017,1.7634527683258057,,,,,
RawTrust,22,4,0,False,0.8091423213481903,0.35997517391852635,0.45378178358078003,1.0,7.0,0.6500991529101289,0.4695224856656631,0.5256862044334412,,,,,
RawTrust,22,5,0,False,0.7463535219430923,0.17852546650257545,0.45378178358078003,1.0,7.0,0.49768196688583993,0.38552654913900786,0.2755472660064697,,,,,
RawTrust,22,6,1,False,0.7307039350271225,0.5394292088687186,0.4555429220199585,1.0,7.0,0.6879347842644364,0.5641549631516817,0.7629961371421814,,,,,
RawTrust,22,8,1,False,0.3559022843837738,0.7234433583297255,0.7856153249740601,1.0,7.0,0.4947734675243166,0.485913135164874,1.8152023553848267,,,,,
RawTrust,23,0,2,False,0.6746593564748764,0.9973906227820365,0.7213153839111328,1.0,10.0,0.784370783760497,0.7693680513998543,1.3529243469238281,,,,,
RawTrust,23,1,1,False,0.8201883435249329,0.6722594907973423,0.7335911989212036,1.0,10.0,0.7618275167026196,0.7701995275562138,1.7199901342391968,,,,,
RawTrust,23,2,2,False,0.7541966438293457,0.8707232938075599,0.7213153839111328,1.0,10.0,0.813872821897738,0.7925081686806272,1.4694867134094238,,,,,
RawTrust,23,3,1,False,0.3031672239303589,0.6965840732198147,0.7845537662506104,1.0,10.0,0.45205618979477824,0.49109158092079586,1.6831889152526855,,,,,
RawTrust,23,4,3,False,0.6928031295537949,0.16624633845652464,0.4319329261779785,1.0,10.0,0.4734184397523554,0.4704964741873362,0.4533300995826721,,,,,
RawTrust,23,5,0,False,0.7899529933929443,0.075082555076953,0.43007683753967285,1.0,10.0,0.3959722297671082,0.38813796929603295,0.2794821858406067,,,,,
RawTrust,23,6,4,False,0.6761771738529205,0.3856947104527018,0.38530993461608887,1.0,10.0,0.5960950555171854,0.5721399862430576,0.7565094828605652,,,,,
RawTrust,23,7,1,False,0.7363313436508179,0.9973906227820365,0.3189106583595276,1.0,10.0,0.8433604079576782,0.8405616732886736,1.3486292362213135,,,,,
RawTrust,23,8,1,False,0.33193182945251465,0.6683883933569432,0.7845537662506104,1.0,10.0,0.46498471852807766,0.48068103100567494,1.7260448932647705,,,,,
RawTrust,23,9,1,False,0.8544667959213257,0.4096790823764372,0.7335911989212036,1.0,10.0,0.6738470580003384,0.6021101140493739,0.784796416759491,,,,,
RawTrust,24,0,0,False,0.6868302524089813,0.6570321394427376,0.3486969769001007,1.0,7.0,0.698889452519339,0.7517484016797256,1.7738666534423828,,,,,
RawTrust,24,1,2,False,0.9051063656806946,0.6687447229504001,0.773695707321167,1.0,7.0,0.8029823463303121,0.7783952322497384,1.711340069770813,,,,,
RawTrust,24,4,1,False,0.9240201115608215,0.8238473458959257,0.773695707321167,1.0,7.0,0.8965261009592189,0.5770038808803069,0.5099762678146362,,,,,
RawTrust,24,5,0,False,0.6029647961258888,0.601931914546217,0.18395265936851501,1.0,7.0,0.6373046928348242,0.4504296501807308,0.2696119546890259,,,,,
RawTrust,24,6,0,False,0.6272735148668289,1.0,0.3486969769001007,1.0,7.0,0.7612204716422731,0.6194101075928615,0.7558873295783997,,,,,
RawTrust,24,8,1,False,0.32415735721588135,0.67032037609581,-0.09377957880496979,1.0,7.0,0.459360425633727,0.4753508796626879,1.7031803131103516,,,,,
RawTrust,24,9,3,False,0.8942448496818542,0.9492869560704196,0.6732297539710999,1.0,7.0,0.8890294439727001,0.6738399465302054,0.6800699830055237,,,,,
RawTrust,25,0,5,False,0.7889209687709808,0.9608626384113894,0.7572942972183228,1.0,9.0,0.8453414022528083,0.7751466518229962,1.420796275138855,,,,,
RawTrust,25,1,1,False,0.7567429542541504,0.9268538178798836,0.7370162010192871,1.0,9.0,0.8025425760438917,0.7844320681982767,1.4692116975784302,,,,,
RawTrust,25,2,0,False,0.8566195368766785,0.6703207669089123,0.7572942972183228,1.0,9.0,0.8070383233301851,0.7961407073430167,1.9858390092849731,,,,,
RawTrust,25,4,1,False,0.8073155283927917,0.321698310933099,0.7713316082954407,1.0,9.0,0.6277584730178554,0.5896925289146939,0.47686898708343506,,,,,
RawTrust,25,5,0,False,0.5226048827171326,0.1786822095058523,0.3260731101036072,1.0,9.0,0.4092061272943688,0.4401237694591403,0.27601954340934753,,,,,
RawTrust,25,6,1,False,0.718732625246048,0.5358276443587039,0.3936700224876404,1.0,9.0,0.6803442499898851,0.6346436431921174,0.7663671374320984,,,,,
RawTrust,25,7,1,False,0.7251978516578674,1.0,0.3649523854255676,1.0,9.0,0.8369786816675335,0.8396659253833885,1.3690176010131836,,,,,
RawTrust,25,8,1,False,0.2239818572998047,0.784316063561581,0.031653374433517456,1.0,9.0,0.39293210192271316,0.4547461852276942,1.7160062789916992,,,,,
RawTrust,25,9,1,False,0.841297060251236,0.525936879699293,0.7713316082954407,1.0,9.0,0.7201087473189846,0.6854071467274002,0.753204345703125,,,,,
RawTrust,26,1,3,False,0.7675948143005371,0.8150220277455603,0.6647833585739136,1.0,7.0,0.7782453204283512,0.7828853812557953,1.7393497228622437,,,,,
RawTrust,26,2,1,False,0.7257763296365738,0.614767857707016,0.5841903686523438,1.0,7.0,0.7178452907006275,0.7765668531824195,1.9851953983306885,,,,,
RawTrust,26,3,3,False,0.3687141239643097,1.0,0.7035154700279236,1.0,7.0,0.5611183841962278,0.5085982817396538,1.580291986465454,,,,,
RawTrust,26,6,3,False,0.767977237701416,0.21071216711876864,0.2967872619628906,1.0,7.0,0.5332828433599553,0.6093034432340769,0.7614460587501526,,,,,
RawTrust,26,7,0,False,0.6379562616348267,0.6703214757028535,0.13924255967140198,1.0,7.0,0.6918042951084281,0.8027005178146484,1.3100491762161255,,,,,
RawTrust,26,8,0,False,0.33654598891735077,0.7504258507757818,0.7035154700279236,1.0,7.0,0.48508727460024753,0.46233145757083255,1.8080112934112549,,,,,
RawTrust,26,9,1,False,0.7496884316205978,0.18249940632358513,0.6647833585739136,1.0,7.0,0.4919927765408603,0.6370535541807653,0.7118176817893982,,,,,
RawTrust,27,0,2,False,0.8013971745967865,0.6703211790030396,0.7525036334991455,1.0,9.0,0.7653613014093745,0.7727003142195907,1.881313681602478,,,,,
RawTrust,27,2,1,False,0.8015071153640747,1.0,0.7525036334991455,1.0,9.0,0.8772533389436167,0.8017384746227187,1.4848461151123047,,,,,
RawTrust,27,3,1,False,0.2774461358785629,0.680440594457641,0.8854944705963135,1.0,9.0,0.42752396192246417,0.4883297017853564,1.864709496498108,,,,,
RawTrust,27,4,0,False,0.7347479164600372,0.14596643107878815,0.819320559501648,1.0,9.0,0.47025792943708566,0.5598338790452919,0.47556665539741516,,,,,
RawTrust,27,5,1,False,0.5341763682663441,0.06037851328642637,0.27994418144226074,1.0,9.0,0.29909807834597013,0.4048673466808478,0.28209152817726135,,,,,
RawTrust,27,6,2,False,0.7283094823360443,0.29930816203116645,0.32676228880882263,1.0,9.0,0.5754644301647718,0.6008436899667506,0.7273221015930176,,,,,
RawTrust,27,7,2,False,0.7746535241603851,0.976565155714574,0.38887709379196167,1.0,9.0,0.8617530107150754,0.8174636410397551,1.5058257579803467,,,,,
RawTrust,27,8,1,False,0.2703685462474823,0.7359999372370549,0.8854944705963135,1.0,9.0,0.4275553449628602,0.45363742941883944,1.7800953388214111,,,,,
RawTrust,27,9,3,False,0.7371938824653625,0.31364237565501857,0.819320559501648,1.0,9.0,0.5734508652957878,0.6211528819595209,0.7477335333824158,,,,,
RawTrust,28,0,1,False,0.7519309520721436,0.6405827894524397,0.8098751306533813,1.0,8.0,0.7290138552082522,0.7617786994667561,1.8719813823699951,,,,,
RawTrust,28,1,6,False,0.71202352643013,0.8155273556486325,0.7842865586280823,1.0,8.0,0.7468726314546263,0.7738821938055032,1.7442461252212524,,,,,
RawTrust,28,2,0,False,0.761798769235611,0.7014425640739952,0.8098751306533813,1.0,8.0,0.7669830230397321,0.7930496117269721,1.8229053020477295,,,,,
RawTrust,28,3,4,False,0.3199995756149292,0.8341745758359722,0.7532253265380859,1.0,8.0,0.4915688769451494,0.4891394955753047,1.7327419519424438,,,,,
RawTrust,28,4,0,False,0.7333774715662003,0.018077108174338226,0.7842865586280823,1.0,8.0,0.2510458106344152,0.4826368619425727,0.5076245069503784,,,,,
RawTrust,28,6,2,False,0.7382135987281799,0.06827661012309304,0.3181358575820923,1.0,8.0,0.37212671070810693,0.5436644451520897,0.7489863038063049,,,,,
RawTrust,28,7,2,False,0.6298952251672745,0.4854918501472131,0.18395963311195374,1.0,8.0,0.62361345031574,0.7690010933587513,1.3299343585968018,,,,,
RawTrust,28,8,1,False,0.3124728798866272,0.8341745758359723,0.7532253265380859,1.0,8.0,0.48070316534498253,0.4604038634003752,1.5582505464553833,,,,,
RawTrust,29,0,3,False,0.7885410487651825,0.7666665428254273,0.7658005356788635,1.0,6.0,0.7897700222320414,0.7687765301580775,1.3755428791046143,,,,,
RawTrust,29,1,0,False,0.7639428377151489,0.7487599916727042,0.7085880041122437,1.0,6.0,0.7567098035689969,0.7695890962463766,1.4109550714492798,,,,,
RawTrust,29,2,0,False,0.8772377073764801,0.6000985691925397,0.7658005356788635,1.0,6.0,0.7909649831408668,0.7925284545804457,1.7901631593704224,,,,,
RawTrust,29,4,0,False,0.8262523114681244,0.4820719022971645,0.7085880041122437,1.0,6.0,0.7178433054723763,0.5414384728250237,0.47156843543052673,,,,,
RawTrust,29,5,0,False,0.6488514989614487,0.2889535473972643,0.1825108528137207,1.0,6.0,0.5324154627526139,0.4367543756987893,0.2719400227069855,,,,,
RawTrust,29,6,1,False,0.7418002486228943,0.7666665428254273,0.3910916745662689,1.0,6.0,0.7708128138959707,0.6004515373380599,0.776706874370575,,,,,
RawTrust,30,0,1,False,0.6621721982955933,0.7957717295686857,0.8452250957489014,1.0,8.0,0.7254974555323684,0.7579567615016503,1.703175663948059,,,,,
RawTrust,30,1,2,False,0.6255196034908295,0.9484597067101888,0.20934545993804932,1.0,8.0,0.7277484190200578,0.7591289269397969,1.62091863155365,,,,,
RawTrust,30,2,1,False,0.6778663396835327,0.5839920358969881,0.8452250957489014,1.0,8.0,0.6808121300760575,0.7645993734543487,1.8584773540496826,,,,,
RawTrust,30,3,2,False,0.39688368141651154,0.9484597067101885,0.6997378468513489,1.0,8.0,0.5751029181324323,0.5106303512145867,1.573254942893982,,,,,
RawTrust,30,5,0,False,0.6426162421703339,0.00249607054272978,0.44735008478164673,1.0,8.0,0.12731301983734086,0.3593940367334272,0.2946208715438843,,,,,
RawTrust,30,6,2,False,0.5986590757966042,0.06538211035688676,0.37279993295669556,1.0,8.0,0.3273373638888737,0.5321729939757633,0.7399799823760986,,,,,
RawTrust,30,8,3,False,0.4369221106171608,0.7694148602241863,0.6997378468513489,1.0,8.0,0.5641875511220477,0.4863497853307933,1.7194310426712036,,,,,
RawTrust,30,9,0,False,0.653779923915863,0.027355124381947996,0.44735008478164673,1.0,8.0,0.2582229402095327,0.5304203965220239,0.5787609219551086,,,,,
RawTrust,31,0,4,False,0.7237405180931091,0.6703220356964241,0.8607195615768433,1.0,7.0,0.7236373256660817,0.7493769025427581,1.88776433467865,,,,,
RawTrust,31,1,2,False,0.6506859660148621,0.6277173379181803,0.23089125752449036,1.0,7.0,0.6570926745666963,0.7336198638465218,1.4102256298065186,,,,,
RawTrust,31,2,0,False,0.7227479070425034,0.5650175342145902,0.8607195615768433,1.0,7.0,0.6982923927495486,0.7480226282781486,1.9996463060379028,,,,,
RawTrust,31,3,3,False,0.36229753494262695,1.0,0.8147729635238647,1.0,7.0,0.5557264667269496,0.5219043800926774,1.6497658491134644,,,,,
RawTrust,31,6,3,False,0.821683406829834,0.10597173871985717,0.3369159996509552,1.0,7.0,0.4503535999172658,0.5117181454611389,0.7744737863540649,,,,,
RawTrust,31,7,1,False,0.5886424630880356,0.9426724570813528,0.1912643313407898,1.0,7.0,0.7331450981626244,0.7600370945597197,1.6829073429107666,,,,,
RawTrust,31,8,0,False,0.3935004696249962,0.9149740451308352,0.8147729635238647,1.0,7.0,0.561042341298097,0.5050229243226192,1.6011087894439697,,,,,
RawTrust,32,0,1,False,0.5774617493152618,0.8088354072544893,0.36238622665405273,1.0,7.0,0.6761781638008102,0.7310772178572711,1.836313247680664,,,,,
RawTrust,32,1,0,False,0.6517440676689148,1.0,0.17991101741790771,1.0,7.0,0.756285012694448,0.7392861510585034,1.4166691303253174,,,,,
RawTrust,32,3,1,False,0.48962399177253246,0.8972897669416366,0.6569175720214844,1.0,7.0,0.6348621219507063,0.5501438155571846,1.6174366474151611,,,,,
RawTrust,32,5,0,False,0.7864667177200317,0.25675111422644814,0.21674038469791412,1.0,7.0,0.5712158135301154,0.41234948093259927,0.2686319947242737,,,,,
RawTrust,32,6,1,False,0.604471854865551,0.5832682006297277,0.36238622665405273,1.0,7.0,0.6344924703284959,0.5424117266779782,0.7327358722686768,,,,,
RawTrust,32,8,2,False,0.5056240423582494,0.6703205941730409,0.6569175720214844,1.0,7.0,0.5866014448246517,0.5254175544481273,2.3105132579803467,,,,,
RawTrust,32,9,2,False,0.6684923321008682,0.4828744889174481,0.21674038469791412,1.0,7.0,0.6185134662827291,0.5524436639622001,0.5816042423248291,,,,,
RawTrust,33,0,2,False,0.808174192905426,0.8118160796806988,0.8607771396636963,1.0,9.0,0.8143861065189892,0.7519044400227006,1.7992268800735474,,,,,
RawTrust,33,1,3,False,0.45639411360025406,0.9940321356847173,0.20929384231567383,1.0,9.0,0.620583526074459,0.7096104948124923,1.3880646228790283,,,,,
RawTrust,33,2,0,False,0.8091998398303986,0.6503141016307376,0.8607771396636963,1.0,9.0,0.7750747780673872,0.7547856657254584,2.353012800216675,,,,,
RawTrust,33,3,3,False,0.27505943179130554,0.6703206001446791,0.595013439655304,1.0,9.0,0.4235888208841247,0.5185050668889196,2.2683236598968506,,,,,
RawTrust,33,4,0,False,0.7670685052871704,0.41302615831956946,0.46071624755859375,1.0,9.0,0.6578640910143894,0.5705448773723651,0.47972503304481506,,,,,
RawTrust,33,5,0,False,0.7827059328556061,0.2612296086926873,0.3691468834877014,1.0,9.0,0.5726750906755625,0.45243088336834003,0.2756202220916748,,,,,
RawTrust,33,6,0,False,0.744854211807251,0.6061677616010233,0.3103453516960144,1.0,9.0,0.719989544410988,0.5868061811112306,0.7630469799041748,,,,,
RawTrust,33,7,2,False,0.7913351953029633,1.0,0.40992462635040283,1.0,9.0,0.8781355949539411,0.789561719658275,1.398152232170105,,,,,
RawTrust,33,8,0,False,0.3116277754306793,0.8442813488445781,0.595013439655304,1.0,9.0,0.4817249739145229,0.5144944093147262,1.715871810913086,,,,,
RawTrust,34,1,2,False,0.7612787783145905,1.0,0.6416711211204529,1.0,7.0,0.8237437722105047,0.7381438141619954,1.3666620254516602,,,,,
RawTrust,34,2,0,False,0.8044853806495667,0.6703208648330341,0.49608951807022095,1.0,7.0,0.7796429875660152,0.7609999961855975,1.8961701393127441,,,,,
RawTrust,34,4,0,False,0.8322184085845947,0.25226989634249036,0.6416711211204529,1.0,7.0,0.5934365405623568,0.5762677931698631,0.44257768988609314,,,,,
RawTrust,34,5,0,False,0.6861835718154907,0.13727159048651852,0.3273007571697235,1.0,7.0,0.439176105066734,0.44911718879293855,0.2689236104488373,,,,,
RawTrust,34,6,1,False,0.739609882235527,0.489357903379622,0.31485310196876526,1.0,7.0,0.6725872128700633,0.6082514390509388,0.7613238096237183,,,,,
RawTrust,34,7,1,False,0.7697558403015137,0.8128661971098311,0.49608951807022095,1.0,7.0,0.8127616094582044,0.7953616921082574,1.6192926168441772,,,,,
RawTrust,34,8,0,False,0.26129285991191864,0.7430262425662296,-0.1301712989807129,1.0,7.0,0.4207988164979237,0.49107051111052563,1.742871880531311,,,,,
RawTrust,35,0,4,False,0.8047165274620056,0.6709811797923365,0.8271231055259705,1.0,9.0,0.7673297411566439,0.7557607653061864,1.8175321817398071,,,,,
RawTrust,35,1,3,False,0.6729734241962433,0.9819046181683737,0.6300901770591736,1.0,9.0,0.7655309257718876,0.7449905920644684,1.4106485843658447,,,,,
RawTrust,35,2,1,False,0.8088272213935852,0.6243028080505022,0.8271231055259705,1.0,9.0,0.7654471735613021,0.7621117905295237,1.8988958597183228,,,,,
RawTrust,35,3,1,False,0.30889812111854553,0.7324586282203177,0.6938579082489014,1.0,9.0,0.4636694141499269,0.5047961537041714,1.7232917547225952,,,,,
RawTrust,35,4,1,False,0.7497738301753998,0.14438420007652805,0.6300901770591736,1.0,9.0,0.4739709069739168,0.5506935716208765,0.44032567739486694,,,,,
RawTrust,35,5,0,False,0.5657792016863823,0.0625611916256779,0.2980893552303314,1.0,9.0,0.31201083160651216,0.41484059949633195,0.2649582326412201,,,,,
RawTrust,35,6,1,False,0.7401815354824066,0.3628867245955969,0.3372799754142761,1.0,9.0,0.615143580899325,0.6099744745130353,0.770663321018219,,,,,
RawTrust,35,7,1,False,0.7705448269844055,1.0,0.36219531297683716,1.0,9.0,0.8653706600381291,0.8128639340907252,1.4263808727264404,,,,,
RawTrust,35,8,0,False,0.27240926027297974,0.6703211497256973,0.6938579082489014,1.0,9.0,0.4174553383139868,0.4726667179113909,1.818618893623352,,,,,
RawTrust,36,0,1,False,0.7972122132778168,0.8251603500974227,0.8204643130302429,1.0,10.0,0.8122551947802491,0.7698843726747021,1.516029715538025,,,,,
RawTrust,36,1,1,False,0.7029296159744263,0.8251603500974228,0.5752612352371216,1.0,10.0,0.7442281870845718,0.7447999908194943,1.214086651802063,,,,,
RawTrust,36,2,1,False,0.824654757976532,0.7091665931232037,0.8204643130302429,1.0,10.0,0.8038039635613088,0.77253483378747,1.6547220945358276,,,,,
RawTrust,36,3,0,False,0.24827036261558533,0.6354507883604414,0.8120510578155518,1.0,10.0,0.39401103235121837,0.4770998733659332,1.7630696296691895,,,,,
RawTrust,36,4,1,False,0.7684293985366821,0.12461712304786028,0.5544768571853638,1.0,10.0,0.45966308912048204,0.527935950995778,0.40724024176597595,,,,,
RawTrust,36,5,0,False,0.702631413936615,0.06085547551788675,0.2883075475692749,1.0,10.0,0.3485879631753591,0.3982774404160887,0.2691386342048645,,,,,
RawTrust,36,6,1,False,0.6970206052064896,0.3517036533969872,0.40745413303375244,1.0,10.0,0.5895861725002584,0.604877399009841,0.7417083978652954,,,,,
RawTrust,36,7,3,False,0.7767444849014282,0.7232568551486037,0.5080222487449646,1.0,10.0,0.7886859100904757,0.8068194280906629,1.6360164880752563,,,,,
RawTrust,36,8,0,False,0.2509261965751648,0.707105140953144,0.8120510578155518,1.0,10.0,0.4054605602390333,0.4558651784933015,1.6575080156326294,,,,,
RawTrust,36,9,1,False,0.8187252879142761,0.31111505804645345,0.5752612352371216,1.0,10.0,0.6060356420481399,0.5658416584836851,0.6909694671630859,,,,,
RawTrust,37,0,0,False,0.7942745387554169,0.765488920257222,0.8277555704116821,1.0,10.0,0.7925576248928121,0.7755526857292296,1.6526776552200317,,,,,
RawTrust,37,1,1,False,0.7781537175178528,0.9699771973327963,0.6884874701499939,1.0,10.0,0.826147364731841,0.765136834297581,1.3806579113006592,,,,,
RawTrust,37,2,1,False,0.8211455345153809,0.6615608170511172,0.8277555704116821,1.0,10.0,0.7853766347018971,0.7757452840160768,1.8463844060897827,,,,,
RawTrust,37,3,2,False,0.2180430293083191,0.6791970377252623,0.7888204455375671,1.0,10.0,0.3742588433608582,0.4513896158646644,1.8098523616790771,,,,,
RawTrust,37,4,3,False,0.8295865654945374,0.23511940797779532,0.7495521903038025,1.0,10.0,0.5800221986814952,0.5409575129172073,0.4492346942424774,,,,,
RawTrust,37,5,1,False,0.6579140275716782,0.11903494634342277,0.2053690105676651,1.0,10.0,0.41116648167455466,0.4014997007307052,0.2678740322589874,,,,,
RawTrust,37,6,2,False,0.7208544015884399,0.43972141506936463,0.3837510943412781,1.0,10.0,0.6422122368850237,0.6142111084786367,0.7227615118026733,,,,,
RawTrust,37,7,1,False,0.7029001265764236,0.9699771973327963,0.36116549372673035,1.0,10.0,0.8152358430235861,0.8089235318238936,1.318179965019226,,,,,
RawTrust,37,8,1,False,0.2485329508781433,0.7515321441841137,0.7888204455375671,1.0,10.0,0.4107698607616314,0.444591349060384,1.6759390830993652,,,,,
RawTrust,37,9,1,False,0.8430195152759552,0.444136004391893,0.7495521903038025,1.0,10.0,0.685269392432388,0.5956985919708608,0.7282665371894836,,,,,
RawTrust,38,0,2,False,0.829029381275177,0.6978181034215055,0.8299110531806946,1.0,9.0,0.7892261201905997,0.7789710443445721,1.7103089094161987,,,,,
RawTrust,38,1,2,False,0.773094654083252,0.919457423680193,0.6951930522918701,1.0,9.0,0.8100849279927863,0.7763738577213823,1.3917511701583862,,,,,
RawTrust,38,2,1,False,0.8680860996246338,0.6703209430820728,0.8299110531806946,1.0,9.0,0.8129621897411373,0.7850495104473418,1.7624677419662476,,,,,
RawTrust,38,3,4,False,0.1895073652267456,0.6876180938402389,0.0013596713542938232,1.0,9.0,0.3477552238394322,0.42548101785835635,1.7292317152023315,,,,,
RawTrust,38,4,0,False,0.8384042978286743,0.2395391848603984,0.7499773502349854,1.0,9.0,0.5866735702980198,0.5523865272624104,0.44931185245513916,,,,,
RawTrust,38,5,0,False,0.5940240249037743,0.11767302428613823,0.2808276414871216,1.0,9.0,0.387362530567245,0.3979654081898401,0.26416251063346863,,,,,
RawTrust,38,6,0,False,0.6975812017917633,0.4708442728633398,0.3705441653728485,1.0,9.0,0.6437977386509809,0.6216077660217227,0.7445041537284851,,,,,
RawTrust,38,7,1,False,0.6805837154388428,1.0,0.2960507571697235,1.0,9.0,0.8082545737608781,0.8087562923081398,1.3071050643920898,,,,,
RawTrust,38,9,0,False,0.8676026463508606,0.4487047143146112,0.7499773502349854,1.0,9.0,0.6983296979022474,0.6213563684537075,0.7181862592697144,,,,,
RawTrust,39,0,1,False,0.7999482452869415,0.73589366405673,0.8188087940216064,1.0,9.0,0.7863101502593602,0.7808058208232692,1.6640098094940186,,,,,
RawTrust,39,2,1,False,0.8253976106643677,0.6867677202155021,0.8188087940216064,1.0,9.0,0.7964961776022053,0.7879111772360576,1.7552646398544312,,,,,
RawTrust,39,3,1,False,0.2655141353607178,0.7677957724515829,0.799796462059021,1.0,9.0,0.43271011063249504,0.42728829105189103,1.610324740409851,,,,,
RawTrust,39,4,2,False,0.7674036026000977,0.2618940202953987,0.7381204962730408,1.0,9.0,0.5739643441375513,0.5577809814811956,0.46621766686439514,,,,,
RawTrust,39,5,1,False,0.6376178860664368,0.1255384918526092,0.2553357183933258,1.0,9.0,0.4106422882871294,0.40113462821416246,0.26412516832351685,,,,,
RawTrust,39,6,1,False,0.7270286977291107,0.4396703811151485,0.37344157695770264,1.0,9.0,0.6452093524900158,0.6275081626387959,0.6957613825798035,,,,,
RawTrust,39,7,3,False,0.7345761656761169,1.0,0.3233376145362854,1.0,9.0,0.8429145969025468,0.8172958684567416,1.3129140138626099,,,,,
RawTrust,39,8,0,False,0.2371392548084259,0.6703209134757763,0.799796462059021,1.0,9.0,0.3868030093897412,0.4301442641427233,1.7884528636932373,,,,,
RawTrust,39,9,0,False,0.7718444764614105,0.3899218954590216,0.7381204962730408,1.0,9.0,0.6278133143452658,0.6229706049265971,0.6341052651405334,,,,,
RawTrust,40,0,2,False,0.6276482194662094,0.6741646718603046,0.8316241502761841,1.0,9.0,0.6702534930465518,0.7531677388790898,1.654272437095642,,,,,
RawTrust,40,1,3,False,0.7658134996891022,1.0,0.61943119764328,1.0,9.0,0.8264389097415765,0.7888901207264309,1.3841183185577393,,,,,
RawTrust,40,2,2,False,0.6912520974874496,0.5666215343097323,0.8316241502761841,1.0,9.0,0.6819679212530793,0.7614253632403131,1.789520502090454,,,,,
RawTrust,40,3,0,False,0.3665732145309448,0.6703215283558982,0.8182066679000854,1.0,9.0,0.4960762928362877,0.4444852914979902,1.6585546731948853,,,,,
RawTrust,40,4,1,False,0.789795458316803,0.07689194478305128,0.3540905714035034,1.0,9.0,0.40372108515527066,0.5192660073997144,0.4338672161102295,,,,,
RawTrust,40,5,0,False,0.8049275279045105,0.028861546355796634,0.3524555265903473,1.0,9.0,0.3003201257285479,0.37593100259275886,0.2785566747188568,,,,,
RawTrust,40,7,1,False,0.5524391978979111,0.8632181516891975,0.14589823782444,1.0,9.0,0.6895344247911808,0.7853555075403513,1.2950491905212402,,,,,
RawTrust,40,8,0,False,0.3500472456216812,0.7092047896245173,0.8182066679000854,1.0,9.0,0.48736493486560656,0.4444494318234441,1.6167982816696167,,,,,
RawTrust,40,9,1,False,0.8368276357650757,0.1953031368065703,0.61943119764328,1.0,9.0,0.5334066403388303,0.6005796137796554,0.661339521408081,,,,,
AgriTrust-ACFL,1,0,0,False,0.708504244685173,0.8988453603040637,0.841799259185791,1.0,8.0,0.7810146289228477,0.945253657230712,2.6170783042907715,True,False,6977.862497677116,6.695384979248047,0.6079962196126982
AgriTrust-ACFL,1,2,0,False,0.7037799954414368,0.8988453603040637,0.841799259185791,1.0,8.0,0.7909914132209489,0.9477478533052373,2.739229679107666,True,False,11658.246343507724,6.695384979248047,0.6079962196126982
AgriTrust-ACFL,1,3,0,False,0.7725223898887634,0.6883649828692516,0.9284911155700684,1.0,8.0,0.753480200342412,0.938370050085603,2.9000797271728516,True,False,24684.762537551873,6.695384979248047,0.6079962196126982
AgriTrust-ACFL,1,4,0,False,0.7397839426994324,0.0006004218401252968,0.6525723934173584,1.0,8.0,0.09082988625703012,0.7727074715642576,0.5478960871696472,True,False,594.9847531044783,6.695384979248047,0.6079962196126982
AgriTrust-ACFL,1,5,0,False,0.7864640951156616,3.179190938409193e-05,0.6525723934173584,1.0,8.0,0.05,0.7625,0.2922517657279968,True,False,351.5125,6.695384979248047,0.6079962196126982
AgriTrust-ACFL,1,6,0,False,0.6029567047953606,0.0024402931643970863,0.2060512900352478,1.0,8.0,0.12254599100587296,0.7806364977514683,0.7395169734954834,True,False,802.4943196885093,6.695384979248047,0.6079962196126982
AgriTrust-ACFL,1,7,0,False,0.8006312251091003,0.6527542466674464,0.4284321069717407,1.0,8.0,0.7776355680132581,0.9444088920033145,2.933215379714966,True,False,8835.88959358301,6.695384979248047,0.6079962196126982
AgriTrust-ACFL,1,8,0,False,0.7485268115997314,0.7927886676155201,0.9284911155700684,1.0,8.0,0.765445711531193,0.9413614278827982,2.81378436088562,True,False,24763.45372188489,6.695384979248047,0.6079962196126982
AgriTrust-ACFL,2,0,1,False,0.7617705464363098,1.0,0.8382538557052612,1.0,9.0,0.8392060777438476,0.918741762358996,2.601619243621826,True,False,4324.4908459436465,6.504048109054565,0.6079962196126982
AgriTrust-ACFL,2,1,1,False,0.7983488440513611,0.6703216451552502,0.48793748021125793,1.0,9.0,0.7499530138128698,0.9374882534532174,3.0765397548675537,True,False,12091.669354035354,6.504048109054565,0.6079962196126982
AgriTrust-ACFL,2,2,1,False,0.7847289443016052,0.8759851548044202,0.8382538557052612,1.0,9.0,0.8333372842378622,0.9191452110383935,2.7500970363616943,True,False,7209.282275294899,6.504048109054565,0.6079962196126982
AgriTrust-ACFL,2,4,1,False,0.7534136176109314,0.023940028291480505,0.6478301286697388,1.0,9.0,0.27719789920126436,0.6488300784735093,0.5442560911178589,True,False,318.55848921332887,6.504048109054565,0.6079962196126982
AgriTrust-ACFL,2,5,1,False,0.7274070978164673,0.005444359209965879,0.6478301286697388,1.0,9.0,0.17222016641116272,0.6149300416027906,0.29254671931266785,True,False,180.75658137559216,6.504048109054565,0.6079962196126982
AgriTrust-ACFL,2,6,1,False,0.5884910821914673,0.05248828470591884,0.2186684012413025,1.0,9.0,0.3035881305317,0.6613744059465262,0.7563415765762329,True,False,433.5188463134536,6.504048109054565,0.6079962196126982
AgriTrust-ACFL,2,7,1,False,0.7592962384223938,0.75396962316735,0.4264898896217346,1.0,9.0,0.7886706113586461,0.9054743218421474,2.9285638332366943,True,False,5401.741970465762,6.504048109054565,0.6079962196126982
AgriTrust-ACFL,2,8,1,False,0.6832837462425232,0.8078360169458936,0.4183266758918762,1.0,9.0,0.7321173156817123,0.8890503998325268,2.845064401626587,True,False,14912.439012061132,6.504048109054565,0.6079962196126982
AgriTrust-ACFL,2,9,1,False,0.7576906979084015,0.055633617380100156,0.48793748021125793,1.0,9.0,0.3465114659626798,0.8366278664906699,0.7750197052955627,True,False,579.334823394805,6.504048109054565,0.6079962196126982
AgriTrust-ACFL,3,0,1,False,0.855951577425003,0.6639060891123654,0.8835647702217102,1.0,9.0,0.7913058509263232,0.8868827845008277,2.3587324619293213,True,False,4174.531560589058,2.479833662509918,0.6079962196126982
AgriTrust-ACFL,3,1,2,False,0.6502836346626282,0.5901466515927526,0.3745301365852356,1.0,9.0,0.6448187152941217,0.8643208689134434,3.025799036026001,True,False,7108.253545897184,2.479833662509918,0.6079962196126982
AgriTrust-ACFL,3,2,1,False,0.8799884915351868,0.6400288521367876,0.8835647702217102,1.0,9.0,0.8077894581411469,0.8913062728140819,2.5486950874328613,True,False,6990.928568510285,2.479833662509918,0.6079962196126982
AgriTrust-ACFL,3,4,1,False,0.7789204120635986,0.7329856040830458,0.7109110951423645,1.0,9.0,0.7880140501244883,0.6836260713862541,0.5142757296562195,True,False,335.64240578982316,2.479833662509918,0.6079962196126982
AgriTrust-ACFL,3,5,0,False,0.5648036524653435,0.5609733578643419,0.24053996801376343,1.0,9.0,0.6019336507925845,0.6116809439002391,0.2921214997768402,True,False,281.9849151380102,2.479833662509918,0.6079962196126982
AgriTrust-ACFL,3,6,0,False,0.6313960254192352,0.873315717218496,0.23127077519893646,1.0,9.0,0.7335446150586782,0.6794169582245642,0.744861900806427,True,False,698.4406330548519,2.479833662509918,0.6079962196126982
AgriTrust-ACFL,3,7,1,False,0.7657297253608704,0.670320363012589,0.42789435386657715,1.0,9.0,0.7648734197291658,0.870324096313902,2.311256170272827,True,False,5192.048063165362,2.479833662509918,0.6079962196126982
AgriTrust-ACFL,3,8,1,False,0.4572099484503269,1.0,0.3745301365852356,1.0,9.0,0.625772876280438,0.8232310189445046,0.9919334650039673,True,False,13808.421170677622,2.479833662509918,0.6079962196126982
AgriTrust-ACFL,3,9,1,False,0.8103374242782593,0.8924518844012337,0.7109110951423645,1.0,9.0,0.8266801906590204,0.8341409475327575,0.7797992825508118,True,False,577.6127211161386,2.479833662509918,0.6079962196126982
AgriTrust-ACFL,4,0,1,False,0.8407609462738037,0.7565829834729063,0.8434911966323853,1.0,8.0,0.8148772358390258,0.8688813973353772,1.9132179021835327,True,False,4089.799552966594,3.64242821931839,0.6079962196126982
AgriTrust-ACFL,4,2,1,False,0.8524175882339478,0.7127809330130381,0.8434911966323853,1.0,8.0,0.8198258594206242,0.8734361694657176,2.0288949012756348,True,False,6850.765058131434,3.64242821931839,0.6079962196126982
AgriTrust-ACFL,4,3,1,False,0.4915202343836427,0.9355249702815317,0.8917386531829834,1.0,8.0,0.644227868591747,0.864834504712139,1.5524179935455322,True,False,14506.254999126346,3.64242821931839,0.6079962196126982
AgriTrust-ACFL,4,4,1,False,0.6332175433635712,0.3538372301395332,0.18987427651882172,1.0,8.0,0.5651702655371125,0.6540121199239687,0.5228564739227295,True,False,321.1027351573254,3.64242821931839,0.6079962196126982
AgriTrust-ACFL,4,6,0,False,0.66062431037426,0.520524208812015,0.30294984579086304,1.0,8.0,0.6438970262651091,0.6705369752347003,0.7645328044891357,True,False,689.312010541272,3.64242821931839,0.6079962196126982
AgriTrust-ACFL,4,7,2,False,0.7871880531311035,0.6303898663024621,0.4909050762653351,1.0,8.0,0.7624111785648694,0.8433458668766438,2.2896623611450195,True,False,3207.9744470588244,3.64242821931839,0.6079962196126982
AgriTrust-ACFL,4,8,1,False,0.4632073864340782,0.9355249702815317,0.8917386531829834,1.0,8.0,0.6177976366907839,0.7718726733810745,1.3615245819091797,True,False,12946.964726679304,3.64242821931839,0.6079962196126982
AgriTrust-ACFL,4,9,2,False,0.7060022354125977,0.5280613375135526,0.37171244621276855,1.0,8.0,0.6547032515786941,0.7892815235442416,0.7754286527633667,True,False,348.4951416270795,3.64242821931839,0.6079962196126982
AgriTrust-ACFL,5,0,1,False,0.7745822072029114,0.7262570608266982,0.8104515075683594,1.0,10.0,0.76944851832584,0.844023177582993,1.6866507530212402,True,False,3972.7926331008616,2.8024308383464813,0.6079962196126982
AgriTrust-ACFL,5,1,3,False,0.8142666816711426,0.5398765615658395,0.5971441268920898,1.0,10.0,0.7104820396473963,0.8258611615969316,2.5125176906585693,True,False,4330.743249310199,2.8024308383464813,0.6079962196126982
AgriTrust-ACFL,5,2,0,False,0.7995420694351196,0.6186922744943613,0.8104515075683594,1.0,10.0,0.7585445695611108,0.8447132694895658,2.092083692550659,True,False,10390.81792799115,2.8024308383464813,0.6079962196126982
AgriTrust-ACFL,5,3,0,False,0.4947809996083379,0.8571977012992571,0.7825178503990173,1.0,10.0,0.6298346929980995,0.8060845517836291,0.8921128511428833,True,False,21204.860219220147,2.8024308383464813,0.6079962196126982
AgriTrust-ACFL,5,4,1,False,0.7588537335395813,0.5767897455526955,0.5579754114151001,1.0,10.0,0.7228968481976925,0.6712333019923996,0.5238297581672668,True,False,329.5578822354229,2.8024308383464813,0.6079962196126982
AgriTrust-ACFL,5,5,0,False,0.7603508830070496,0.3636567267681884,0.45024245977401733,1.0,10.0,0.6224257435632234,0.6143671438159852,0.28182512521743774,True,False,283.2232532991692,2.8024308383464813,0.6079962196126982
AgriTrust-ACFL,5,6,0,False,0.6239413768053055,0.753079393934942,0.31958311796188354,1.0,10.0,0.6970925614527349,0.677175871789209,0.7496191263198853,True,False,696.1367961993069,2.8024308383464813,0.6079962196126982
AgriTrust-ACFL,5,7,2,False,0.6856456398963928,0.6059085887727093,0.45024245977401733,1.0,10.0,0.6982971899395535,0.8070836976423713,2.1516153812408447,True,False,3070.0380239762126,2.8024308383464813,0.6079962196126982
AgriTrust-ACFL,5,8,2,False,0.43194131553173065,0.8571977012992571,0.7825178503990173,1.0,10.0,0.5791099483058098,0.7236819921122583,1.3498318195343018,True,False,7739.939178866279,2.8024308383464813,0.6079962196126982
AgriTrust-ACFL,5,9,1,False,0.8018080294132233,0.7541455849416265,0.5971441268920898,1.0,10.0,0.7813958906796427,0.7873101153280919,0.7510457038879395,True,False,545.1840476384972,2.8024308383464813,0.6079962196126982
AgriTrust-ACFL,6,0,1,False,0.8068947196006775,0.5710044386919532,0.8616071939468384,1.0,9.0,0.7321607593495564,0.8160575730246339,1.9707109928131104,True,False,3841.1593430201087,2.146594822406769,0.6079962196126982
AgriTrust-ACFL,6,1,1,False,0.7565006017684937,0.5808567324936055,0.6289699077606201,1.0,9.0,0.6974433012737532,0.793756696516137,1.9213553667068481,True,False,10237.82803301382,2.146594822406769,0.6079962196126982
AgriTrust-ACFL,6,2,0,False,0.8153310418128967,0.596416823078444,0.8616071939468384,1.0,9.0,0.7583586115556633,0.8231246050060902,1.847506046295166,True,False,10125.255766179915,2.146594822406769,0.6079962196126982
AgriTrust-ACFL,6,3,0,False,0.45948301628232,1.0,0.7811275124549866,1.0,9.0,0.6333201807870413,0.7628934590344821,0.8586379289627075,True,False,20068.675333361087,2.146594822406769,0.6079962196126982
AgriTrust-ACFL,6,4,0,False,0.7389675676822662,0.6973727871174941,0.6289699077606201,1.0,9.0,0.754167108504816,0.6919667536205037,0.5031842589378357,True,False,532.8144002877879,2.146594822406769,0.6079962196126982
AgriTrust-ACFL,6,5,2,False,0.602665975689888,0.4774571708178448,0.2848329544067383,1.0,9.0,0.5943535015599152,0.6093637332519677,0.28693899512290955,True,False,114.21219942148282,2.146594822406769,0.6079962196126982
AgriTrust-ACFL,6,6,3,False,0.6918997466564178,0.9242275543945891,0.2905178666114807,1.0,9.0,0.7846329723534132,0.7040401469302601,0.7639641165733337,True,False,187.6259866288428,2.146594822406769,0.6079962196126982
AgriTrust-ACFL,6,7,0,False,0.7805951237678528,0.6703204981522365,0.3925788998603821,1.0,9.0,0.7730049505468778,0.7985640108684979,1.5537041425704956,True,False,7471.364885685666,2.146594822406769,0.6079962196126982
AgriTrust-ACFL,6,8,0,False,0.4131953790783882,0.8818686849785119,0.7811275124549866,1.0,9.0,0.5699802306354362,0.6852565517430528,0.712630569934845,True,False,18026.358850152745,2.146594822406769,0.6079962196126982
AgriTrust-ACFL,7,0,0,False,0.7949906587600708,0.7669075077948344,0.8674745559692383,1.0,8.0,0.7933911178369328,0.8103909592277087,1.6598773002624512,True,False,5982.306061018945,3.606594204902649,0.5913969155740308
AgriTrust-ACFL,7,1,1,False,0.7917352020740509,0.7139463816214859,0.6466611623764038,1.0,8.0,0.7607846660133942,0.7855136888904514,1.7291983366012573,True,False,10131.510196683132,3.606594204902649,0.5913969155740308
AgriTrust-ACFL,7,2,1,False,0.8298617601394653,0.6446454557737378,0.8674745559692383,1.0,8.0,0.7838363710197547,0.8133025465095063,1.833155632019043,True,False,6379.109157713135,3.606594204902649,0.5913969155740308
AgriTrust-ACFL,7,3,3,False,0.3651711791753769,0.7669075077948344,0.7640689611434937,1.0,8.0,0.5154316593482718,0.7010280091129296,1.225398063659668,True,False,4780.71259210873,3.606594204902649,0.5913969155740308
AgriTrust-ACFL,7,4,1,False,0.7938504815101624,0.1727238867700227,0.6466611623764038,1.0,8.0,0.5161145983055995,0.6480037147917777,0.5225464105606079,True,False,318.15276639817745,3.606594204902649,0.5913969155740308
AgriTrust-ACFL,7,6,1,False,0.75297811627388,0.34248646854603015,0.35189682245254517,1.0,8.0,0.6102846639670694,0.6806012761894624,0.7728658318519592,True,False,446.121708672494,3.606594204902649,0.5913969155740308
AgriTrust-ACFL,7,7,3,False,0.6503748744726181,0.6970196281291422,0.1590118408203125,1.0,8.0,0.7074192675153459,0.7757778250302099,1.753084659576416,True,False,1881.6117830980415,3.606594204902649,0.5913969155740308
AgriTrust-ACFL,7,8,1,False,0.3833170458674431,0.2889630374945008,0.7640689611434937,1.0,8.0,0.3913476917557476,0.6117793367462264,0.7013059854507446,True,False,10261.647764610267,3.606594204902649,0.5913969155740308
AgriTrust-ACFL,8,0,2,False,0.8075269758701324,0.5562766368089048,0.8119914531707764,1.0,10.0,0.7267565269016036,0.7894823511461824,1.771774172782898,True,False,2369.471192211885,2.219732105731964,0.5820919735244201
AgriTrust-ACFL,8,1,4,False,0.7031057476997375,0.49761336719109933,0.3905143439769745,1.0,10.0,0.6395464082798933,0.7490218687378118,2.022955894470215,True,False,2504.47888905188,2.219732105731964,0.5820919735244201
AgriTrust-ACFL,8,2,0,False,0.8208138346672058,0.641454277768912,0.8119914531707764,1.0,10.0,0.7779653400147118,0.8044682448858077,1.4955410957336426,True,False,9895.76388034032,2.219732105731964,0.5820919735244201
AgriTrust-ACFL,8,3,0,False,0.29063980281352997,0.906281363768991,0.7633999586105347,1.0,10.0,0.47796856697488177,0.6452631485784177,0.9913652539253235,True,False,16974.292386503857,2.219732105731964,0.5820919735244201
AgriTrust-ACFL,8,4,1,False,0.8234554529190063,0.6240221884221872,0.7706038951873779,1.0,10.0,0.7741875816378315,0.6795496815032911,0.5032098889350891,True,False,333.64100566112336,2.219732105731964,0.5820919735244201
AgriTrust-ACFL,8,5,1,False,0.7152183502912521,0.37805050047339217,0.4128694534301758,1.0,10.0,0.6088755446388888,0.609241686098698,0.2772168517112732,True,False,179.08450874129895,2.219732105731964,0.5820919735244201
AgriTrust-ACFL,8,6,2,False,0.6996147334575653,0.8742968675763557,0.3570522665977478,1.0,10.0,0.7763887501689346,0.7045481446843305,0.7515974640846252,True,False,294.46844063992364,2.219732105731964,0.5820919735244201
AgriTrust-ACFL,8,7,1,False,0.7415765672922134,0.7004859661578433,0.4128694534301758,1.0,10.0,0.7614983159819222,0.7722079477681378,1.3468314409255981,True,False,4606.721561026848,2.219732105731964,0.5820919735244201
AgriTrust-ACFL,8,8,1,False,0.32730942964553833,0.7465652358180939,0.7633999586105347,1.0,10.0,0.4769805049425907,0.5780796287953175,0.6228525042533875,False,False,0.0,2.219732105731964,0.5820919735244201
AgriTrust-ACFL,8,9,1,False,0.8385756611824036,0.906281363768991,0.7706038951873779,1.0,10.0,0.846297384547023,0.8020569326328247,0.7844204306602478,True,False,555.3956902828055,2.219732105731964,0.5820919735244201
AgriTrust-ACFL,9,0,3,False,0.7920804023742676,0.31817118353555235,0.7884564399719238,1.0,6.0,0.6081163410060356,0.7441408486111457,1.7567317485809326,True,False,1424.0709770630199,2.004101201891899,0.5634374784039272
AgriTrust-ACFL,9,2,0,False,0.8236644864082336,0.4380589779140174,0.7884564399719238,1.0,6.0,0.6951818628759587,0.7771466493833454,1.4109083414077759,True,False,9559.680934064532,2.004101201891899,0.5634374784039272
AgriTrust-ACFL,9,3,0,False,0.3157021403312683,0.9530231943745188,0.7241137623786926,1.0,6.0,0.5078188326543951,0.6109020695974121,0.8280746340751648,True,False,16070.389842829523,2.004101201891899,0.5634374784039272
AgriTrust-ACFL,9,4,0,False,0.7075667083263397,0.49833266518849095,0.2618952691555023,1.0,6.0,0.66575126803788,0.6761000781369384,0.49701669812202454,True,False,520.5970601654426,2.004101201891899,0.5634374784039272
AgriTrust-ACFL,9,6,0,False,0.7428948730230331,0.9016673124628583,0.36463961005210876,1.0,6.0,0.8099031399665362,0.730886893504882,0.7463188171386719,True,False,751.3517265230187,2.004101201891899,0.5634374784039272
AgriTrust-ACFL,9,8,2,False,0.42776695638895035,0.9530231943745188,0.7241137623786926,1.0,6.0,0.5946318059890195,0.5822176730937431,0.7752063274383545,True,False,6226.946956982722,2.004101201891899,0.5634374784039272
AgriTrust-ACFL,10,0,1,False,0.7854951620101929,0.7180794554845478,0.8185224533081055,1.0,8.0,0.7727624427747314,0.7512962471520421,1.3796135187149048,True,False,3536.329659227239,2.764260843396187,0.5878956543063889
AgriTrust-ACFL,10,1,2,False,0.7117966562509537,0.727847594947562,0.5585809946060181,1.0,8.0,0.7216905202095947,0.7421890316057576,1.3656277656555176,True,False,6103.830192448992,2.764260843396187,0.5878956543063889
AgriTrust-ACFL,10,2,0,False,0.8125664293766022,0.5658560944478511,0.8185224533081055,1.0,8.0,0.745092429355915,0.7691330943764878,1.6511365175247192,True,False,9461.106193925176,2.764260843396187,0.5878956543063889
AgriTrust-ACFL,10,3,1,False,0.31944379210472107,0.727847594947562,0.8021693229675293,1.0,8.0,0.4714158785212348,0.5760305218283678,0.8457809090614319,False,False,0.0,2.764260843396187,0.5878956543063889
AgriTrust-ACFL,10,4,1,False,0.7474929094314575,0.36140021541242945,0.5585809946060181,1.0,8.0,0.6231097478766061,0.6628524955718553,0.49884769320487976,True,False,325.4431268930086,2.764260843396187,0.5878956543063889
AgriTrust-ACFL,10,6,1,False,0.715217724442482,0.6257387707735078,0.35160788893699646,1.0,8.0,0.7108338543926102,0.725873633726814,0.7546616196632385,True,False,475.7969123589664,2.764260843396187,0.5878956543063889
AgriTrust-ACFL,10,7,3,False,0.7061882019042969,0.7240471112028584,0.31811487674713135,1.0,8.0,0.7486858338632002,0.7663274192919035,1.3710298538208008,True,False,1858.6902787465062,2.764260843396187,0.5878956543063889
AgriTrust-ACFL,10,8,3,False,0.36883339285850525,0.5311359857540077,0.8021693229675293,1.0,8.0,0.45990852744583444,0.551640386681766,0.6669125556945801,False,False,0.0,2.764260843396187,0.5878956543063889
AgriTrust-ACFL,11,0,2,False,0.7858924865722656,0.6088429568807179,0.30263882875442505,1.0,5.0,0.7356421997737151,0.7473827353074605,1.3448526859283447,True,False,2243.117731886629,2.401164174079895,0.588221484096786
AgriTrust-ACFL,11,1,0,False,0.5361705794930458,0.6703210341175775,0.14887848496437073,1.0,5.0,0.6024827119514198,0.707262451692173,1.259889841079712,True,False,14306.504872829277,2.401164174079895,0.588221484096786
AgriTrust-ACFL,11,2,0,False,0.7495307922363281,1.0,0.2274620234966278,1.0,5.0,0.8454933249932235,0.7882231520306717,0.960465669631958,True,False,9695.932993129292,2.401164174079895,0.588221484096786
AgriTrust-ACFL,11,4,1,False,0.7828797101974487,0.38963421625631006,0.22672484815120697,1.0,5.0,0.6537527486072571,0.6605775588307058,0.5067353844642639,True,False,324.32619283683556,2.401164174079895,0.588221484096786
AgriTrust-ACFL,11,6,3,False,0.7550972700119019,0.7083704156266326,0.30263882875442505,1.0,5.0,0.7601317201340919,0.7344381553286334,0.7601470947265625,True,False,195.72702510252182,2.401164174079895,0.588221484096786
AgriTrust-ACFL,12,2,0,False,0.6740902066230774,1.0,0.2994457185268402,1.0,5.0,0.7975738004790266,0.7905608141427604,0.9220725297927856,True,False,9724.688574770094,2.305181324481964,0.534028420003106
AgriTrust-ACFL,12,4,3,False,0.659954309463501,0.6237556216608866,0.05571304261684418,1.0,5.0,0.685363703249167,0.6667740949353211,0.48788946866989136,True,False,133.09811142548,2.305181324481964,0.534028420003106
AgriTrust-ACFL,12,5,1,False,0.7487735152244568,0.42898980375995915,0.29828357696533203,1.0,5.0,0.6485585382462293,0.6190708991355809,0.2944982945919037,True,False,181.97377227691752,2.305181324481964,0.534028420003106
AgriTrust-ACFL,12,7,5,False,0.77114337682724,0.7503105555284367,0.2994457185268402,1.0,5.0,0.7942549981787447,0.7733093140136138,1.3583606481552124,True,False,762.5720263190061,2.305181324481964,0.534028420003106
AgriTrust-ACFL,12,8,1,False,0.5256555117666721,0.670320543084365,0.29828357696533203,1.0,5.0,0.5992713932920518,0.5635481383343374,1.5813958644866943,True,False,9452.644354981969,2.305181324481964,0.534028420003106
AgriTrust-ACFL,13,0,3,False,0.4310299903154373,0.6776216650528123,0.7704980373382568,1.0,9.0,0.545934608987297,0.6970207037274196,1.597868800163269,True,False,1333.8966090127267,3.072309195995331,0.5528907816670654
AgriTrust-ACFL,13,1,1,False,0.6320729851722717,0.6048043806251361,0.3029184341430664,1.0,9.0,0.6395132554190462,0.6903251526238914,0.8753909468650818,True,False,8903.773952959324,3.072309195995331,0.5528907816670654
AgriTrust-ACFL,13,2,0,False,0.44474733248353004,1.0,0.7704980373382568,1.0,9.0,0.6345097694673902,0.7515480529739178,1.2289236783981323,True,False,9244.792599632163,3.072309195995331,0.5528907816670654
AgriTrust-ACFL,13,3,1,False,0.7438516318798065,0.7349686897477898,0.9155130386352539,1.0,9.0,0.7526156584764452,0.6201768059903872,1.5126558542251587,True,False,10402.502262828584,3.072309195995331,0.5528907816670654
AgriTrust-ACFL,13,5,0,False,0.8113774359226227,0.11434004238450007,0.6034603118896484,1.0,9.0,0.45588409751543135,0.5782741987305435,0.28456681966781616,True,False,266.58440561478056,3.072309195995331,0.5528907816670654
AgriTrust-ACFL,13,6,0,False,0.4534127563238144,0.4355526413868538,0.255603164434433,1.0,9.0,0.4962412770967557,0.674888935770664,0.7014896273612976,True,False,693.7858259722426,3.072309195995331,0.5528907816670654
AgriTrust-ACFL,13,7,1,False,0.8661470413208008,0.670321039689976,0.46045947074890137,1.0,9.0,0.8185092019375135,0.7846092859945888,1.6095880270004272,True,False,4680.703591849628,3.072309195995331,0.5528907816670654
AgriTrust-ACFL,13,8,1,False,0.7129151821136475,0.7802408671630534,0.9155130386352539,1.0,9.0,0.741638981249316,0.6080708490630821,1.4528727531433105,True,False,10199.443646134769,3.072309195995331,0.5528907816670654
AgriTrust-ACFL,13,9,1,False,0.8106918632984161,0.3421695236319733,0.6034603118896484,1.0,9.0,0.6202102506789379,0.756595262144353,0.5961059927940369,True,False,523.9151122402078,3.072309195995331,0.5528907816670654
AgriTrust-ACFL,14,0,2,False,0.632623553276062,0.864937728153832,0.34311413764953613,1.0,8.0,0.7254219994096804,0.7041210276479848,1.1056026220321655,True,False,2113.2764886008254,2.477508783340454,0.5566040444525157
AgriTrust-ACFL,14,1,2,False,0.5102179236710072,0.8685230714330909,0.3201102018356323,1.0,8.0,0.6336408170000464,0.6761540687179302,0.8800463676452637,True,False,5560.752643377809,2.477508783340454,0.5566040444525157
AgriTrust-ACFL,14,2,0,False,0.7574472427368164,0.6320673550008828,0.40900567173957825,1.0,8.0,0.7410521844094491,0.7489240858328006,1.419888973236084,True,False,9212.515179829279,2.477508783340454,0.5566040444525157
AgriTrust-ACFL,14,4,0,False,0.7251327186822891,0.36158173789644765,0.7165223360061646,1.0,8.0,0.6128803576601912,0.6533006606165387,0.437466561794281,True,False,503.0415086747348,2.477508783340454,0.5566040444525157
AgriTrust-ACFL,14,6,1,False,0.7049952745437622,0.6659871131600668,0.3165363073348999,1.0,8.0,0.7185405752942297,0.6858018456515554,0.7120747566223145,True,False,449.53058699180684,2.477508783340454,0.5566040444525157
AgriTrust-ACFL,14,7,1,False,0.6817436665296555,0.8685230714330909,0.19068863987922668,1.0,8.0,0.7755134529388711,0.7823353277306594,1.1019606590270996,True,False,4667.137955036907,2.477508783340454,0.5566040444525157
AgriTrust-ACFL,14,8,2,False,0.306617870926857,0.6340368696664733,0.3201102018356323,1.0,8.0,0.4381431987376717,0.5655889364817295,1.4163697957992554,True,False,6049.098936165304,2.477508783340454,0.5566040444525157
AgriTrust-ACFL,14,9,1,False,0.7050145268440247,0.6746828608086721,0.7165223360061646,1.0,8.0,0.7041005507531337,0.7434715842965481,0.7194810509681702,True,False,514.8274355170548,2.477508783340454,0.5566040444525157
AgriTrust-ACFL,15,1,1,False,0.5241819079965353,0.6595777673644153,0.08365034312009811,1.0,6.0,0.5921585629788351,0.6551551922831563,1.0108388662338257,True,False,8450.153835514378,1.769755780696869,0.5314186876235965
AgriTrust-ACFL,15,2,0,False,0.5850012302398682,0.6812388685489531,0.27703389525413513,1.0,6.0,0.6575094878173112,0.7260704363289282,0.9832104444503784,True,False,8931.392437282146,1.769755780696869,0.5314186876235965
AgriTrust-ACFL,15,4,0,False,0.7489422857761383,0.6037791349789676,0.6016672253608704,1.0,6.0,0.7276024528393641,0.6718761086722451,0.45893824100494385,True,False,517.3446036776287,1.769755780696869,0.5314186876235965
AgriTrust-ACFL,15,5,0,False,0.7779267728328705,0.35134328501286377,0.6016672253608704,1.0,6.0,0.6238183152447816,0.589660227859103,0.28846028447151184,True,False,271.83336504304646,1.769755780696869,0.5314186876235965
AgriTrust-ACFL,15,6,3,False,0.6468986868858337,0.9580011462360102,0.27703389525413513,1.0,6.0,0.7643264576677765,0.7054329986556107,0.7339397072792053,True,False,187.9971802040048,1.769755780696869,0.5314186876235965
AgriTrust-ACFL,15,8,1,False,0.5137090422213078,0.9580011462360101,0.17342177033424377,1.0,6.0,0.6586540851802016,0.5888552236563476,0.6818649172782898,True,False,9877.131388010237,1.769755780696869,0.5314186876235965
AgriTrust-ACFL,16,0,1,False,0.3961682468652725,0.9042793245980175,0.42637479305267334,1.0,9.0,0.5683160464883389,0.6701697823580732,0.9790234565734863,True,False,3154.469740870549,2.302420139312744,0.5367480721356211
AgriTrust-ACFL,16,1,5,False,0.6580851674079895,0.610636676454769,0.35053548216819763,1.0,9.0,0.655742177199525,0.6553019385122485,1.2427765130996704,True,False,1397.1138995490114,2.302420139312744,0.5367480721356211
AgriTrust-ACFL,16,3,3,False,0.7457564771175385,1.0,0.8227365016937256,1.0,9.0,0.8266153979823067,0.671786453988367,0.9209680557250977,True,False,4581.297634390089,2.302420139312744,0.5367480721356211
AgriTrust-ACFL,16,4,1,False,0.7804568111896515,0.32139029858100016,0.5293959379196167,1.0,9.0,0.6160072746632017,0.6579089001699843,0.4621046483516693,True,False,323.01595168219364,2.302420139312744,0.5367480721356211
AgriTrust-ACFL,16,5,0,False,0.8256109058856964,0.14371009997154657,0.5293959379196167,1.0,9.0,0.4929410640469657,0.5654804369060686,0.28338220715522766,True,False,260.68648141369766,2.302420139312744,0.5367480721356211
AgriTrust-ACFL,16,6,3,False,0.459651380777359,0.6703211493459109,0.42637479305267334,1.0,9.0,0.5690228754689526,0.6713304678589462,0.722274124622345,True,False,178.9088902603654,2.302420139312744,0.5367480721356211
AgriTrust-ACFL,16,7,0,False,0.7060016095638275,0.6885821821460018,0.4085061550140381,1.0,9.0,0.7373831017445511,0.7710972712341324,1.1553010940551758,True,False,7214.386069666542,2.302420139312744,0.5367480721356211
AgriTrust-ACFL,16,8,1,False,0.6901053637266159,0.7367430009549072,0.8227365016937256,1.0,9.0,0.7160632623646644,0.6206572333334268,1.108810305595398,True,False,10410.5606849992,2.302420139312744,0.5367480721356211
AgriTrust-ACFL,16,9,2,False,0.4016292840242386,0.6679757873308722,0.16381822526454926,1.0,9.0,0.5151432514219748,0.6863895010779049,0.7207376956939697,True,False,303.064748450401,2.302420139312744,0.5367480721356211
AgriTrust-ACFL,17,0,1,False,0.718350350856781,0.7118487794521279,0.708935022354126,1.0,7.0,0.7337812600251042,0.686072651774831,1.2617051601409912,True,False,3229.324086274882,2.8314200043678284,0.5267768924536854
AgriTrust-ACFL,17,1,0,False,0.6415497362613678,0.6703221560810766,0.42068397998809814,1.0,7.0,0.664974284040009,0.6577200248941886,1.2860287427902222,True,False,13304.360663559646,2.8314200043678284,0.5267768924536854
AgriTrust-ACFL,17,2,0,False,0.6913482397794724,0.28780021946575923,0.708935022354126,1.0,7.0,0.5565915128231812,0.6837007054524915,1.6822893619537354,True,False,8410.202377771098,2.8314200043678284,0.5267768924536854
AgriTrust-ACFL,17,3,3,False,0.4476892575621605,0.30367890772400125,0.7636132836341858,1.0,7.0,0.4366532342154831,0.6130031490451461,0.7755991220474243,True,False,4180.4205189329905,2.8314200043678284,0.5267768924536854
AgriTrust-ACFL,17,5,0,False,0.7855983078479767,0.011621594370711443,0.42068397998809814,1.0,7.0,0.22556013181408488,0.4805003606330727,0.275065541267395,False,False,0.0,2.8314200043678284,0.5267768924536854
AgriTrust-ACFL,17,7,1,False,0.6589431911706924,1.0,0.22326812148094177,1.0,7.0,0.794016820541333,0.7768271585609327,1.1325680017471313,True,False,4634.278151211653,2.8314200043678284,0.5267768924536854
AgriTrust-ACFL,17,8,2,False,0.35405004024505615,0.8989807475764467,0.7636132836341858,1.0,7.0,0.5265793078904544,0.5971377519726837,1.094892978668213,True,False,6386.520504929975,2.8314200043678284,0.5267768924536854
AgriTrust-ACFL,18,0,4,False,0.6945553123950958,0.601095667841437,0.7977331876754761,1.0,8.0,0.6846792451461542,0.6857243001176618,1.4560818672180176,True,False,836.7457464663678,1.9486889988183975,0.5371800272531125
AgriTrust-ACFL,18,2,1,False,0.6526427716016769,0.543424078027505,0.7977331876754761,1.0,8.0,0.6525130106606309,0.6759037817545264,1.648289442062378,True,False,5301.426907400987,1.9486889988183975,0.5371800272531125
AgriTrust-ACFL,18,3,1,False,0.4753427505493164,0.786264914009745,0.7501070499420166,1.0,8.0,0.6003431675117616,0.6098381536618,0.5795285701751709,True,False,10229.08743466361,1.9486889988183975,0.5371800272531125
AgriTrust-ACFL,18,4,0,False,0.6794629544019699,0.599892605462671,0.5270942449569702,1.0,8.0,0.6883310553786907,0.6655144389721609,0.4155676066875458,True,False,512.4461180085639,1.9486889988183975,0.5371800272531125
AgriTrust-ACFL,18,5,0,False,0.706171378493309,0.44319894436380297,0.5270942449569702,1.0,8.0,0.6341653449742439,0.5189166067183655,0.28643369674682617,False,False,0.0,1.9486889988183975,0.5371800272531125
AgriTrust-ACFL,18,6,4,False,0.5721755474805832,0.9676836246514523,0.3517914414405823,1.0,8.0,0.7165892116754105,0.6826451538130622,0.7480162978172302,True,False,116.0000185544574,1.9486889988183975,0.5371800272531125
AgriTrust-ACFL,18,7,4,False,0.7763633131980896,0.7475177733079288,0.2788565158843994,1.0,8.0,0.7963161543570064,0.781699407509951,1.1137850284576416,True,False,1208.9265861664232,1.9486889988183975,0.5371800272531125
AgriTrust-ACFL,18,8,2,False,0.41609685122966766,0.9676836246514523,0.7501070499420166,1.0,8.0,0.5883422936918367,0.5949388874024719,0.8109349012374878,True,False,6363.0031613709225,1.9486889988183975,0.5371800272531125
AgriTrust-ACFL,19,0,4,False,0.7194028794765472,0.7741642799053563,0.5221075415611267,1.0,8.0,0.7530953332714136,0.7025670584060998,1.00767982006073,True,False,857.2978930859252,2.0676279067993164,0.5371872185307993
AgriTrust-ACFL,19,1,2,False,0.7702717483043671,0.5553860082019453,0.704547643661499,1.0,8.0,0.6949855257242908,0.6670364001017142,1.3042629957199097,True,False,5485.768106266021,2.0676279067993164,0.5371872185307993
AgriTrust-ACFL,19,2,0,False,0.8122586905956268,0.39717379617718884,0.583078145980835,1.0,8.0,0.669887767985261,0.67439977831221,1.6922976970672607,True,False,8295.791673018495,2.0676279067993164,0.5371872185307993
AgriTrust-ACFL,19,3,3,False,0.23293936252593994,0.9365391198531083,0.6520377397537231,1.0,8.0,0.4273822533545129,0.5642241785849783,0.8691359758377075,True,False,3847.7687057706185,2.0676279067993164,0.5371872185307993
AgriTrust-ACFL,19,5,0,False,0.7418926954269409,0.24413074804082177,0.4207936227321625,1.0,8.0,0.5448747415092894,0.5254061404160965,0.27623671293258667,False,False,0.0,2.0676279067993164,0.5371872185307993
AgriTrust-ACFL,19,6,4,False,0.6584317088127136,0.8335690259036106,0.44425827264785767,1.0,8.0,0.7402399375973807,0.6970438497591418,0.7170636057853699,True,False,118.44674946227339,2.0676279067993164,0.5371872185307993
AgriTrust-ACFL,19,8,0,False,0.36728495359420776,0.5804066819797482,0.6520377397537231,1.0,8.0,0.4712209192136233,0.5640093953552597,0.5413016676902771,True,False,14836.831154215462,2.0676279067993164,0.5371872185307993
AgriTrust-ACFL,19,9,0,False,0.8327673077583313,0.9365391198531083,0.704547643661499,1.0,8.0,0.8514156692591004,0.7276460431232038,0.7849663496017456,True,False,790.2236028317993,2.0676279067993164,0.5371872185307993
AgriTrust-ACFL,20,0,1,False,0.8022611737251282,0.4189731961408501,0.8811548352241516,1.0,9.0,0.66511213430632,0.6932033273811549,1.705423355102539,True,False,3262.887969673155,2.311859279870987,0.5443921673681075
AgriTrust-ACFL,20,1,5,False,0.6140744164586067,0.9368902915923346,0.38935452699661255,1.0,9.0,0.7177468087786922,0.6797140022709587,0.9681435823440552,True,False,1449.1607982220164,2.311859279870987,0.5443921673681075
AgriTrust-ACFL,20,2,1,False,0.8259694576263428,0.4223901044823827,0.8811548352241516,1.0,9.0,0.688684460894927,0.6779709489578892,1.695705533027649,True,False,5317.640658721563,2.311859279870987,0.5443921673681075
AgriTrust-ACFL,20,3,4,False,0.25330035388469696,1.0,0.7541024684906006,1.0,9.0,0.4564306605966605,0.5372757990878989,0.9247437119483948,False,False,0.0,2.311859279870987,0.5443921673681075
AgriTrust-ACFL,20,4,0,False,0.8168167769908905,0.3720155005825839,0.7273775935173035,1.0,9.0,0.6599651434587611,0.664127115093811,0.46120038628578186,True,False,511.37787862223445,2.311859279870987,0.5443921673681075
AgriTrust-ACFL,20,6,0,False,0.7283254861831665,0.6703209988046718,0.329325795173645,1.0,9.0,0.7329477446159102,0.7060198234733338,0.697915256023407,True,False,725.7883785305871,2.311859279870987,0.5443921673681075
AgriTrust-ACFL,20,7,2,False,0.5076745436526835,0.8577866058374367,0.14199192821979523,1.0,9.0,0.6569753237496205,0.7505183865698685,1.0301308631896973,True,False,2854.8711753111857,2.311859279870987,0.5443921673681075
AgriTrust-ACFL,20,8,0,False,0.3209850788116455,0.5513499071250622,0.7541024684906006,1.0,9.0,0.43087170152920845,0.5307249718987469,0.6082786917686462,False,False,0.0,2.311859279870987,0.5443921673681075
AgriTrust-ACFL,20,9,1,False,0.8394199013710022,0.7576071004499679,0.7273775935173035,1.0,9.0,0.8024493862866277,0.7463468789140598,0.7606839537620544,True,False,516.8184740255274,2.311859279870987,0.5443921673681075
AgriTrust-ACFL,21,0,3,False,0.874567300081253,0.5964822814781962,0.7285934686660767,1.0,7.0,0.7754090523342271,0.713754758619423,1.1624727249145508,True,False,1365.9207640429986,1.8891891837120056,0.571655871022108
AgriTrust-ACFL,21,2,3,False,0.8926302194595337,0.6082789059390542,0.7285934686660767,1.0,7.0,0.8018186777290782,0.7089328811506864,1.1436506509780884,True,False,2260.726306091235,1.8891891837120056,0.571655871022108
AgriTrust-ACFL,21,3,1,False,0.31731200218200684,0.9025759206447,0.1013973206281662,1.0,7.0,0.5010001083730735,0.5282068764091925,0.693792462348938,False,False,0.0,1.8891891837120056,0.571655871022108
AgriTrust-ACFL,21,4,1,False,0.7008943408727646,0.5708457679982348,0.7366034984588623,1.0,7.0,0.6898404728790268,0.6705554545401149,0.47357121109962463,True,False,329.2250769794999,1.8891891837120056,0.571655871022108
AgriTrust-ACFL,21,6,3,False,0.7553048133850098,0.9890583029373298,0.44022807478904724,1.0,7.0,0.8403166004017273,0.7395940177054321,0.7487773895263672,True,False,197.10105720791708,1.8891891837120056,0.571655871022108
AgriTrust-ACFL,21,7,3,False,0.6203478500247002,0.6703208502254263,0.20970380306243896,1.0,7.0,0.6812359208471607,0.7331977701391915,1.0547144412994385,True,False,1778.3359089716039,1.8891891837120056,0.571655871022108
AgriTrust-ACFL,21,9,2,False,0.7633399963378906,1.0,0.7366034984588623,1.0,7.0,0.8277339238869872,0.7666936401572917,0.7556756734848022,True,False,338.52180843077815,1.8891891837120056,0.571655871022108
AgriTrust-ACFL,22,0,0,False,0.5197480246424675,0.9276408211348801,0.17162995040416718,1.0,9.0,0.6649137971772232,0.701544518258873,0.7963281273841858,True,False,5178.801633787,1.9305378198623657,0.5618765238382089
AgriTrust-ACFL,22,1,1,False,0.6861066520214081,0.3402422648174578,0.3878190815448761,1.0,9.0,0.56298259816288,0.650531151243939,1.200634241104126,True,False,8390.513221224275,1.9305378198623657,0.5618765238382089
AgriTrust-ACFL,22,2,0,False,0.5723392590880394,1.0,0.22477835416793823,1.0,9.0,0.7289293126994013,0.7139319890378651,0.7722151279449463,True,False,8782.077397154779,1.9305378198623657,0.5618765238382089
AgriTrust-ACFL,22,3,2,False,0.7294091880321503,0.6991193156879222,0.5971087217330933,1.0,9.0,0.7334570525693873,0.5795194204492412,0.666963517665863,True,False,6198.088547370093,1.9305378198623657,0.5618765238382089
AgriTrust-ACFL,22,5,1,False,0.7467044442892075,0.09448804198442293,0.5875822305679321,1.0,9.0,0.41130803050260933,0.4968816129377247,0.29395920038223267,True,True,73.02832487165134,1.9305378198623657,0.5618765238382089
AgriTrust-ACFL,22,6,1,False,0.5707660019397736,0.6703216834756984,0.22477835416793823,1.0,9.0,0.6409823480401553,0.7149411002891128,0.6555769443511963,True,False,468.6308363200659,1.9305378198623657,0.5618765238382089
AgriTrust-ACFL,22,7,1,False,0.7313784956932068,0.5317635800235397,0.5875822305679321,1.0,9.0,0.6957562177761073,0.7238373820484204,1.0000488758087158,True,False,4318.159744661038,1.9305378198623657,0.5618765238382089
AgriTrust-ACFL,22,8,1,False,0.7477937340736389,0.1827880808022078,0.5971087217330933,1.0,9.0,0.4926261701449431,0.5212002714602959,1.5483731031417847,False,False,0.0,1.9305378198623657,0.5618765238382089
AgriTrust-ACFL,22,9,2,False,0.40553611516952515,0.9489490540689907,0.16807547211647034,1.0,9.0,0.5754200080988852,0.7188752321426901,0.7558266520500183,True,False,317.4083243616227,1.9305378198623657,0.5618765238382089
AgriTrust-ACFL,23,0,1,False,0.6285609304904938,0.9570403874509169,0.24398313462734222,1.0,8.0,0.7451358583475436,0.7124423532810407,0.7653530240058899,True,False,3353.4455069459837,1.9428680092096329,0.5669019737913243
AgriTrust-ACFL,23,2,1,False,0.6854185461997986,0.9337795203923364,0.22996854782104492,1.0,8.0,0.7885422930418449,0.73258456503886,0.7588714361190796,True,False,5746.000584524252,1.9428680092096329,0.5669019737913243
AgriTrust-ACFL,23,3,1,False,0.4905001251026988,0.13816382508232014,0.8902052640914917,1.0,8.0,0.36253082894187066,0.5252722725723986,1.5401980876922607,False,False,0.0,1.9428680092096329,0.5669019737913243
AgriTrust-ACFL,23,4,0,False,0.55442089214921,0.25398769095505896,0.26205354928970337,1.0,8.0,0.47559765509341717,0.6218160046784404,0.4838673770427704,True,False,478.79832360239914,1.9428680092096329,0.5669019737913243
AgriTrust-ACFL,23,6,4,False,0.6015002727508545,0.9165537594238491,0.27810394763946533,1.0,8.0,0.7246632293219243,0.7173716325473157,0.75400310754776,True,False,121.9009938342255,1.9428680092096329,0.5669019737913243
AgriTrust-ACFL,23,7,6,False,0.6591907441616058,0.49024027167704287,0.18872717022895813,1.0,8.0,0.6412717631108192,0.7031959773140201,0.9941768050193787,True,False,442.1518939587063,1.9428680092096329,0.5669019737913243
AgriTrust-ACFL,23,8,0,False,0.47770886681973934,0.39656379282892495,0.8902052640914917,1.0,8.0,0.4857209656697711,0.5123304450126647,1.0697853565216064,False,False,0.0,1.9428680092096329,0.5669019737913243
AgriTrust-ACFL,23,9,6,False,0.6639188528060913,0.957040387450917,0.27810394763946533,1.0,8.0,0.7565509393627309,0.7282941589477003,0.7889413833618164,True,False,53.154685261905286,1.9428680092096329,0.5669019737913243
AgriTrust-ACFL,24,1,1,False,0.6307092308998108,0.7670650215269197,0.27965617179870605,1.0,8.0,0.6859600180055015,0.6593883679343296,0.9929293394088745,True,False,8504.753090601575,2.1247662603855133,0.5233222005394027
AgriTrust-ACFL,24,2,0,False,0.6193509697914124,0.729855063276791,0.12730175256729126,1.0,8.0,0.6926474015877455,0.7226002741760813,0.6847187280654907,True,False,8888.705972639977,2.1247662603855133,0.5233222005394027
AgriTrust-ACFL,24,3,3,False,0.8060315549373627,0.36051188992120387,0.9007052183151245,1.0,8.0,0.6352499276851812,0.5527666863505942,1.6106600761413574,True,False,3769.6334862260824,2.1247662603855133,0.5233222005394027
AgriTrust-ACFL,24,4,0,False,0.8069666922092438,0.5185393188103836,0.743328869342804,1.0,8.0,0.7242512004749032,0.6474248036275562,0.5500482320785522,True,False,498.5170987932182,2.1247662603855133,0.5233222005394027
AgriTrust-ACFL,24,5,0,False,0.821620374917984,0.1954025741256242,0.743328869342804,1.0,8.0,0.5391015414606208,0.5074365950684487,0.29434019327163696,False,False,0.0,2.1247662603855133,0.5233222005394027
AgriTrust-ACFL,24,6,1,False,0.39044545590877533,0.7670650215269197,0.22119250893592834,1.0,8.0,0.541647814491552,0.6734406780333748,0.7068836688995361,True,False,441.4280673346519,2.1247662603855133,0.5233222005394027
AgriTrust-ACFL,24,7,4,False,0.5450533404946327,0.6580494236046971,0.22119250893592834,1.0,8.0,0.6309316640916145,0.6851298990084187,1.095394253730774,True,False,1059.5783263124067,2.1247662603855133,0.5233222005394027
AgriTrust-ACFL,24,8,1,False,0.7613371014595032,0.6828216098581913,0.9007052183151245,1.0,8.0,0.7387757638749178,0.5689417747282279,1.0697650909423828,True,False,9543.114224622967,2.1247662603855133,0.5233222005394027
AgriTrust-ACFL,25,0,0,False,0.6542169600725174,0.5511768309837923,0.8442164659500122,1.0,9.0,0.6455049820629207,0.6957080104765107,1.3901782035827637,True,False,5135.7165333376015,2.230444997549057,0.540168747079568
AgriTrust-ACFL,25,1,0,False,0.7154914438724518,1.0,0.5731909275054932,1.0,9.0,0.7961145126292385,0.6935699041080569,0.8921779990196228,True,False,14029.532020297775,2.230444997549057,0.540168747079568
AgriTrust-ACFL,25,2,0,False,0.6723141223192215,0.5735512247148351,0.8442164659500122,1.0,9.0,0.6740814279780949,0.7104705626265847,1.349596381187439,True,False,8739.498390869618,2.230444997549057,0.540168747079568
AgriTrust-ACFL,25,3,2,False,0.384477861225605,0.7319687768612544,0.7928013801574707,1.0,9.0,0.5228801134008729,0.5452950431131639,1.1254911422729492,True,False,5832.0512521174605,2.230444997549057,0.540168747079568
AgriTrust-ACFL,25,4,0,False,0.7828317582607269,0.39819766850642757,0.6153534650802612,1.0,9.0,0.658008319054491,0.6500706824842899,0.44947901368141174,True,False,500.5544255129032,2.230444997549057,0.540168747079568
AgriTrust-ACFL,25,6,0,False,0.5141383316367865,0.7731001162553609,0.3405291438102722,1.0,9.0,0.6316461437716124,0.6629920444679342,0.7366117835044861,True,False,681.5558217130364,2.230444997549057,0.540168747079568
AgriTrust-ACFL,25,7,1,False,0.5792003870010376,0.6250206009800015,0.33347752690315247,1.0,9.0,0.642373298017071,0.6744407487605818,1.26594877243042,True,False,4023.47676934731,2.230444997549057,0.540168747079568
AgriTrust-ACFL,25,8,0,False,0.42850257456302643,0.7635829346198673,0.7928013801574707,1.0,9.0,0.5569091704151433,0.5659336236499568,0.729849636554718,True,False,14887.449903735764,2.230444997549057,0.540168747079568
AgriTrust-ACFL,25,9,2,False,0.7917295694351196,0.6703209463518459,0.6153534650802612,1.0,9.0,0.7490278359436134,0.7334775781966786,0.6623877286911011,True,False,323.8557661227336,2.230444997549057,0.540168747079568
AgriTrust-ACFL,26,1,1,False,0.5340039506554604,0.6801120097812416,0.553071916103363,1.0,8.0,0.6037632684294882,0.6711182451884147,0.9354345798492432,True,False,8656.044370036143,1.7016532272100449,0.5421815631912821
AgriTrust-ACFL,26,2,0,False,0.5275709703564644,0.46969063460986754,0.4994654655456543,1.0,8.0,0.5556150866243992,0.6717566936260383,1.2694666385650635,True,False,8263.279088293897,1.7016532272100449,0.5421815631912821
AgriTrust-ACFL,26,4,3,False,0.8107441067695618,0.6606706647636279,0.5560656785964966,1.0,8.0,0.7808466079718039,0.6827646638561684,0.48354455828666687,True,False,136.29006885176574,1.7016532272100449,0.5421815631912821
AgriTrust-ACFL,26,5,0,False,0.8003331422805786,0.3353000043698714,0.5560656785964966,1.0,8.0,0.6248148426503519,0.5367811569639245,0.27636274695396423,False,False,0.0,1.7016532272100449,0.5421815631912821
AgriTrust-ACFL,26,6,2,False,0.658682718873024,0.8306946623815507,0.2961379885673523,1.0,8.0,0.739628283935835,0.6821511043349094,0.5840793251991272,True,False,285.1075167677894,1.7016532272100449,0.5421815631912821
AgriTrust-ACFL,26,7,4,False,0.7657039165496826,0.6560920571911303,0.4992828965187073,1.0,8.0,0.7599521154005251,0.6958185904205676,0.9635933637619019,True,False,1076.1087766304354,1.7016532272100449,0.5421815631912821
AgriTrust-ACFL,26,8,1,False,0.48167262598872185,0.9912132429329995,0.17823244631290436,1.0,8.0,0.6422687998645512,0.5850174177036054,0.6757063865661621,True,False,9812.758156502581,1.7016532272100449,0.5421815631912821
AgriTrust-ACFL,26,9,1,False,0.5785006284713745,0.9912132429329995,0.553071916103363,1.0,8.0,0.7087826572958834,0.7273038479714797,0.6856161952018738,True,False,503.6318573589112,1.7016532272100449,0.5421815631912821
AgriTrust-ACFL,27,0,2,False,0.8101475536823273,0.4493820226725445,0.8012622594833374,1.0,9.0,0.6829050123445467,0.6925072609435197,1.3917533159255981,True,False,2078.4201227816934,1.825660914182663,0.5546384618289946
AgriTrust-ACFL,27,1,2,False,0.6394747495651245,0.8200354847600089,0.5478003621101379,1.0,9.0,0.7051731377466496,0.6796319683279733,0.8569459319114685,True,False,5589.3552065282765,1.825660914182663,0.5546384618289946
AgriTrust-ACFL,27,2,0,False,0.8361692428588867,0.5900780945408913,0.8012622594833374,1.0,9.0,0.766497285658889,0.6954418416342509,1.1173434257507324,True,False,8554.63009394292,1.825660914182663,0.5546384618289946
AgriTrust-ACFL,27,4,2,False,0.7347091138362885,0.48363941500206065,0.5384813547134399,1.0,9.0,0.6736031691957622,0.6804742901910669,0.40655797719955444,True,False,213.02835448141,1.825660914182663,0.5546384618289946
AgriTrust-ACFL,27,5,1,False,0.5928039848804474,0.298076253437828,0.38909682631492615,1.0,9.0,0.5113539978575824,0.530424367187339,0.2752017378807068,False,False,0.0,1.825660914182663,0.5546384618289946
AgriTrust-ACFL,27,6,1,False,0.619567483663559,1.0,0.3490700125694275,1.0,9.0,0.7560628092868877,0.700629030572904,0.7302643656730652,True,False,459.24953596138494,1.825660914182663,0.5546384618289946
AgriTrust-ACFL,27,7,2,False,0.6866087317466736,0.6703208774302972,0.38909682631492615,1.0,9.0,0.7203412206671139,0.7019492479822041,1.0081877708435059,True,False,2670.1206931846446,1.825660914182663,0.5546384618289946
AgriTrust-ACFL,27,8,1,False,0.23870348930358887,0.9695227883008649,0.1676875352859497,1.0,9.0,0.43365348823985844,0.5471764353376687,0.7122662663459778,False,False,0.0,1.825660914182663,0.5546384618289946
AgriTrust-ACFL,27,9,1,False,0.7741802334785461,0.9138875485661794,0.5478003621101379,1.0,9.0,0.811945381609562,0.7484642313810003,0.679124653339386,True,False,518.2846647497796,1.825660914182663,0.5546384618289946
AgriTrust-ACFL,28,0,4,False,0.6690007001161575,0.6552214658084281,0.22399573028087616,1.0,9.0,0.6882819382707089,0.691450930275317,0.6274174451828003,True,False,843.733588993141,2.0102570950984955,0.5421809412739707
AgriTrust-ACFL,28,1,5,False,0.518024779856205,0.7098792491322196,0.29910099506378174,1.0,9.0,0.601438513333616,0.660083604579384,0.9832091331481934,True,False,1407.308485789003,2.0102570950984955,0.5421809412739707
AgriTrust-ACFL,28,2,1,False,0.5823756158351898,0.5692648214553984,0.4349708557128906,1.0,9.0,0.6214869649795615,0.6769531224705786,1.1192021369934082,True,False,5309.657373418901,2.0102570950984955,0.5421809412739707
AgriTrust-ACFL,28,3,2,False,0.5552652180194855,1.0,0.7759775519371033,1.0,9.0,0.7028301453777135,0.5846788186793013,0.8041028380393982,True,False,6253.269454088055,2.0102570950984955,0.5421809412739707
AgriTrust-ACFL,28,4,1,False,0.6835483014583588,0.3431650384476602,0.31101226806640625,1.0,9.0,0.5840608632820808,0.6563709334638204,0.4292551875114441,True,False,322.26085051375117,2.0102570950984955,0.5421809412739707
AgriTrust-ACFL,28,6,3,False,0.623346135020256,0.8798789786965927,0.3290563225746155,1.0,9.0,0.7300239663357052,0.7079777645136044,0.7459255456924438,True,False,188.67535772971448,2.0102570950984955,0.5421809412739707
AgriTrust-ACFL,28,7,3,False,0.706841766834259,0.6703211882455142,0.31101226806640625,1.0,9.0,0.7319398838715504,0.7094469069545407,1.0168565511703491,True,False,1720.7293332419506,2.0102570950984955,0.5421809412739707
AgriTrust-ACFL,28,8,0,False,0.5278703775256872,0.3886383962989673,0.7759775519371033,1.0,9.0,0.5100430539474226,0.5378930899901071,1.400206208229065,False,False,0.0,2.0102570950984955,0.5421809412739707
AgriTrust-ACFL,28,9,3,False,0.5352557860314846,0.7393351388211788,0.4349708557128906,1.0,9.0,0.6219521918811473,0.716836221506037,0.6735028624534607,True,False,201.81443046935416,2.0102570950984955,0.5421809412739707
AgriTrust-ACFL,29,0,3,False,0.6450509428977966,0.6620058558357498,0.7544441223144531,1.0,9.0,0.6767068621149209,0.687764913235218,1.3169771432876587,True,False,1316.1836953427935,1.955152302980423,0.5526725334724732
AgriTrust-ACFL,29,1,2,False,0.6893131881952286,1.0,0.38691970705986023,1.0,9.0,0.7799598005177415,0.6900526535639733,0.7820609211921692,True,False,5675.055870996316,1.955152302980423,0.5526725334724732
AgriTrust-ACFL,29,2,0,False,0.6852226406335831,0.7420842565985334,0.7544441223144531,1.0,9.0,0.735900964980599,0.6916900830980837,1.1400409936904907,True,False,8508.479712189526,1.955152302980423,0.5526725334724732
AgriTrust-ACFL,29,4,0,False,0.7741766571998596,0.6330436930342083,0.5606318712234497,1.0,9.0,0.7515818373074605,0.6801736594247304,0.43889015913009644,True,False,523.7337177570424,1.955152302980423,0.5526725334724732
AgriTrust-ACFL,29,5,0,False,0.7086628526449203,0.43667873443864275,0.5446997880935669,1.0,9.0,0.632576071041608,0.5559622931509063,0.2745315134525299,True,False,256.2986171425678,1.955152302980423,0.5526725334724732
AgriTrust-ACFL,29,6,1,False,0.48879667185246944,0.8899962318808237,0.2801228165626526,1.0,9.0,0.640834845914495,0.691192034863827,0.6749840378761292,True,False,453.0637575948799,1.955152302980423,0.5526725334724732
AgriTrust-ACFL,29,7,5,False,0.6249749064445496,0.6703205765702271,0.5446997880935669,1.0,9.0,0.6840258287235836,0.7030916373968015,1.2963708639144897,True,False,693.3293119603987,1.955152302980423,0.5526725334724732
AgriTrust-ACFL,29,8,1,False,0.32176220417022705,0.6276319773329018,0.25180307030677795,1.0,9.0,0.4485479745138446,0.5155568111210415,1.4087579250335693,False,False,0.0,1.955152302980423,0.5526725334724732
AgriTrust-ACFL,29,9,0,False,0.7357899248600006,0.929724891126363,0.5606318712234497,1.0,9.0,0.7936276536782493,0.7360340795490901,0.7132750749588013,True,False,799.3330103903118,1.955152302980423,0.5526725334724732
AgriTrust-ACFL,30,0,1,False,0.30306538939476013,0.6453221100741162,0.2241421937942505,1.0,9.0,0.4432444178518403,0.6266347893893736,1.170250654220581,True,False,2949.551790816812,1.9147464632987976,0.5485373383998748
AgriTrust-ACFL,30,1,2,False,0.5851939618587494,0.8111345614755788,0.4207499623298645,1.0,9.0,0.6694002624279599,0.6848895557799699,0.9378980398178101,True,False,5632.594084580013,1.9147464632987976,0.5485373383998748
AgriTrust-ACFL,30,3,0,False,0.7921267151832581,0.4981870409429365,0.8179789185523987,1.0,9.0,0.6933139097391121,0.611837591444254,1.5033142566680908,True,False,16094.999680532545,1.9147464632987976,0.5485373383998748
AgriTrust-ACFL,30,4,2,False,0.8975697159767151,0.6703207386232531,0.8039367198944092,1.0,9.0,0.8293854888341188,0.7174766167770775,0.5200427770614624,True,False,224.61225244526736,1.9147464632987976,0.5485373383998748
AgriTrust-ACFL,30,5,0,False,0.9022330641746521,0.37294339478102695,0.8039367198944092,1.0,9.0,0.6890337760848418,0.5892301638843902,0.29483985900878906,True,False,271.6351055507039,1.9147464632987976,0.5485373383998748
AgriTrust-ACFL,30,6,2,False,0.5234001073986292,0.9334914656861045,0.2241421937942505,1.0,9.0,0.6749954354329204,0.6871428850061003,0.7165435552597046,True,False,287.19384952070675,1.9147464632987976,0.5485373383998748
AgriTrust-ACFL,30,7,2,False,0.8442674279212952,0.6529535234454169,0.6625806093215942,1.0,9.0,0.8007409083544423,0.7275039551362117,1.157010555267334,True,False,2767.3273681349096,1.9147464632987976,0.5485373383998748
AgriTrust-ACFL,30,8,1,False,0.711777925491333,1.0,0.8179789185523987,1.0,9.0,0.7982567486467018,0.5862317955024565,0.765898585319519,True,False,9833.127457125336,1.9147464632987976,0.5485373383998748
AgriTrust-ACFL,30,9,2,False,0.6036081537604332,0.77042462079148,0.4207499623298645,1.0,9.0,0.6727135791626128,0.7202039544524708,0.5950358510017395,True,False,317.9950013022544,1.9147464632987976,0.5485373383998748
AgriTrust-ACFL,31,0,2,False,0.47937448136508465,0.6319979887466531,0.45457255840301514,1.0,8.0,0.5668279192204927,0.6116830718471533,1.2124921083450317,True,False,1835.842708074844,2.0913857966661453,0.5498307346319091
AgriTrust-ACFL,31,1,1,False,0.6712734699249268,0.9045096218115289,0.37414583563804626,1.0,8.0,0.7458676470279781,0.7001340785919721,0.9049217700958252,True,False,9030.288913640014,2.0913857966661453,0.5498307346319091
AgriTrust-ACFL,31,3,1,False,0.5482444688677788,0.4872417525958476,0.7874355316162109,1.0,8.0,0.5625152665498246,0.5995070102206467,1.4992601871490479,True,False,10055.798556417702,2.0913857966661453,0.5498307346319091
AgriTrust-ACFL,31,4,2,False,0.7225030362606049,0.48757944317198704,0.5079842805862427,1.0,8.0,0.6690515310740646,0.7053703453513243,0.4639236032962799,True,False,220.82227960145954,2.0913857966661453,0.5498307346319091
AgriTrust-ACFL,31,6,2,False,0.5057295700535178,0.7902238927088578,0.39928948879241943,1.0,8.0,0.6300706859398932,0.6728748352395486,0.6880037188529968,True,False,281.2304666100729,2.0913857966661453,0.5498307346319091
AgriTrust-ACFL,31,7,0,False,0.5992998778820038,0.6620361721527533,0.45457255840301514,1.0,8.0,0.6659354527595425,0.7121118295420444,1.1674035787582397,True,False,6662.518277195368,2.0913857966661453,0.5498307346319091
AgriTrust-ACFL,31,8,2,False,0.5205199737101793,0.9045096218115289,0.7874355316162109,1.0,8.0,0.6521051686223135,0.6027001387824208,0.7681868672370911,True,False,6446.011463757114,2.0913857966661453,0.5498307346319091
AgriTrust-ACFL,31,9,1,False,0.6921944916248322,0.6787092369766421,0.5079842805862427,1.0,8.0,0.6982749283074912,0.7147216979162259,0.6076768040657043,True,False,494.9191692306002,2.0913857966661453,0.5498307346319091
AgriTrust-ACFL,32,1,1,False,0.7460866719484329,0.6703206278897872,0.4207621216773987,1.0,7.0,0.7225401361805219,0.7057355929891095,1.211726188659668,True,False,9102.536922852467,1.9107979536056519,0.5417607464262544
AgriTrust-ACFL,32,2,1,False,0.6742552220821381,0.4569292605043985,0.4207621216773987,1.0,7.0,0.6306436628435993,0.6764284780344626,1.8842693567276,True,False,5305.54234372751,1.9107979536056519,0.5417607464262544
AgriTrust-ACFL,32,3,1,False,0.47867927327752113,0.6973678079999236,0.4755844473838806,1.0,7.0,0.5813507452741621,0.5949679439840255,0.5045872926712036,True,False,9979.662773296666,1.9107979536056519,0.5417607464262544
AgriTrust-ACFL,32,4,2,False,0.46043068915605545,0.743245109782233,0.26409250497817993,1.0,7.0,0.5926033380556718,0.6771785935274112,0.5430170893669128,True,False,211.99660817262392,1.9107979536056519,0.5417607464262544
AgriTrust-ACFL,32,5,1,False,0.8068951964378357,0.4088508411856115,0.3903456926345825,1.0,7.0,0.666102738822956,0.6084483076190317,0.2727603614330292,True,False,178.8512978522234,1.9107979536056519,0.5417607464262544
AgriTrust-ACFL,32,6,1,False,0.6955948919057846,1.0,0.31563180685043335,1.0,7.0,0.8057589675457817,0.7060958683161068,0.7643191814422607,True,False,462.83294827687104,1.9107979536056519,0.5417607464262544
AgriTrust-ACFL,32,8,2,False,0.36127305030822754,0.5797478749514494,0.4755844473838806,1.0,7.0,0.4668038470162356,0.5687260658408745,1.4322972297668457,True,False,6082.651229438689,1.9107979536056519,0.5417607464262544
AgriTrust-ACFL,33,0,1,False,0.8486104607582092,0.4337216737985858,0.8842151761054993,1.0,9.0,0.6931357039899929,0.6320462298828632,1.6529755592346191,True,False,2975.0232843705367,1.8138021230697632,0.5324355700368483
AgriTrust-ACFL,33,1,5,False,0.40002334117889404,0.8057291218473505,0.1809314638376236,1.0,9.0,0.5419344354319088,0.6647853035998093,0.8976837396621704,True,False,1417.332581044765,1.8138021230697632,0.5324355700368483
AgriTrust-ACFL,33,2,0,False,0.8626798391342163,0.44448488660978025,0.8842151761054993,1.0,9.0,0.716226484206894,0.6863779795775704,1.6135125160217285,True,False,8443.135526783693,1.8138021230697632,0.5324355700368483
AgriTrust-ACFL,33,3,1,False,0.28682611882686615,0.795659849597944,0.7290433645248413,1.0,9.0,0.4563348514527585,0.5603096708512088,0.5791521668434143,True,False,9398.324095023932,1.8138021230697632,0.5324355700368483
AgriTrust-ACFL,33,4,2,False,0.770035982131958,0.702282930484181,0.7819454073905945,1.0,9.0,0.7730700086854496,0.7011514473169207,0.5120947360992432,True,False,219.5015171289472,1.8138021230697632,0.5324355700368483
AgriTrust-ACFL,33,5,0,False,0.5761106908321381,0.36333114749231676,0.2605341672897339,1.0,9.0,0.5341846229194932,0.589882386444147,0.2674369215965271,True,False,271.9357801507518,1.8138021230697632,0.5324355700368483
AgriTrust-ACFL,33,7,2,False,0.807939350605011,0.6260636305015298,0.5256219506263733,1.0,9.0,0.7718042711732839,0.7270349399498542,1.1511496305465698,True,False,2765.543297337611,1.8138021230697632,0.5324355700368483
AgriTrust-ACFL,33,8,2,False,0.35185597836971283,0.6703207260511165,0.7290433645248413,1.0,9.0,0.4805500468369415,0.5466820610898913,0.48911306262016296,True,False,5846.885716560233,1.8138021230697632,0.5324355700368483
AgriTrust-ACFL,33,9,1,False,0.8199016153812408,1.0,0.7819454073905945,1.0,9.0,0.8609239759229254,0.7512722674179007,0.7255208492279053,True,False,520.2291291008748,1.8138021230697632,0.5324355700368483
AgriTrust-ACFL,34,0,2,False,0.8132880926132202,0.5477466895579381,0.8767558336257935,1.0,9.0,0.7262291537705585,0.655591960854787,1.6828259229660034,True,False,1967.6263349470205,2.118419110774994,0.5635570519725471
AgriTrust-ACFL,34,1,1,False,0.8005190491676331,0.9539681353767032,0.6216951608657837,1.0,9.0,0.8349446299966218,0.7073251351990124,0.8941270112991333,True,False,9123.03874648133,2.118419110774994,0.5635570519725471
AgriTrust-ACFL,34,2,2,False,0.8308816254138947,0.5687475280538874,0.8767558336257935,1.0,9.0,0.7554371904309933,0.7036427822909261,1.6121858358383179,True,False,3519.0677006784636,2.118419110774994,0.5635570519725471
AgriTrust-ACFL,34,3,5,False,0.22628110647201538,1.0,0.707298755645752,1.0,9.0,0.4289747045171642,0.5274759292676976,0.8473676443099976,False,False,0.0,2.118419110774994,0.5635570519725471
AgriTrust-ACFL,34,4,0,False,0.8354523777961731,0.5848521753667568,0.648703932762146,1.0,9.0,0.7653408568187631,0.7171987996923813,0.4597805142402649,True,False,552.2430757631336,2.118419110774994,0.5635570519725471
AgriTrust-ACFL,34,5,0,False,0.6704163104295731,0.37050043554856155,0.29538780450820923,1.0,9.0,0.5840478914742953,0.5884237627016841,0.2732602059841156,True,False,271.26335460547637,2.118419110774994,0.5635570519725471
AgriTrust-ACFL,34,7,2,False,0.6680018901824951,0.8427565490352471,0.35927706956863403,1.0,9.0,0.7599791675221254,0.7352709968429221,1.0298091173171997,True,False,2796.872151957288,2.118419110774994,0.5635570519725471
AgriTrust-ACFL,34,8,1,False,0.274636834859848,0.6703206341380703,0.707298755645752,1.0,9.0,0.41932931433275494,0.5148438744006072,0.5371164083480835,False,False,0.0,2.118419110774994,0.5635570519725471
AgriTrust-ACFL,34,9,1,False,0.874315083026886,0.856200790483961,0.648703932762146,1.0,9.0,0.8513064339669372,0.7762808090551598,0.7099396586418152,True,False,537.5466481951838,2.118419110774994,0.5635570519725471
AgriTrust-ACFL,35,0,0,False,0.6652020215988159,0.6747531235945158,0.5804281234741211,1.0,10.0,0.6922026419472552,0.664744631127904,1.0502336025238037,True,False,4907.1448669861875,2.0169462263584137,0.5459472986739348
AgriTrust-ACFL,35,1,1,False,0.43054282665252686,0.6659180433631658,0.30561333894729614,1.0,10.0,0.532940012573481,0.6637288545426295,1.0597310066223145,True,False,8560.736436216686,2.0169462263584137,0.5459472986739348
AgriTrust-ACFL,35,2,0,False,0.6465334743261337,0.8638276604983837,0.5804281234741211,1.0,10.0,0.7459833942704599,0.7142279352858096,0.8871748447418213,True,False,8785.717831950744,2.0169462263584137,0.5459472986739348
AgriTrust-ACFL,35,3,0,False,0.5357908271253109,0.49835477724002647,0.7928552627563477,1.0,10.0,0.5592218227462521,0.5354124026373362,1.2917444705963135,False,False,0.0,2.0169462263584137,0.5459472986739348
AgriTrust-ACFL,35,4,0,False,0.7760899066925049,0.5086204038687844,0.8676753044128418,1.0,10.0,0.7047805068262667,0.7140942264758526,0.5058783292770386,True,False,549.8525543864065,2.0169462263584137,0.5459472986739348
AgriTrust-ACFL,35,5,0,False,0.7657631933689117,0.2295540253120533,0.8676753044128418,1.0,10.0,0.5443018010344538,0.5773932722848765,0.29380151629447937,True,False,266.17829852332807,2.0169462263584137,0.5459472986739348
AgriTrust-ACFL,35,6,1,False,0.5474655404686928,0.8638276604983837,0.3935893774032593,1.0,10.0,0.6759794630286281,0.6985667669942371,0.7263821363449097,True,False,457.8977598427756,2.0169462263584137,0.5459472986739348
AgriTrust-ACFL,35,7,1,False,0.7462045252323151,0.7926537542186182,0.21797367930412292,1.0,10.0,0.7929762969858021,0.7496973218786421,0.9408403038978577,True,False,4472.431068502046,2.0169462263584137,0.5459472986739348
AgriTrust-ACFL,35,8,1,False,0.45723169669508934,0.7452646224662739,0.7928552627563477,1.0,10.0,0.5729559693831586,0.5293718981462451,0.6567071676254272,False,False,0.0,2.0169462263584137,0.5459472986739348
AgriTrust-ACFL,35,9,0,False,0.5921182483434677,0.4862583571438523,0.30561333894729614,1.0,10.0,0.5798032070345066,0.7271614085499966,0.490578830242157,True,False,789.6972896852963,2.0169462263584137,0.5459472986739348
AgriTrust-ACFL,36,0,1,False,0.6462385803461075,0.6412398623851001,0.4482899308204651,1.0,8.0,0.6709459903807156,0.666294970941107,1.019748330116272,True,False,3136.231115841244,1.758701577782631,0.5432277989553577
AgriTrust-ACFL,36,2,0,False,0.5852246731519699,0.9863343098796473,0.29582470655441284,1.0,8.0,0.7348702348365787,0.7193885101735018,0.6953917145729065,True,False,8849.198063644246,1.758701577782631,0.5432277989553577
AgriTrust-ACFL,36,3,0,False,0.632076770067215,0.4326115009865406,0.7881850004196167,1.0,8.0,0.5869862751958445,0.5483058707769632,1.4168696403503418,True,False,14423.734236658795,1.758701577782631,0.5432277989553577
AgriTrust-ACFL,36,4,0,False,0.7289720922708511,0.7007206910147017,0.824177086353302,1.0,8.0,0.7496155887392993,0.7229745670417144,0.5225743055343628,True,False,556.6904166221201,1.758701577782631,0.5432277989553577
AgriTrust-ACFL,36,5,0,False,0.7763848006725311,0.35154986445326286,0.824177086353302,1.0,8.0,0.6232478271866172,0.5888569110103117,0.29363828897476196,True,False,271.4630359757537,1.758701577782631,0.5432277989553577
AgriTrust-ACFL,36,6,3,False,0.49459385965019464,0.9863343098796473,0.4482899308204651,1.0,8.0,0.6652014307602672,0.6902254329357447,0.7115695476531982,True,False,183.94437933056898,1.758701577782631,0.5432277989553577
AgriTrust-ACFL,36,7,3,False,0.7195763289928436,0.5531506586744209,0.40095609426498413,1.0,8.0,0.6977641050312086,0.7367140176667837,1.1537843942642212,True,False,1786.8643981430353,1.758701577782631,0.5432277989553577
AgriTrust-ACFL,36,8,2,False,0.5514757111668587,0.9355046053856166,0.7881850004196167,1.0,8.0,0.67999607937605,0.5670279434536962,0.6653145551681519,True,False,6064.489434426119,1.758701577782631,0.5432277989553577
AgriTrust-ACFL,37,0,1,False,0.5684012174606323,0.6703212203785367,0.3279705047607422,1.0,9.0,0.6335931354936191,0.658119512079235,0.8573224544525146,True,False,3097.7494679418646,1.7057904601097107,0.5330875505491812
AgriTrust-ACFL,37,2,1,False,0.5550201833248138,0.9512933034550403,0.231562077999115,1.0,9.0,0.7060575943631585,0.716055781220916,0.7020432949066162,True,False,5616.357665451362,1.7057904601097107,0.5330875505491812
AgriTrust-ACFL,37,3,3,False,0.6658225655555725,1.0,0.8731957077980042,1.0,9.0,0.7766445565491068,0.6053905422199991,0.6823161840438843,True,False,4128.505781098471,1.7057904601097107,0.5330875505491812
AgriTrust-ACFL,37,4,2,False,0.8143389225006104,0.5822753116144048,0.6249985694885254,1.0,9.0,0.7536427051834993,0.7306416015771606,0.5010946989059448,True,False,228.7336646560755,1.7057904601097107,0.5330875505491812
AgriTrust-ACFL,37,5,0,False,0.6280747950077057,0.2011042516758432,0.3959876298904419,1.0,9.0,0.4690886832746517,0.5589148540763966,0.27313360571861267,True,False,257.65974772921885,1.7057904601097107,0.5330875505491812
AgriTrust-ACFL,37,6,0,False,0.4397432170808315,0.8282497068135781,0.3279705047607422,1.0,9.0,0.591721099718112,0.6655993496313365,0.7598005533218384,True,False,684.236131421014,1.7057904601097107,0.5330875505491812
AgriTrust-ACFL,37,7,2,False,0.7932573556900024,0.3653578790660082,0.6249985694885254,1.0,9.0,0.6500647533241916,0.7150517015811356,1.2122385501861572,True,False,2719.9606674941338,1.7057904601097107,0.5330875505491812
AgriTrust-ACFL,37,8,3,False,0.632061094045639,0.9722442102956741,0.8731957077980042,1.0,9.0,0.7414864301605113,0.6106425651303999,0.6714408993721008,True,False,4164.322341543137,1.7057904601097107,0.5330875505491812
AgriTrust-ACFL,37,9,2,False,0.6431517601013184,0.6483087328300704,0.3959876298904419,1.0,9.0,0.661458817919339,0.7107357608923321,0.5327823758125305,True,False,313.81446576801784,1.7057904601097107,0.5330875505491812
AgriTrust-ACFL,38,0,2,False,0.5628594979643822,1.0,0.32373377680778503,1.0,7.0,0.7105347498509065,0.6712233215221528,0.8906874656677246,True,False,2014.5406943910598,2.2267186641693115,0.5327732450329513
AgriTrust-ACFL,38,1,2,False,0.6284143626689911,0.8115554938183852,0.33788633346557617,1.0,7.0,0.6962639655688951,0.671862632299196,0.9647542238235474,True,False,5525.459479417986,2.2267186641693115,0.5327732450329513
AgriTrust-ACFL,38,3,2,False,0.6701630055904388,0.297140277435706,0.8532381057739258,1.0,7.0,0.541580260972157,0.5894379719080386,1.4169349670410156,True,False,6304.169651874955,2.2267186641693115,0.5327732450329513
AgriTrust-ACFL,38,4,1,False,0.5841270387172699,0.22015696598445747,0.17927519977092743,1.0,7.0,0.4689028587890033,0.6652069158801213,0.49920639395713806,True,False,326.59908528836985,2.2267186641693115,0.5327732450329513
AgriTrust-ACFL,38,6,0,False,0.6179980710148811,0.41749440236382407,0.32373377680778503,1.0,7.0,0.5809613612631962,0.6444398525393014,0.6376772522926331,True,False,662.4841684104018,2.2267186641693115,0.5327732450329513
AgriTrust-ACFL,38,7,1,False,0.5581623129546642,0.9126464106462359,0.13428035378456116,1.0,7.0,0.7051351462153401,0.7125725627396867,0.9223846197128296,True,False,4250.957786767959,2.2267186641693115,0.5327732450329513
AgriTrust-ACFL,38,8,0,False,0.679097518324852,0.6703217982273697,0.8532381057739258,1.0,7.0,0.6899232762827275,0.6304627429184818,0.7643073797225952,True,False,16584.952915213584,2.2267186641693115,0.5327732450329513
AgriTrust-ACFL,39,0,1,False,0.6702889800071716,0.6397781816050554,0.8230546712875366,1.0,9.0,0.6840979585632353,0.6744419807824235,1.1629053354263306,True,False,3174.5788550254556,1.977548897266388,0.5394782457958315
AgriTrust-ACFL,39,1,1,False,0.7820151150226593,0.6703208229516358,0.6083730459213257,1.0,9.0,0.741474535331993,0.6892656080573952,1.1170430183410645,True,False,8890.10800832829,1.977548897266388,0.5394782457958315
AgriTrust-ACFL,39,2,0,False,0.6822644919157028,0.3731649415240109,0.8230546712875366,1.0,9.0,0.5973381373993576,0.6863763702655263,1.851610779762268,True,False,8443.11573063624,1.977548897266388,0.5394782457958315
AgriTrust-ACFL,39,3,1,False,0.37971413880586624,1.0,0.9079275131225586,1.0,9.0,0.5702645106865983,0.5846446066026785,0.7910195589065552,True,False,9806.504829574615,1.977548897266388,0.5394782457958315
AgriTrust-ACFL,39,4,1,False,0.7694148421287537,0.5875830211718174,0.6083730459213257,1.0,9.0,0.7324756804263477,0.6820241070166779,0.499966561794281,True,False,334.8558834532719,1.977548897266388,0.5394782457958315
AgriTrust-ACFL,39,5,0,False,0.7610826790332794,0.2901356399010259,0.26703041791915894,1.0,9.0,0.5819560188949028,0.5646751452810231,0.2719701826572418,True,False,260.31524197455167,1.977548897266388,0.5394782457958315
AgriTrust-ACFL,39,6,2,False,0.6259682923555374,0.8900835496129699,0.34421128034591675,1.0,9.0,0.7342469531424324,0.6668916276900841,0.7154120802879333,True,False,278.72976341411857,1.977548897266388,0.5394782457958315
AgriTrust-ACFL,39,7,3,False,0.4215577691793442,0.6939898572447813,0.19956277310848236,1.0,9.0,0.5565967385353666,0.6735786066886067,1.0840946435928345,True,False,1633.732496979646,1.977548897266388,0.5394782457958315
AgriTrust-ACFL,39,8,1,False,0.37746500223875046,0.9856506043688056,0.9079275131225586,1.0,9.0,0.5607279357186782,0.6130290411185308,0.781216561794281,True,False,10282.609613610735,1.977548897266388,0.5394782457958315
AgriTrust-ACFL,40,0,1,False,0.8080247342586517,0.4708020464756437,0.8295719623565674,1.0,7.0,0.6915130590916428,0.6787097503597282,1.8801485300064087,True,False,3194.667122725689,2.004503756761551,0.5435878483858418
AgriTrust-ACFL,40,1,1,False,0.7753194570541382,0.7147107495940577,0.32422393560409546,1.0,7.0,0.7523095349271839,0.7050265897748423,1.1724450588226318,True,False,9093.392240339072,2.004503756761551,0.5435878483858418
AgriTrust-ACFL,40,2,0,False,0.8111491799354553,0.6703206385461171,0.8295719623565674,1.0,7.0,0.783188226930009,0.710579334431647,1.2606579065322876,True,False,8740.83639284369,2.004503756761551,0.5435878483858418
AgriTrust-ACFL,40,3,1,False,0.4064883589744568,0.6458930694481662,0.5824768543243408,1.0,7.0,0.5192778184585022,0.5683029095666344,0.4889870285987854,True,False,9532.398254233674,2.004503756761551,0.5435878483858418
AgriTrust-ACFL,40,5,0,False,0.5171207580715418,0.37631752931721196,0.16560684144496918,1.0,7.0,0.5087029405077114,0.5506820940876952,0.26538851857185364,True,False,253.86444537442748,2.004503756761551,0.5435878483858418
AgriTrust-ACFL,40,6,1,False,0.6867593377828598,0.9600393791190756,0.305192768573761,1.0,7.0,0.7903844107913354,0.697764823465397,0.7656496167182922,True,False,457.37210050321625,2.004503756761551,0.5435878483858418
AgriTrust-ACFL,40,8,2,False,0.2800249755382538,1.0,0.5824768543243408,1.0,7.0,0.47787172861977256,0.5792397129938412,0.8018015027046204,True,False,6195.097014188022,2.004503756761551,0.5435878483858418
